account_id,created_at,device_id,ip_subnet,payment_token,billing_address_hash,is_ring_member,ring_id
acc_00000,2026-06-02 00:00:00,unknown_device,unknown,13926,315.0,False,
acc_00001,2026-06-02 00:00:01,unknown_device,unknown,2755,325.0,False,
acc_00002,2026-06-02 00:01:09,unknown_device,unknown,4663,330.0,False,
acc_00003,2026-06-02 00:01:39,unknown_device,unknown,18132,476.0,False,
acc_00004,2026-06-02 00:01:46,SAMSUNG SM-G892A Build/NRD90M,unknown,4497,420.0,False,
acc_00005,2026-06-02 00:01:50,unknown_device,unknown,5937,272.0,False,
acc_00006,2026-06-02 00:02:02,unknown_device,unknown,12308,126.0,False,
acc_00007,2026-06-02 00:02:09,unknown_device,unknown,12695,325.0,False,
acc_00008,2026-06-02 00:02:15,iOS Device,unknown,2803,337.0,False,
acc_00009,2026-06-02 00:02:16,unknown_device,unknown,17399,204.0,False,
acc_00010,2026-06-02 00:02:29,Windows,unknown,16496,-1.0,False,
acc_00011,2026-06-02 00:02:35,unknown_device,unknown,4461,-1.0,False,
acc_00012,2026-06-02 00:02:44,unknown_device,unknown,3786,204.0,False,
acc_00013,2026-06-02 00:03:05,unknown_device,unknown,12866,330.0,False,
acc_00014,2026-06-02 00:03:16,unknown_device,unknown,11839,226.0,False,
acc_00015,2026-06-02 00:03:38,unknown_device,unknown,7055,315.0,False,
acc_00016,2026-06-02 00:03:40,MacOS,unknown,1790,170.0,False,
acc_00017,2026-06-02 00:04:28,Windows,unknown,11492,204.0,False,
acc_00018,2026-06-02 00:05:25,unknown_device,unknown,4663,184.0,False,
acc_00019,2026-06-02 00:05:30,unknown_device,unknown,7005,264.0,False,
acc_00020,2026-06-02 00:06:01,unknown_device,unknown,7875,299.0,False,
acc_00021,2026-06-02 00:06:09,unknown_device,unknown,11401,204.0,False,
acc_00022,2026-06-02 00:06:26,unknown_device,unknown,1724,299.0,False,
acc_00023,2026-06-02 00:06:48,unknown_device,unknown,2392,126.0,False,
acc_00024,2026-06-02 00:07:01,unknown_device,unknown,10112,264.0,False,
acc_00025,2026-06-02 00:09:04,unknown_device,unknown,15385,441.0,False,
acc_00026,2026-06-02 00:09:05,unknown_device,unknown,17868,472.0,False,
acc_00027,2026-06-02 00:09:32,unknown_device,unknown,11307,337.0,False,
acc_00028,2026-06-02 00:09:33,unknown_device,unknown,8431,251.0,False,
acc_00029,2026-06-02 00:09:39,unknown_device,unknown,12932,204.0,False,
acc_00030,2026-06-02 00:09:54,unknown_device,unknown,13276,126.0,False,
acc_00031,2026-06-02 00:09:58,unknown_device,unknown,6573,315.0,False,
acc_00032,2026-06-02 00:10:08,unknown_device,unknown,7835,472.0,False,
acc_00033,2026-06-02 00:11:18,unknown_device,unknown,8613,264.0,False,
acc_00034,2026-06-02 00:12:15,unknown_device,unknown,17359,469.0,False,
acc_00035,2026-06-02 00:12:20,unknown_device,unknown,9766,226.0,False,
acc_00036,2026-06-02 00:12:29,unknown_device,unknown,4806,315.0,False,
acc_00037,2026-06-02 00:12:41,unknown_device,unknown,13249,264.0,False,
acc_00038,2026-06-02 00:12:52,unknown_device,unknown,5463,330.0,False,
acc_00039,2026-06-02 00:13:22,unknown_device,unknown,12598,299.0,False,
acc_00040,2026-06-02 00:13:29,Windows,unknown,13329,-1.0,False,
acc_00041,2026-06-02 00:13:40,unknown_device,unknown,9002,264.0,False,
acc_00042,2026-06-02 00:13:53,unknown_device,unknown,13085,330.0,False,
acc_00043,2026-06-02 00:14:08,unknown_device,unknown,10776,420.0,False,
acc_00044,2026-06-02 00:14:26,unknown_device,unknown,9281,472.0,False,
acc_00045,2026-06-02 00:14:35,unknown_device,unknown,16132,299.0,False,
acc_00046,2026-06-02 00:14:45,unknown_device,unknown,12544,441.0,False,
acc_00047,2026-06-02 00:14:45,unknown_device,unknown,4208,126.0,False,
acc_00048,2026-06-02 00:15:17,Windows,unknown,15885,-1.0,False,
acc_00049,2026-06-02 00:15:17,Windows,unknown,12730,-1.0,False,
acc_00050,2026-06-02 00:15:19,unknown_device,unknown,10045,299.0,False,
acc_00051,2026-06-02 00:15:33,unknown_device,unknown,7826,126.0,False,
acc_00052,2026-06-02 00:15:49,unknown_device,unknown,18018,264.0,False,
acc_00053,2026-06-02 00:16:41,unknown_device,unknown,18370,191.0,False,
acc_00054,2026-06-02 00:16:53,unknown_device,unknown,3670,420.0,False,
acc_00055,2026-06-02 00:17:20,unknown_device,unknown,1955,315.0,False,
acc_00056,2026-06-02 00:17:25,SM-G930V Build/NRD90M,unknown,11839,204.0,False,
acc_00057,2026-06-02 00:18:52,unknown_device,unknown,16659,299.0,False,
acc_00058,2026-06-02 00:19:17,unknown_device,unknown,9785,485.0,False,
acc_00059,2026-06-02 00:19:41,unknown_device,unknown,2213,184.0,False,
acc_00060,2026-06-02 00:20:01,unknown_device,unknown,18132,204.0,False,
acc_00061,2026-06-02 00:20:04,unknown_device,unknown,17967,184.0,False,
acc_00062,2026-06-02 00:20:11,unknown_device,unknown,3278,122.0,False,
acc_00063,2026-06-02 00:20:50,unknown_device,unknown,17188,299.0,False,
acc_00064,2026-06-02 00:21:00,Windows,unknown,15333,315.0,False,
acc_00065,2026-06-02 00:21:04,unknown_device,unknown,1240,485.0,False,
acc_00066,2026-06-02 00:21:07,unknown_device,unknown,14076,-1.0,False,
acc_00067,2026-06-02 00:22:15,iOS Device,unknown,3682,325.0,False,
acc_00068,2026-06-02 00:22:16,unknown_device,unknown,1662,472.0,False,
acc_00069,2026-06-02 00:22:32,BLADE A602 Build/MRA58K,unknown,13832,-1.0,False,
acc_00070,2026-06-02 00:23:07,unknown_device,unknown,18132,441.0,False,
acc_00071,2026-06-02 00:23:45,unknown_device,unknown,14858,220.0,False,
acc_00072,2026-06-02 00:23:59,unknown_device,unknown,4504,-1.0,False,
acc_00073,2026-06-02 00:24:16,unknown_device,unknown,7207,204.0,False,
acc_00074,2026-06-02 00:24:59,unknown_device,unknown,15066,325.0,False,
acc_00075,2026-06-02 00:25:24,unknown_device,unknown,14695,315.0,False,
acc_00076,2026-06-02 00:25:28,Windows,unknown,5583,-1.0,False,
acc_00077,2026-06-02 00:25:50,unknown_device,unknown,11815,476.0,False,
acc_00078,2026-06-02 00:26:44,unknown_device,unknown,1549,205.0,False,
acc_00079,2026-06-02 00:27:01,unknown_device,unknown,18095,387.0,False,
acc_00080,2026-06-02 00:27:33,unknown_device,unknown,14165,181.0,False,
acc_00081,2026-06-02 00:27:34,unknown_device,unknown,6481,337.0,False,
acc_00082,2026-06-02 00:27:50,Windows,unknown,5220,231.0,False,
acc_00083,2026-06-02 00:28:27,unknown_device,unknown,5409,315.0,False,
acc_00084,2026-06-02 00:28:40,unknown_device,unknown,2538,330.0,False,
acc_00085,2026-06-02 00:28:51,unknown_device,unknown,15121,420.0,False,
acc_00086,2026-06-02 00:29:07,unknown_device,unknown,2581,436.0,False,
acc_00087,2026-06-02 00:29:09,unknown_device,unknown,6459,325.0,False,
acc_00088,2026-06-02 00:29:22,iOS Device,unknown,1214,126.0,False,
acc_00089,2026-06-02 00:29:29,SM-G930V Build/NRD90M,unknown,16659,330.0,False,
acc_00090,2026-06-02 00:29:34,MacOS,unknown,4523,337.0,False,
acc_00091,2026-06-02 00:29:38,unknown_device,unknown,4186,325.0,False,
acc_00092,2026-06-02 00:30:30,unknown_device,unknown,12733,327.0,False,
acc_00093,2026-06-02 00:30:58,unknown_device,unknown,9500,204.0,False,
acc_00094,2026-06-02 00:31:43,unknown_device,unknown,9515,343.0,False,
acc_00095,2026-06-02 00:32:26,unknown_device,unknown,2704,299.0,False,
acc_00096,2026-06-02 00:33:00,unknown_device,unknown,1214,337.0,False,
acc_00097,2026-06-02 00:33:14,unknown_device,unknown,15497,299.0,False,
acc_00098,2026-06-02 00:33:24,Windows,unknown,12184,-1.0,False,
acc_00099,2026-06-02 00:33:30,unknown_device,unknown,11465,123.0,False,
acc_00100,2026-06-02 00:33:55,synthetic_device_ring_001,unknown,10520,299.0,True,ring_001
acc_00101,2026-06-02 00:34:00,unknown_device,unknown,9803,126.0,False,
acc_00102,2026-06-02 00:34:44,MacOS,unknown,2456,synthetic_addr_ring_005,True,ring_005
acc_00103,2026-06-02 00:35:07,unknown_device,unknown,9749,436.0,False,
acc_00104,2026-06-02 00:35:17,MacOS,unknown,1804,181.0,False,
acc_00105,2026-06-02 00:35:38,unknown_device,unknown,9500,325.0,False,
acc_00106,2026-06-02 00:35:49,unknown_device,unknown,6550,299.0,False,
acc_00107,2026-06-02 00:35:54,unknown_device,unknown,12873,299.0,False,
acc_00108,2026-06-02 00:36:19,unknown_device,unknown,11279,502.0,False,
acc_00109,2026-06-02 00:36:29,unknown_device,unknown,4106,315.0,False,
acc_00110,2026-06-02 00:36:47,unknown_device,unknown,8394,325.0,False,
acc_00111,2026-06-02 00:37:08,unknown_device,unknown,18227,325.0,False,
acc_00112,2026-06-02 00:37:18,unknown_device,unknown,8684,315.0,False,
acc_00113,2026-06-02 00:37:27,unknown_device,unknown,14349,315.0,False,
acc_00114,2026-06-02 00:37:37,unknown_device,unknown,8406,476.0,False,
acc_00115,2026-06-02 00:37:51,unknown_device,unknown,2616,330.0,False,
acc_00116,2026-06-02 00:38:08,unknown_device,unknown,2392,269.0,False,
acc_00117,2026-06-02 00:38:24,unknown_device,unknown,1675,330.0,False,
acc_00118,2026-06-02 00:38:45,Windows,unknown,16075,184.0,False,
acc_00119,2026-06-02 00:38:55,unknown_device,unknown,9026,-1.0,False,
acc_00120,2026-06-02 00:39:03,unknown_device,unknown,9992,158.0,False,
acc_00121,2026-06-02 00:39:15,MacOS,unknown,8194,272.0,False,
acc_00122,2026-06-02 00:39:38,unknown_device,unknown,1764,315.0,False,
acc_00123,2026-06-02 00:40:05,iOS Device,unknown,8260,433.0,False,
acc_00124,2026-06-02 00:40:42,iOS Device,unknown,14858,325.0,False,
acc_00125,2026-06-02 00:41:20,unknown_device,unknown,12695,330.0,False,
acc_00126,2026-06-02 00:41:37,unknown_device,unknown,12577,184.0,False,
acc_00127,2026-06-02 00:41:52,unknown_device,unknown,14605,330.0,False,
acc_00128,2026-06-02 00:42:23,unknown_device,unknown,6053,299.0,False,
acc_00129,2026-06-02 00:42:45,Windows,unknown,3334,126.0,False,
acc_00130,2026-06-02 00:43:17,unknown_device,unknown,14025,143.0,False,
acc_00131,2026-06-02 00:43:17,unknown_device,unknown,10023,325.0,False,
acc_00132,2026-06-02 00:44:55,unknown_device,unknown,15651,330.0,False,
acc_00133,2026-06-02 00:45:33,unknown_device,unknown,13641,231.0,False,
acc_00134,2026-06-02 00:45:34,unknown_device,unknown,1974,204.0,False,
acc_00135,2026-06-02 00:45:47,unknown_device,unknown,11919,264.0,False,
acc_00136,2026-06-02 00:46:09,Windows,unknown,6019,synthetic_addr_ring_006,True,ring_006
acc_00137,2026-06-02 00:46:25,unknown_device,unknown,6951,441.0,False,
acc_00138,2026-06-02 00:46:29,unknown_device,unknown,10989,126.0,False,
acc_00139,2026-06-02 00:46:51,unknown_device,unknown,3570,299.0,False,
acc_00140,2026-06-02 00:47:05,unknown_device,unknown,7063,315.0,False,
acc_00141,2026-06-02 00:47:10,iOS Device,unknown,4436,184.0,False,
acc_00142,2026-06-02 00:48:03,unknown_device,unknown,15066,204.0,False,
acc_00143,2026-06-02 00:49:32,unknown_device,unknown,14290,225.0,False,
acc_00144,2026-06-02 00:50:04,unknown_device,unknown,4348,205.0,False,
acc_00145,2026-06-02 00:50:37,unknown_device,unknown,16632,299.0,False,
acc_00146,2026-06-02 00:50:44,Z970,unknown,synthetic_token_ring_004,204.0,True,ring_004
acc_00147,2026-06-02 00:51:06,unknown_device,unknown,7508,264.0,False,
acc_00148,2026-06-02 00:51:23,unknown_device,unknown,6209,299.0,False,
acc_00149,2026-06-02 00:51:53,unknown_device,unknown,3278,272.0,False,
acc_00150,2026-06-02 00:52:22,unknown_device,unknown,16930,143.0,False,
acc_00151,2026-06-02 00:52:41,Windows,unknown,8755,-1.0,False,
acc_00152,2026-06-02 00:52:45,unknown_device,unknown,5458,-1.0,False,
acc_00153,2026-06-02 00:53:17,unknown_device,unknown,13886,264.0,False,
acc_00154,2026-06-02 00:53:20,Windows,unknown,3154,-1.0,False,
acc_00155,2026-06-02 00:53:44,unknown_device,unknown,11556,181.0,False,
acc_00156,2026-06-02 00:53:45,unknown_device,unknown,17400,269.0,False,
acc_00157,2026-06-02 00:53:53,Windows,unknown,2115,-1.0,False,
acc_00158,2026-06-02 00:54:23,iOS Device,unknown,7826,325.0,False,
acc_00159,2026-06-02 00:54:23,iOS Device,unknown,2884,325.0,False,
acc_00160,2026-06-02 00:54:59,unknown_device,unknown,11106,204.0,False,
acc_00161,2026-06-02 00:55:19,unknown_device,unknown,5254,330.0,False,
acc_00162,2026-06-02 00:56:00,unknown_device,unknown,18268,251.0,False,
acc_00163,2026-06-02 00:56:25,unknown_device,unknown,13366,337.0,False,
acc_00164,2026-06-02 00:56:33,unknown_device,unknown,1085,-1.0,False,
acc_00165,2026-06-02 00:56:33,unknown_device,unknown,6621,492.0,False,
acc_00166,2026-06-02 00:57:08,iOS Device,unknown,6019,299.0,False,
acc_00167,2026-06-02 00:57:14,unknown_device,unknown,5433,143.0,False,
acc_00168,2026-06-02 00:57:16,Windows,unknown,10876,-1.0,False,
acc_00169,2026-06-02 00:57:17,unknown_device,unknown,15451,299.0,False,
acc_00170,2026-06-02 00:57:20,SM-N920V Build/NRD90M,unknown,6019,264.0,False,
acc_00171,2026-06-02 00:57:24,unknown_device,unknown,2560,264.0,False,
acc_00172,2026-06-02 00:57:47,unknown_device,unknown,6957,272.0,False,
acc_00173,2026-06-02 00:57:58,unknown_device,unknown,5033,337.0,False,
acc_00174,2026-06-02 00:58:36,unknown_device,unknown,10057,315.0,False,
acc_00175,2026-06-02 00:58:44,unknown_device,unknown,14637,387.0,False,
acc_00176,2026-06-02 00:58:50,unknown_device,unknown,12469,330.0,False,
acc_00177,2026-06-02 00:58:51,unknown_device,unknown,10027,123.0,False,
acc_00178,2026-06-02 00:59:00,unknown_device,unknown,14290,177.0,False,
acc_00179,2026-06-02 00:59:01,unknown_device,unknown,12469,251.0,False,
acc_00180,2026-06-02 00:59:02,synthetic_device_ring_001,unknown,6832,472.0,True,ring_001
acc_00181,2026-06-02 00:59:08,unknown_device,unknown,2616,337.0,False,
acc_00182,2026-06-02 00:59:26,unknown_device,unknown,16075,264.0,False,
acc_00183,2026-06-02 00:59:29,unknown_device,unknown,9500,126.0,False,
acc_00184,2026-06-02 00:59:49,unknown_device,unknown,6755,299.0,False,
acc_00185,2026-06-02 00:59:50,unknown_device,unknown,11839,512.0,False,
acc_00186,2026-06-02 01:00:14,unknown_device,unknown,7664,264.0,False,
acc_00187,2026-06-02 01:00:34,unknown_device,unknown,18249,204.0,False,
acc_00188,2026-06-02 01:01:24,synthetic_device_ring_002,unknown,6170,315.0,True,ring_002
acc_00189,2026-06-02 01:01:25,unknown_device,unknown,4591,315.0,False,
acc_00190,2026-06-02 01:01:38,unknown_device,unknown,14502,143.0,False,
acc_00191,2026-06-02 01:01:51,unknown_device,unknown,16132,420.0,False,
acc_00192,2026-06-02 01:02:27,unknown_device,unknown,13734,337.0,False,
acc_00193,2026-06-02 01:02:36,unknown_device,unknown,14290,315.0,False,
acc_00194,2026-06-02 01:02:58,unknown_device,unknown,10616,204.0,False,
acc_00195,2026-06-02 01:03:13,Redmi Note 4 Build/MMB29M,unknown,13413,-1.0,False,
acc_00196,2026-06-02 01:03:52,unknown_device,unknown,5567,315.0,False,
acc_00197,2026-06-02 01:04:04,unknown_device,unknown,2019,299.0,False,
acc_00198,2026-06-02 01:04:54,unknown_device,unknown,9175,126.0,False,
acc_00199,2026-06-02 01:05:08,unknown_device,unknown,15757,310.0,False,
acc_00200,2026-06-02 01:05:25,iOS Device,unknown,11660,181.0,False,
acc_00201,2026-06-02 01:05:27,unknown_device,unknown,12544,337.0,False,
acc_00202,2026-06-02 01:05:32,unknown_device,unknown,7861,327.0,False,
acc_00203,2026-06-02 01:06:10,unknown_device,unknown,4184,485.0,False,
acc_00204,2026-06-02 01:06:32,unknown_device,unknown,17598,330.0,False,
acc_00205,2026-06-02 01:07:21,unknown_device,unknown,9653,299.0,False,
acc_00206,2026-06-02 01:07:25,unknown_device,unknown,18320,512.0,False,
acc_00207,2026-06-02 01:08:00,unknown_device,unknown,16346,-1.0,False,
acc_00208,2026-06-02 01:08:07,unknown_device,unknown,10882,327.0,False,
acc_00209,2026-06-02 01:08:12,unknown_device,unknown,10049,191.0,False,
acc_00210,2026-06-02 01:08:24,Windows,unknown,9300,-1.0,False,
acc_00211,2026-06-02 01:08:35,unknown_device,unknown,15066,264.0,False,
acc_00212,2026-06-02 01:08:45,unknown_device,unknown,1804,123.0,False,
acc_00213,2026-06-02 01:09:41,iOS Device,unknown,17400,123.0,False,
acc_00214,2026-06-02 01:09:53,unknown_device,unknown,12577,325.0,False,
acc_00215,2026-06-02 01:10:08,unknown_device,unknown,12839,264.0,False,
acc_00216,2026-06-02 01:10:10,unknown_device,unknown,4921,184.0,False,
acc_00217,2026-06-02 01:10:35,Windows,unknown,9596,184.0,False,
acc_00218,2026-06-02 01:10:52,unknown_device,unknown,11204,272.0,False,
acc_00219,2026-06-02 01:10:55,iOS Device,unknown,15063,299.0,False,
acc_00220,2026-06-02 01:11:55,unknown_device,unknown,10112,512.0,False,
acc_00221,2026-06-02 01:12:05,unknown_device,unknown,10486,191.0,False,
acc_00222,2026-06-02 01:13:25,unknown_device,unknown,3821,315.0,False,
acc_00223,2026-06-02 01:13:29,unknown_device,unknown,5653,204.0,False,
acc_00224,2026-06-02 01:13:35,Windows,unknown,5017,330.0,False,
acc_00225,2026-06-02 01:13:48,unknown_device,unknown,2884,512.0,False,
acc_00226,2026-06-02 01:13:55,unknown_device,unknown,5345,325.0,False,
acc_00227,2026-06-02 01:14:47,Windows,unknown,7698,-1.0,False,
acc_00228,2026-06-02 01:15:46,unknown_device,unknown,7585,204.0,False,
acc_00229,2026-06-02 01:16:13,unknown_device,unknown,7794,-1.0,False,
acc_00230,2026-06-02 01:16:26,unknown_device,unknown,16578,-1.0,False,
acc_00231,2026-06-02 01:16:51,unknown_device,unknown,15268,433.0,False,
acc_00232,2026-06-02 01:16:51,unknown_device,unknown,14280,315.0,False,
acc_00233,2026-06-02 01:17:14,unknown_device,unknown,3090,181.0,False,
acc_00234,2026-06-02 01:17:41,unknown_device,unknown,8691,476.0,False,
acc_00235,2026-06-02 01:18:49,unknown_device,unknown,6530,308.0,False,
acc_00236,2026-06-02 01:19:05,unknown_device,unknown,9803,420.0,False,
acc_00237,2026-06-02 01:19:20,unknown_device,unknown,2647,143.0,False,
acc_00238,2026-06-02 01:19:32,unknown_device,unknown,15742,204.0,False,
acc_00239,2026-06-02 01:19:48,Lenovo PB1-750M Build/S100,unknown,9633,-1.0,False,
acc_00240,2026-06-02 01:20:20,unknown_device,unknown,11106,337.0,False,
acc_00241,2026-06-02 01:20:44,unknown_device,unknown,8528,251.0,False,
acc_00242,2026-06-02 01:22:10,unknown_device,unknown,12581,418.0,False,
acc_00243,2026-06-02 01:22:13,unknown_device,unknown,5033,441.0,False,
acc_00244,2026-06-02 01:22:19,unknown_device,unknown,1974,494.0,False,
acc_00245,2026-06-02 01:22:19,unknown_device,unknown,7585,472.0,False,
acc_00246,2026-06-02 01:22:23,MacOS,unknown,16984,264.0,False,
acc_00247,2026-06-02 01:22:26,unknown_device,unknown,10057,181.0,False,
acc_00248,2026-06-02 01:22:33,unknown_device,unknown,3682,512.0,False,
acc_00249,2026-06-02 01:22:39,unknown_device,unknown,16916,181.0,False,
acc_00250,2026-06-02 01:23:34,unknown_device,unknown,15813,441.0,False,
acc_00251,2026-06-02 01:23:52,unknown_device,unknown,11410,472.0,False,
acc_00252,2026-06-02 01:25:04,unknown_device,unknown,14079,123.0,False,
acc_00253,2026-06-02 01:25:15,unknown_device,unknown,15063,325.0,False,
acc_00254,2026-06-02 01:25:18,synthetic_device_ring_001,unknown,7585,264.0,True,ring_001
acc_00255,2026-06-02 01:25:44,unknown_device,unknown,9485,-1.0,False,
acc_00256,2026-06-02 01:26:03,unknown_device,unknown,11972,181.0,False,
acc_00257,2026-06-02 01:26:15,unknown_device,unknown,15986,251.0,False,
acc_00258,2026-06-02 01:26:17,unknown_device,unknown,10616,299.0,False,
acc_00259,2026-06-02 01:26:38,unknown_device,unknown,16326,264.0,False,
acc_00260,2026-06-02 01:26:50,unknown_device,unknown,9440,253.0,False,
acc_00261,2026-06-02 01:26:54,Windows,unknown,16659,264.0,False,
acc_00262,2026-06-02 01:28:11,unknown_device,unknown,2392,472.0,False,
acc_00263,2026-06-02 01:28:44,unknown_device,unknown,15232,315.0,False,
acc_00264,2026-06-02 01:29:18,iOS Device,unknown,9500,251.0,False,
acc_00265,2026-06-02 01:29:50,unknown_device,unknown,2803,330.0,False,
acc_00266,2026-06-02 01:31:15,iOS Device,unknown,15497,264.0,False,
acc_00267,2026-06-02 01:31:30,unknown_device,unknown,14042,327.0,False,
acc_00268,2026-06-02 01:32:07,unknown_device,unknown,2803,272.0,False,
acc_00269,2026-06-02 01:32:08,unknown_device,unknown,6927,122.0,False,
acc_00270,2026-06-02 01:32:57,unknown_device,unknown,1692,428.0,False,
acc_00271,2026-06-02 01:33:20,unknown_device,unknown,9561,433.0,False,
acc_00272,2026-06-02 01:33:24,unknown_device,unknown,10269,315.0,False,
acc_00273,2026-06-02 01:33:30,unknown_device,unknown,10616,231.0,False,
acc_00274,2026-06-02 01:33:36,unknown_device,unknown,3178,299.0,False,
acc_00275,2026-06-02 01:34:45,unknown_device,unknown,14079,485.0,False,
acc_00276,2026-06-02 01:35:17,LT22i Build/6.2.A.1.100,unknown,10568,-1.0,False,
acc_00277,2026-06-02 01:35:19,unknown_device,unknown,6741,325.0,False,
acc_00278,2026-06-02 01:35:27,unknown_device,unknown,2803,184.0,False,
acc_00279,2026-06-02 01:35:58,MacOS,unknown,3869,327.0,False,
acc_00280,2026-06-02 01:36:14,unknown_device,unknown,9112,441.0,False,
acc_00281,2026-06-02 01:36:25,unknown_device,unknown,15205,327.0,False,
acc_00282,2026-06-02 01:36:27,unknown_device,unknown,11925,512.0,False,
acc_00283,2026-06-02 01:37:01,unknown_device,unknown,2616,251.0,False,
acc_00284,2026-06-02 01:37:48,unknown_device,unknown,10486,299.0,False,
acc_00285,2026-06-02 01:38:11,unknown_device,unknown,11162,299.0,False,
acc_00286,2026-06-02 01:38:36,unknown_device,unknown,16065,synthetic_addr_ring_006,True,ring_006
acc_00287,2026-06-02 01:38:40,iOS Device,unknown,16347,330.0,False,
acc_00288,2026-06-02 01:39:10,rv:52.0,unknown,4425,472.0,False,
acc_00289,2026-06-02 01:39:58,unknown_device,unknown,1832,191.0,False,
acc_00290,2026-06-02 01:40:34,unknown_device,unknown,3084,315.0,False,
acc_00291,2026-06-02 01:41:03,unknown_device,unknown,7585,330.0,False,
acc_00292,2026-06-02 01:41:25,unknown_device,unknown,7005,310.0,False,
acc_00293,2026-06-02 01:41:44,unknown_device,unknown,15989,177.0,False,
acc_00294,2026-06-02 01:41:49,MacOS,unknown,5097,272.0,False,
acc_00295,2026-06-02 01:42:29,unknown_device,unknown,8088,204.0,False,
acc_00296,2026-06-02 01:42:51,unknown_device,unknown,10682,299.0,False,
acc_00297,2026-06-02 01:43:26,unknown_device,unknown,18249,315.0,False,
acc_00298,2026-06-02 01:43:35,unknown_device,unknown,2544,325.0,False,
acc_00299,2026-06-02 01:43:36,unknown_device,unknown,18132,512.0,False,
acc_00300,2026-06-02 01:43:59,SM-G950U Build/NRD90M,unknown,7585,-1.0,False,
acc_00301,2026-06-02 01:44:13,LG-H872 Build/NRD90U,unknown,2803,315.0,False,
acc_00302,2026-06-02 01:44:34,MacOS,unknown,3821,492.0,False,
acc_00303,2026-06-02 01:45:01,MacOS,unknown,3682,337.0,False,
acc_00304,2026-06-02 01:45:42,unknown_device,unknown,8528,387.0,False,
acc_00305,2026-06-02 01:45:53,unknown_device,unknown,3189,251.0,False,
acc_00306,2026-06-02 01:46:09,unknown_device,unknown,1894,226.0,False,
acc_00307,2026-06-02 01:47:38,unknown_device,unknown,6832,299.0,False,
acc_00308,2026-06-02 01:48:12,unknown_device,unknown,6872,476.0,False,
acc_00309,2026-06-02 01:48:17,unknown_device,unknown,2803,343.0,False,
acc_00310,2026-06-02 01:48:39,unknown_device,unknown,4737,264.0,False,
acc_00311,2026-06-02 01:48:52,unknown_device,unknown,11652,184.0,False,
acc_00312,2026-06-02 01:48:58,unknown_device,unknown,8117,204.0,False,
acc_00313,2026-06-02 01:49:51,iOS Device,unknown,5938,126.0,False,
acc_00314,2026-06-02 01:50:09,iOS Device,unknown,16751,231.0,False,
acc_00315,2026-06-02 01:51:22,unknown_device,unknown,13528,143.0,False,
acc_00316,2026-06-02 01:51:30,unknown_device,unknown,2392,177.0,False,
acc_00317,2026-06-02 01:51:42,Windows,unknown,5812,-1.0,False,
acc_00318,2026-06-02 01:52:35,unknown_device,unknown,12850,387.0,False,
acc_00319,2026-06-02 01:53:14,unknown_device,unknown,7585,315.0,False,
acc_00320,2026-06-02 01:53:38,iOS Device,unknown,11920,264.0,False,
acc_00321,2026-06-02 01:54:30,unknown_device,unknown,4557,123.0,False,
acc_00322,2026-06-02 01:55:31,unknown_device,unknown,10150,433.0,False,
acc_00323,2026-06-02 01:55:39,unknown_device,unknown,4310,325.0,False,
acc_00324,2026-06-02 01:57:16,unknown_device,unknown,10267,204.0,False,
acc_00325,2026-06-02 01:57:27,iOS Device,unknown,15066,330.0,False,
acc_00326,2026-06-02 01:58:45,unknown_device,unknown,15773,325.0,False,
acc_00327,2026-06-02 01:58:50,unknown_device,unknown,15066,181.0,False,
acc_00328,2026-06-02 02:00:54,unknown_device,unknown,1906,123.0,False,
acc_00329,2026-06-02 02:01:09,unknown_device,unknown,12686,264.0,False,
acc_00330,2026-06-02 02:01:16,iOS Device,unknown,17364,299.0,False,
acc_00331,2026-06-02 02:01:17,iOS Device,unknown,4097,264.0,False,
acc_00332,2026-06-02 02:01:20,Windows,unknown,10616,315.0,False,
acc_00333,2026-06-02 02:01:46,iOS Device,unknown,6019,315.0,False,
acc_00334,2026-06-02 02:03:23,unknown_device,unknown,10486,441.0,False,
acc_00335,2026-06-02 02:03:31,unknown_device,unknown,1893,441.0,False,
acc_00336,2026-06-02 02:03:40,unknown_device,unknown,5046,-1.0,False,
acc_00337,2026-06-02 02:04:03,unknown_device,unknown,11207,325.0,False,
acc_00338,2026-06-02 02:04:10,unknown_device,unknown,16661,327.0,False,
acc_00339,2026-06-02 02:04:21,unknown_device,unknown,12219,441.0,False,
acc_00340,2026-06-02 02:04:30,unknown_device,unknown,8320,469.0,False,
acc_00341,2026-06-02 02:04:42,iOS Device,unknown,5734,synthetic_addr_ring_005,True,ring_005
acc_00342,2026-06-02 02:04:54,unknown_device,unknown,6550,441.0,False,
acc_00343,2026-06-02 02:05:31,unknown_device,unknown,6344,264.0,False,
acc_00344,2026-06-02 02:06:00,unknown_device,unknown,2803,299.0,False,
acc_00345,2026-06-02 02:06:49,unknown_device,unknown,7511,181.0,False,
acc_00346,2026-06-02 02:07:06,unknown_device,unknown,11157,204.0,False,
acc_00347,2026-06-02 02:07:16,Windows,unknown,7508,110.0,False,
acc_00348,2026-06-02 02:07:45,unknown_device,unknown,6019,204.0,False,
acc_00349,2026-06-02 02:07:59,unknown_device,unknown,14858,272.0,False,
acc_00350,2026-06-02 02:08:45,SM-G950U Build/NRD90M,unknown,6004,436.0,False,
acc_00351,2026-06-02 02:09:34,unknown_device,unknown,2336,327.0,False,
acc_00352,2026-06-02 02:10:09,SAMSUNG SM-G930T Build/NRD90M,unknown,3682,315.0,False,
acc_00353,2026-06-02 02:10:12,unknown_device,unknown,1214,181.0,False,
acc_00354,2026-06-02 02:10:58,unknown_device,unknown,10960,191.0,False,
acc_00355,2026-06-02 02:11:37,unknown_device,unknown,13481,325.0,False,
acc_00356,2026-06-02 02:12:09,unknown_device,unknown,17131,264.0,False,
acc_00357,2026-06-02 02:12:13,unknown_device,unknown,2845,315.0,False,
acc_00358,2026-06-02 02:13:12,unknown_device,unknown,15066,184.0,False,
acc_00359,2026-06-02 02:14:25,unknown_device,unknown,11199,325.0,False,
acc_00360,2026-06-02 02:15:38,unknown_device,unknown,10486,204.0,False,
acc_00361,2026-06-02 02:15:55,unknown_device,unknown,16075,123.0,False,
acc_00362,2026-06-02 02:16:21,Windows,unknown,16873,315.0,False,
acc_00363,2026-06-02 02:17:01,unknown_device,unknown,11207,204.0,False,
acc_00364,2026-06-02 02:17:02,MacOS,unknown,18092,204.0,False,
acc_00365,2026-06-02 02:17:20,unknown_device,unknown,2392,272.0,False,
acc_00366,2026-06-02 02:18:39,unknown_device,unknown,14035,327.0,False,
acc_00367,2026-06-02 02:18:46,unknown_device,unknown,5613,204.0,False,
acc_00368,2026-06-02 02:19:28,unknown_device,unknown,14823,315.0,False,
acc_00369,2026-06-02 02:20:03,unknown_device,unknown,17129,444.0,False,
acc_00370,2026-06-02 02:20:29,unknown_device,unknown,12686,498.0,False,
acc_00371,2026-06-02 02:20:51,unknown_device,unknown,7377,204.0,False,
acc_00372,2026-06-02 02:21:06,unknown_device,unknown,15242,264.0,False,
acc_00373,2026-06-02 02:21:48,unknown_device,unknown,9992,299.0,False,
acc_00374,2026-06-02 02:21:52,Windows,unknown,7508,-1.0,False,
acc_00375,2026-06-02 02:22:36,unknown_device,unknown,6697,299.0,False,
acc_00376,2026-06-02 02:26:31,unknown_device,unknown,13809,325.0,False,
acc_00377,2026-06-02 02:27:32,unknown_device,unknown,4090,310.0,False,
acc_00378,2026-06-02 02:27:33,MacOS,unknown,9803,476.0,False,
acc_00379,2026-06-02 02:28:07,Trident/7.0,unknown,10486,330.0,False,
acc_00380,2026-06-02 02:28:19,unknown_device,unknown,15066,220.0,False,
acc_00381,2026-06-02 02:29:26,iOS Device,unknown,7508,420.0,False,
acc_00382,2026-06-02 02:30:00,KYOCERA-C6742A Build/LMY47V,unknown,13307,203.0,False,
acc_00383,2026-06-02 02:30:01,unknown_device,unknown,16437,325.0,False,
acc_00384,2026-06-02 02:30:05,iOS Device,unknown,6019,498.0,False,
acc_00385,2026-06-02 02:30:42,unknown_device,unknown,7919,327.0,False,
acc_00386,2026-06-02 02:30:43,unknown_device,unknown,11653,177.0,False,
acc_00387,2026-06-02 02:30:56,iOS Device,unknown,14479,327.0,False,
acc_00388,2026-06-02 02:33:08,MacOS,unknown,7322,122.0,False,
acc_00389,2026-06-02 02:35:38,Windows,unknown,16136,-1.0,False,
acc_00390,2026-06-02 02:36:57,unknown_device,unknown,7482,325.0,False,
acc_00391,2026-06-02 02:36:58,unknown_device,unknown,7364,226.0,False,
acc_00392,2026-06-02 02:37:33,unknown_device,unknown,7508,310.0,False,
acc_00393,2026-06-02 02:37:39,Windows,unknown,8034,225.0,False,
acc_00394,2026-06-02 02:37:57,iOS Device,unknown,4436,330.0,False,
acc_00395,2026-06-02 02:38:55,unknown_device,unknown,16560,498.0,False,
acc_00396,2026-06-02 02:40:14,unknown_device,unknown,9440,177.0,False,
acc_00397,2026-06-02 02:41:00,F3113 Build/33.2.A.4.70,unknown,2801,-1.0,False,
acc_00398,2026-06-02 02:41:08,Trident/7.0,unknown,16075,325.0,False,
acc_00399,2026-06-02 02:41:33,unknown_device,unknown,12734,-1.0,False,
acc_00400,2026-06-02 02:42:29,unknown_device,unknown,12581,123.0,False,
acc_00401,2026-06-02 02:43:02,iOS Device,unknown,6019,310.0,False,
acc_00402,2026-06-02 02:43:56,unknown_device,unknown,17188,122.0,False,
acc_00403,2026-06-02 02:44:21,iOS Device,unknown,9808,327.0,False,
acc_00404,2026-06-02 02:44:44,unknown_device,unknown,12469,315.0,False,
acc_00405,2026-06-02 02:45:54,unknown_device,unknown,16326,225.0,False,
acc_00406,2026-06-02 02:46:16,Windows,unknown,3682,231.0,False,
acc_00407,2026-06-02 02:46:18,unknown_device,unknown,2377,476.0,False,
acc_00408,2026-06-02 02:46:25,unknown_device,unknown,16085,204.0,False,
acc_00409,2026-06-02 02:46:30,unknown_device,unknown,6053,433.0,False,
acc_00410,2026-06-02 02:47:07,unknown_device,unknown,6394,203.0,False,
acc_00411,2026-06-02 02:47:48,unknown_device,unknown,9100,205.0,False,
acc_00412,2026-06-02 02:47:50,Windows,unknown,15257,-1.0,False,
acc_00413,2026-06-02 02:47:54,unknown_device,unknown,3699,444.0,False,
acc_00414,2026-06-02 02:48:11,iOS Device,unknown,7034,315.0,False,
acc_00415,2026-06-02 02:48:40,unknown_device,unknown,4387,191.0,False,
acc_00416,2026-06-02 02:48:42,D5306 Build/19.4.A.0.182,unknown,7949,-1.0,False,
acc_00417,2026-06-02 02:48:55,synthetic_device_ring_001,unknown,2455,299.0,True,ring_001
acc_00418,2026-06-02 02:49:39,Windows,unknown,1893,330.0,False,
acc_00419,2026-06-02 02:50:47,unknown_device,unknown,16085,123.0,False,
acc_00420,2026-06-02 02:51:35,Windows,unknown,8503,343.0,False,
acc_00421,2026-06-02 02:51:43,unknown_device,unknown,8024,264.0,False,
acc_00422,2026-06-02 02:52:22,unknown_device,unknown,6530,synthetic_addr_ring_005,True,ring_005
acc_00423,2026-06-02 02:52:30,unknown_device,unknown,16521,428.0,False,
acc_00424,2026-06-02 02:53:00,unknown_device,unknown,7585,143.0,False,
acc_00425,2026-06-02 02:53:40,Windows,unknown,10744,204.0,False,
acc_00426,2026-06-02 02:54:23,Windows,unknown,16746,-1.0,False,
acc_00427,2026-06-02 02:54:25,unknown_device,unknown,15484,433.0,False,
acc_00428,2026-06-02 02:54:31,unknown_device,unknown,10057,204.0,False,
acc_00429,2026-06-02 02:54:36,unknown_device,unknown,10493,299.0,False,
acc_00430,2026-06-02 02:55:05,unknown_device,unknown,15484,264.0,False,
acc_00431,2026-06-02 02:55:37,unknown_device,unknown,14661,264.0,False,
acc_00432,2026-06-02 02:56:26,unknown_device,unknown,12839,512.0,False,
acc_00433,2026-06-02 02:57:54,Windows,unknown,7861,330.0,False,
acc_00434,2026-06-02 02:58:59,unknown_device,unknown,15066,299.0,False,
acc_00435,2026-06-02 02:59:02,Windows,unknown,7585,441.0,False,
acc_00436,2026-06-02 02:59:02,unknown_device,unknown,10686,264.0,False,
acc_00437,2026-06-02 03:01:33,iOS Device,unknown,synthetic_token_ring_004,272.0,True,ring_004
acc_00438,2026-06-02 03:01:47,unknown_device,unknown,10486,476.0,False,
acc_00439,2026-06-02 03:03:20,unknown_device,unknown,4079,325.0,False,
acc_00440,2026-06-02 03:03:23,unknown_device,unknown,4494,251.0,False,
acc_00441,2026-06-02 03:03:38,unknown_device,unknown,11233,272.0,False,
acc_00442,2026-06-02 03:03:39,M4 SS4457 Build/MRA58K,unknown,18301,-1.0,False,
acc_00443,2026-06-02 03:04:09,Windows,unknown,13346,-1.0,False,
acc_00444,2026-06-02 03:04:30,unknown_device,unknown,13623,498.0,False,
acc_00445,2026-06-02 03:07:42,MacOS,unknown,13844,264.0,False,
acc_00446,2026-06-02 03:07:44,unknown_device,unknown,12741,143.0,False,
acc_00447,2026-06-02 03:09:17,unknown_device,unknown,14208,191.0,False,
acc_00448,2026-06-02 03:09:44,unknown_device,unknown,9992,110.0,False,
acc_00449,2026-06-02 03:10:34,unknown_device,unknown,8880,110.0,False,
acc_00450,2026-06-02 03:11:00,unknown_device,unknown,4770,143.0,False,
acc_00451,2026-06-02 03:11:23,unknown_device,unknown,9680,436.0,False,
acc_00452,2026-06-02 03:11:56,unknown_device,unknown,6021,177.0,False,
acc_00453,2026-06-02 03:12:34,unknown_device,unknown,5173,110.0,False,
acc_00454,2026-06-02 03:13:55,Windows,unknown,14902,441.0,False,
acc_00455,2026-06-02 03:14:06,unknown_device,unknown,1342,325.0,False,
acc_00456,2026-06-02 03:15:27,unknown_device,unknown,1814,184.0,False,
acc_00457,2026-06-02 03:15:50,SAMSUNG SM-G935F Build/NRD90M,unknown,11201,-1.0,False,
acc_00458,2026-06-02 03:16:06,unknown_device,unknown,12806,272.0,False,
acc_00459,2026-06-02 03:18:53,unknown_device,unknown,7542,226.0,False,
acc_00460,2026-06-02 03:18:54,unknown_device,unknown,17480,512.0,False,
acc_00461,2026-06-02 03:18:59,Windows,unknown,2616,126.0,False,
acc_00462,2026-06-02 03:19:19,unknown_device,unknown,6530,143.0,False,
acc_00463,2026-06-02 03:19:20,unknown_device,unknown,2646,143.0,False,
acc_00464,2026-06-02 03:21:39,unknown_device,unknown,6209,181.0,False,
acc_00465,2026-06-02 03:23:06,unknown_device,unknown,8431,433.0,False,
acc_00466,2026-06-02 03:24:36,unknown_device,unknown,11181,204.0,False,
acc_00467,2026-06-02 03:24:55,unknown_device,unknown,4121,325.0,False,
acc_00468,2026-06-02 03:25:24,unknown_device,unknown,9400,315.0,False,
acc_00469,2026-06-02 03:26:39,unknown_device,unknown,13335,-1.0,False,
acc_00470,2026-06-02 03:27:12,unknown_device,unknown,6730,469.0,False,
acc_00471,2026-06-02 03:27:13,unknown_device,unknown,7676,512.0,False,
acc_00472,2026-06-02 03:27:15,unknown_device,unknown,15063,310.0,False,
acc_00473,2026-06-02 03:27:24,Trident/7.0,unknown,16062,-1.0,False,
acc_00474,2026-06-02 03:31:11,unknown_device,unknown,5365,-1.0,False,
acc_00475,2026-06-02 03:31:34,unknown_device,unknown,17188,194.0,False,
acc_00476,2026-06-02 03:32:50,Trident/7.0,unknown,9917,-1.0,False,
acc_00477,2026-06-02 03:33:09,unknown_device,unknown,10112,204.0,False,
acc_00478,2026-06-02 03:34:15,unknown_device,unknown,10776,158.0,False,
acc_00479,2026-06-02 03:38:00,unknown_device,unknown,3326,485.0,False,
acc_00480,2026-06-02 03:39:16,unknown_device,unknown,17442,204.0,False,
acc_00481,2026-06-02 03:40:12,unknown_device,unknown,13370,231.0,False,
acc_00482,2026-06-02 03:40:21,unknown_device,unknown,12469,143.0,False,
acc_00483,2026-06-02 03:40:25,unknown_device,unknown,17148,225.0,False,
acc_00484,2026-06-02 03:40:58,Windows,unknown,11862,204.0,False,
acc_00485,2026-06-02 03:43:02,MacOS,unknown,8453,536.0,False,
acc_00486,2026-06-02 03:43:59,SM-G610M Build/MMB29K,unknown,2650,-1.0,False,
acc_00487,2026-06-02 03:44:15,unknown_device,unknown,11815,512.0,False,
acc_00488,2026-06-02 03:44:44,MacOS,unknown,4475,536.0,False,
acc_00489,2026-06-02 03:45:00,unknown_device,unknown,15160,315.0,False,
acc_00490,2026-06-02 03:45:02,unknown_device,unknown,15986,226.0,False,
acc_00491,2026-06-02 03:45:05,unknown_device,unknown,14052,204.0,False,
acc_00492,2026-06-02 03:45:48,unknown_device,unknown,12040,177.0,False,
acc_00493,2026-06-02 03:46:14,unknown_device,unknown,4436,337.0,False,
acc_00494,2026-06-02 03:46:40,unknown_device,unknown,9480,476.0,False,
acc_00495,2026-06-02 03:47:04,unknown_device,unknown,4272,299.0,False,
acc_00496,2026-06-02 03:47:25,unknown_device,unknown,14653,315.0,False,
acc_00497,2026-06-02 03:47:46,unknown_device,unknown,3655,310.0,False,
acc_00498,2026-06-02 03:48:05,unknown_device,unknown,2772,269.0,False,
acc_00499,2026-06-02 03:48:41,Windows,unknown,4067,123.0,False,
acc_00500,2026-06-02 03:49:19,unknown_device,unknown,12807,191.0,False,
acc_00501,2026-06-02 03:49:49,unknown_device,unknown,12501,204.0,False,
acc_00502,2026-06-02 03:50:04,XT1635-01,unknown,15851,123.0,False,
acc_00503,2026-06-02 03:50:37,unknown_device,unknown,8320,337.0,False,
acc_00504,2026-06-02 03:52:44,unknown_device,unknown,2803,494.0,False,
acc_00505,2026-06-02 03:52:56,Windows,unknown,10616,327.0,False,
acc_00506,2026-06-02 03:52:59,unknown_device,unknown,14182,204.0,False,
acc_00507,2026-06-02 03:53:25,iOS Device,unknown,4966,231.0,False,
acc_00508,2026-06-02 03:53:37,unknown_device,unknown,8406,272.0,False,
acc_00509,2026-06-02 03:54:23,unknown_device,unknown,3818,272.0,False,
acc_00510,2026-06-02 03:54:48,MacOS,unknown,9043,204.0,False,
acc_00511,2026-06-02 03:55:47,unknown_device,unknown,2803,264.0,False,
acc_00512,2026-06-02 03:55:59,unknown_device,unknown,16075,315.0,False,
acc_00513,2026-06-02 03:56:31,unknown_device,unknown,15063,231.0,False,
acc_00514,2026-06-02 03:57:57,unknown_device,unknown,1939,433.0,False,
acc_00515,2026-06-02 03:58:45,SM-G950U Build/NRD90M,unknown,2917,512.0,False,
acc_00516,2026-06-02 04:00:43,Windows,unknown,4156,330.0,False,
acc_00517,2026-06-02 04:01:14,unknown_device,unknown,13964,299.0,False,
acc_00518,2026-06-02 04:01:27,unknown_device,unknown,14276,-1.0,False,
acc_00519,2026-06-02 04:02:00,MacOS,unknown,12866,synthetic_addr_ring_006,True,ring_006
acc_00520,2026-06-02 04:04:50,Windows,unknown,7499,-1.0,False,
acc_00521,2026-06-02 04:06:44,unknown_device,unknown,2781,264.0,False,
acc_00522,2026-06-02 04:08:06,unknown_device,unknown,12577,264.0,False,
acc_00523,2026-06-02 04:08:18,unknown_device,unknown,8914,181.0,False,
acc_00524,2026-06-02 04:09:19,unknown_device,unknown,10640,512.0,False,
acc_00525,2026-06-02 04:09:31,unknown_device,unknown,2755,205.0,False,
acc_00526,2026-06-02 04:09:44,unknown_device,unknown,7676,220.0,False,
acc_00527,2026-06-02 04:09:45,unknown_device,unknown,17188,225.0,False,
acc_00528,2026-06-02 04:10:12,unknown_device,unknown,13111,251.0,False,
acc_00529,2026-06-02 04:11:51,RCT6303W87M7 Build/MRA58K,unknown,5293,123.0,False,
acc_00530,2026-06-02 04:12:29,unknown_device,unknown,16661,315.0,False,
acc_00531,2026-06-02 04:12:52,unknown_device,unknown,9323,191.0,False,
acc_00532,2026-06-02 04:13:10,unknown_device,unknown,16232,315.0,False,
acc_00533,2026-06-02 04:13:50,unknown_device,unknown,13005,-1.0,False,
acc_00534,2026-06-02 04:17:48,unknown_device,unknown,11444,204.0,False,
acc_00535,2026-06-02 04:18:03,iOS Device,unknown,15066,476.0,False,
acc_00536,2026-06-02 04:18:10,unknown_device,unknown,4818,476.0,False,
acc_00537,2026-06-02 04:21:53,unknown_device,unknown,12581,264.0,False,
acc_00538,2026-06-02 04:22:34,KFFOWI Build/LVY48F,unknown,7481,441.0,False,
acc_00539,2026-06-02 04:23:08,KFFOWI Build/LVY48F,unknown,8732,441.0,False,
acc_00540,2026-06-02 04:23:39,unknown_device,unknown,9992,123.0,False,
acc_00541,2026-06-02 04:24:21,unknown_device,unknown,15986,330.0,False,
acc_00542,2026-06-02 04:25:26,iOS Device,unknown,7585,299.0,False,
acc_00543,2026-06-02 04:26:19,rv:56.0,unknown,5986,343.0,False,
acc_00544,2026-06-02 04:26:37,unknown_device,unknown,4998,-1.0,False,
acc_00545,2026-06-02 04:29:06,unknown_device,unknown,14842,299.0,False,
acc_00546,2026-06-02 04:29:57,unknown_device,unknown,2893,264.0,False,
acc_00547,2026-06-02 04:30:33,SM-G930V Build/NRD90M,unknown,14259,330.0,False,
acc_00548,2026-06-02 04:30:55,unknown_device,unknown,17262,220.0,False,
acc_00549,2026-06-02 04:32:12,unknown_device,unknown,2407,476.0,False,
acc_00550,2026-06-02 04:34:57,unknown_device,unknown,2692,315.0,False,
acc_00551,2026-06-02 04:37:21,unknown_device,unknown,1974,184.0,False,
acc_00552,2026-06-02 04:39:04,unknown_device,unknown,12396,330.0,False,
acc_00553,2026-06-02 04:39:35,unknown_device,unknown,14634,205.0,False,
acc_00554,2026-06-02 04:39:49,unknown_device,unknown,2146,315.0,False,
acc_00555,2026-06-02 04:39:50,unknown_device,unknown,15651,264.0,False,
acc_00556,2026-06-02 04:39:58,unknown_device,unknown,5751,264.0,False,
acc_00557,2026-06-02 04:41:04,unknown_device,unknown,1556,299.0,False,
acc_00558,2026-06-02 04:41:37,unknown_device,unknown,1893,343.0,False,
acc_00559,2026-06-02 04:42:09,unknown_device,unknown,6292,203.0,False,
acc_00560,2026-06-02 04:44:28,Windows,unknown,3611,-1.0,False,
acc_00561,2026-06-02 04:44:46,unknown_device,unknown,11106,299.0,False,
acc_00562,2026-06-02 04:46:37,unknown_device,unknown,2255,272.0,False,
acc_00563,2026-06-02 04:48:08,Windows,unknown,2884,-1.0,False,
acc_00564,2026-06-02 04:48:18,MacOS,unknown,10486,315.0,False,
acc_00565,2026-06-02 04:49:38,unknown_device,unknown,4742,269.0,False,
acc_00566,2026-06-02 04:49:56,unknown_device,unknown,17489,512.0,False,
acc_00567,2026-06-02 04:49:57,Ilium L910 Build/MRA58K,unknown,3887,-1.0,False,
acc_00568,2026-06-02 04:50:21,synthetic_device_ring_001,unknown,2455,204.0,True,ring_001
acc_00569,2026-06-02 04:51:21,unknown_device,unknown,4478,269.0,False,
acc_00570,2026-06-02 04:54:44,Windows,unknown,10893,310.0,False,
acc_00571,2026-06-02 04:56:23,unknown_device,unknown,10447,315.0,False,
acc_00572,2026-06-02 04:58:40,unknown_device,unknown,7815,123.0,False,
acc_00573,2026-06-02 05:04:16,unknown_device,unknown,4653,177.0,False,
acc_00574,2026-06-02 05:14:31,unknown_device,unknown,4571,299.0,False,
acc_00575,2026-06-02 05:15:24,unknown_device,unknown,15066,310.0,False,
acc_00576,2026-06-02 05:15:40,unknown_device,unknown,14278,325.0,False,
acc_00577,2026-06-02 05:18:24,unknown_device,unknown,7919,384.0,False,
acc_00578,2026-06-02 05:18:35,Windows,unknown,10086,-1.0,False,
acc_00579,2026-06-02 05:18:57,unknown_device,unknown,6170,327.0,False,
acc_00580,2026-06-02 05:21:31,Windows,unknown,5645,264.0,False,
acc_00581,2026-06-02 05:23:10,unknown_device,unknown,18261,181.0,False,
acc_00582,2026-06-02 05:24:37,iOS Device,unknown,2616,299.0,False,
acc_00583,2026-06-02 05:26:50,unknown_device,unknown,2803,226.0,False,
acc_00584,2026-06-02 05:28:49,unknown_device,unknown,4436,494.0,False,
acc_00585,2026-06-02 05:29:32,Windows,unknown,3821,384.0,False,
acc_00586,2026-06-02 05:32:41,unknown_device,unknown,5962,433.0,False,
acc_00587,2026-06-02 05:36:53,unknown_device,unknown,10313,469.0,False,
acc_00588,2026-06-02 05:36:59,unknown_device,unknown,5291,204.0,False,
acc_00589,2026-06-02 05:38:24,Windows,unknown,12883,433.0,False,
acc_00590,2026-06-02 05:38:59,unknown_device,unknown,10616,264.0,False,
acc_00591,2026-06-02 05:44:52,unknown_device,unknown,6730,220.0,False,
acc_00592,2026-06-02 05:46:27,unknown_device,unknown,7919,123.0,False,
acc_00593,2026-06-02 05:46:33,unknown_device,unknown,16160,310.0,False,
acc_00594,2026-06-02 05:46:54,unknown_device,unknown,17188,310.0,False,
acc_00595,2026-06-02 05:54:49,unknown_device,unknown,4436,441.0,False,
acc_00596,2026-06-02 05:55:40,unknown_device,unknown,14785,343.0,False,
acc_00597,2026-06-02 05:56:35,unknown_device,unknown,1744,476.0,False,
acc_00598,2026-06-02 05:56:36,unknown_device,unknown,2893,512.0,False,
acc_00599,2026-06-02 05:58:20,unknown_device,unknown,16070,191.0,False,
acc_00600,2026-06-02 05:59:58,unknown_device,unknown,2772,synthetic_addr_ring_006,True,ring_006
acc_00601,2026-06-02 06:00:37,unknown_device,unknown,9456,325.0,False,
acc_00602,2026-06-02 06:03:17,unknown_device,unknown,13526,299.0,False,
acc_00603,2026-06-02 06:08:10,unknown_device,unknown,7919,485.0,False,
acc_00604,2026-06-02 06:09:05,iOS Device,unknown,6019,225.0,False,
acc_00605,2026-06-02 06:09:10,unknown_device,unknown,6530,324.0,False,
acc_00606,2026-06-02 06:10:03,unknown_device,unknown,11371,325.0,False,
acc_00607,2026-06-02 06:11:32,unknown_device,unknown,7919,220.0,False,
acc_00608,2026-06-02 06:11:52,unknown_device,unknown,7919,177.0,False,
acc_00609,2026-06-02 06:12:19,unknown_device,unknown,8695,325.0,False,
acc_00610,2026-06-02 06:12:29,unknown_device,unknown,2512,498.0,False,
acc_00611,2026-06-02 06:13:09,unknown_device,unknown,7919,330.0,False,
acc_00612,2026-06-02 06:13:56,unknown_device,unknown,7919,337.0,False,
acc_00613,2026-06-02 06:15:12,unknown_device,unknown,5033,330.0,False,
acc_00614,2026-06-02 06:15:49,unknown_device,unknown,7919,441.0,False,
acc_00615,2026-06-02 06:17:23,unknown_device,unknown,7919,204.0,False,
acc_00616,2026-06-02 06:18:34,unknown_device,unknown,7919,325.0,False,
acc_00617,2026-06-02 06:19:06,unknown_device,unknown,7919,476.0,False,
acc_00618,2026-06-02 06:19:42,unknown_device,unknown,7919,433.0,False,
acc_00619,2026-06-02 06:19:48,unknown_device,unknown,18227,299.0,False,
acc_00620,2026-06-02 06:20:02,iOS Device,unknown,17043,330.0,False,
acc_00621,2026-06-02 06:20:31,unknown_device,unknown,7919,264.0,False,
acc_00622,2026-06-02 06:21:15,unknown_device,unknown,synthetic_token_ring_003,143.0,True,ring_003
acc_00623,2026-06-02 06:21:29,unknown_device,unknown,7919,310.0,False,
acc_00624,2026-06-02 06:22:53,unknown_device,unknown,17966,472.0,False,
acc_00625,2026-06-02 06:25:03,unknown_device,unknown,7919,315.0,False,
acc_00626,2026-06-02 06:25:49,unknown_device,unknown,1991,231.0,False,
acc_00627,2026-06-02 06:30:37,unknown_device,unknown,7919,472.0,False,
acc_00628,2026-06-02 06:33:41,unknown_device,unknown,7919,512.0,False,
acc_00629,2026-06-02 06:36:02,iOS Device,unknown,6021,299.0,False,
acc_00630,2026-06-02 06:39:32,iOS Device,unknown,16560,143.0,False,
acc_00631,2026-06-02 06:42:58,unknown_device,unknown,3867,-1.0,False,
acc_00632,2026-06-02 06:47:06,unknown_device,unknown,7919,436.0,False,
acc_00633,2026-06-02 06:48:19,unknown_device,unknown,7919,231.0,False,
acc_00634,2026-06-02 06:48:34,unknown_device,unknown,10112,299.0,False,
acc_00635,2026-06-02 06:52:20,unknown_device,unknown,3638,492.0,False,
acc_00636,2026-06-02 06:54:14,unknown_device,unknown,7919,191.0,False,
acc_00637,2026-06-02 06:55:49,unknown_device,unknown,10112,225.0,False,
acc_00638,2026-06-02 06:58:23,unknown_device,unknown,15205,315.0,False,
acc_00639,2026-06-02 06:58:48,unknown_device,unknown,15165,264.0,False,
acc_00640,2026-06-02 07:02:39,unknown_device,unknown,7919,205.0,False,
acc_00641,2026-06-02 07:03:45,unknown_device,unknown,7919,324.0,False,
acc_00642,2026-06-02 07:04:45,unknown_device,unknown,12469,310.0,False,
acc_00643,2026-06-02 07:08:45,unknown_device,unknown,7585,325.0,False,
acc_00644,2026-06-02 07:10:58,unknown_device,unknown,3295,226.0,False,
acc_00645,2026-06-02 07:15:33,unknown_device,unknown,7919,272.0,False,
acc_00646,2026-06-02 07:17:17,iOS Device,unknown,17207,485.0,False,
acc_00647,2026-06-02 07:19:05,iOS Device,unknown,7664,387.0,False,
acc_00648,2026-06-02 07:20:26,unknown_device,unknown,7919,299.0,False,
acc_00649,2026-06-02 07:22:14,unknown_device,unknown,14432,299.0,False,
acc_00650,2026-06-02 07:24:06,unknown_device,unknown,7919,226.0,False,
acc_00651,2026-06-02 07:24:33,unknown_device,unknown,7919,251.0,False,
acc_00652,2026-06-02 07:25:27,unknown_device,unknown,7919,203.0,False,
acc_00653,2026-06-02 07:30:22,Windows,unknown,9201,204.0,False,
acc_00654,2026-06-02 07:32:02,unknown_device,unknown,1238,203.0,False,
acc_00655,2026-06-02 07:34:11,Windows,unknown,5169,-1.0,False,
acc_00656,2026-06-02 07:34:55,unknown_device,unknown,3013,264.0,False,
acc_00657,2026-06-02 07:35:56,unknown_device,unknown,7919,387.0,False,
acc_00658,2026-06-02 07:37:55,Windows,unknown,16882,536.0,False,
acc_00659,2026-06-02 07:39:24,unknown_device,unknown,10486,123.0,False,
acc_00660,2026-06-02 07:46:11,unknown_device,unknown,8868,204.0,False,
acc_00661,2026-06-02 07:48:52,unknown_device,unknown,3178,123.0,False,
acc_00662,2026-06-02 07:50:08,unknown_device,unknown,9992,315.0,False,
acc_00663,2026-06-02 07:58:36,unknown_device,unknown,7919,181.0,False,
acc_00664,2026-06-02 07:58:36,unknown_device,unknown,7919,295.0,False,
acc_00665,2026-06-02 08:01:25,unknown_device,unknown,14426,498.0,False,
acc_00666,2026-06-02 08:10:00,Blade V6 Plus Build/MRA58K,unknown,5009,-1.0,False,
acc_00667,2026-06-02 08:16:49,unknown_device,unknown,11465,251.0,False,
acc_00668,2026-06-02 08:17:20,unknown_device,unknown,13481,330.0,False,
acc_00669,2026-06-02 08:21:37,unknown_device,unknown,10750,204.0,False,
acc_00670,2026-06-02 08:31:02,unknown_device,unknown,1444,177.0,False,
acc_00671,2026-06-02 08:36:30,Windows,unknown,11319,512.0,False,
acc_00672,2026-06-02 08:37:05,unknown_device,unknown,12839,226.0,False,
acc_00673,2026-06-02 09:01:01,unknown_device,unknown,13534,512.0,False,
acc_00674,2026-06-02 09:06:24,unknown_device,unknown,8320,269.0,False,
acc_00675,2026-06-02 09:07:27,unknown_device,unknown,7919,269.0,False,
acc_00676,2026-06-02 09:10:25,unknown_device,unknown,2581,325.0,False,
acc_00677,2026-06-02 09:15:04,unknown_device,unknown,7919,420.0,False,
acc_00678,2026-06-02 09:21:11,unknown_device,unknown,7919,448.0,False,
acc_00679,2026-06-02 09:25:54,unknown_device,unknown,12694,387.0,False,
acc_00680,2026-06-02 09:27:19,unknown_device,unknown,7508,177.0,False,
acc_00681,2026-06-02 09:30:11,unknown_device,unknown,2804,143.0,False,
acc_00682,2026-06-02 09:31:28,unknown_device,unknown,7919,225.0,False,
acc_00683,2026-06-02 09:34:10,unknown_device,unknown,3917,158.0,False,
acc_00684,2026-06-02 09:34:34,unknown_device,unknown,9500,272.0,False,
acc_00685,2026-06-02 09:35:54,unknown_device,unknown,7919,494.0,False,
acc_00686,2026-06-02 09:36:44,unknown_device,unknown,2157,272.0,False,
acc_00687,2026-06-02 09:38:24,unknown_device,unknown,6806,269.0,False,
acc_00688,2026-06-02 09:40:43,unknown_device,unknown,16560,315.0,False,
acc_00689,2026-06-02 09:46:35,unknown_device,unknown,12725,272.0,False,
acc_00690,2026-06-02 09:49:20,unknown_device,unknown,7900,143.0,False,
acc_00691,2026-06-02 10:03:27,unknown_device,unknown,11794,231.0,False,
acc_00692,2026-06-02 10:04:19,unknown_device,unknown,2114,315.0,False,
acc_00693,2026-06-02 10:04:47,LGMP260 Build/NRD90U,unknown,3310,472.0,False,
acc_00694,2026-06-02 10:11:41,unknown_device,unknown,8117,181.0,False,
acc_00695,2026-06-02 10:12:15,unknown_device,unknown,14426,272.0,False,
acc_00696,2026-06-02 10:15:30,unknown_device,unknown,3331,203.0,False,
acc_00697,2026-06-02 10:19:50,unknown_device,unknown,7508,158.0,False,
acc_00698,2026-06-02 10:23:04,unknown_device,unknown,9400,327.0,False,
acc_00699,2026-06-02 10:23:40,unknown_device,unknown,16435,441.0,False,
acc_00700,2026-06-02 10:26:51,unknown_device,unknown,1939,387.0,False,
acc_00701,2026-06-02 10:27:50,unknown_device,unknown,10838,205.0,False,
acc_00702,2026-06-02 10:33:15,unknown_device,unknown,12556,441.0,False,
acc_00703,2026-06-02 10:37:01,unknown_device,unknown,11106,330.0,False,
acc_00704,2026-06-02 10:38:37,iOS Device,unknown,13018,184.0,False,
acc_00705,2026-06-02 10:44:02,unknown_device,unknown,1191,330.0,False,
acc_00706,2026-06-02 10:46:03,iOS Device,unknown,14084,226.0,False,
acc_00707,2026-06-02 10:47:34,Windows,unknown,11664,327.0,False,
acc_00708,2026-06-02 10:49:23,unknown_device,unknown,1874,441.0,False,
acc_00709,2026-06-02 10:55:49,unknown_device,unknown,8436,204.0,False,
acc_00710,2026-06-02 10:57:05,unknown_device,unknown,6530,191.0,False,
acc_00711,2026-06-02 10:58:58,unknown_device,unknown,3166,126.0,False,
acc_00712,2026-06-02 11:02:03,unknown_device,unknown,11849,330.0,False,
acc_00713,2026-06-02 11:04:04,unknown_device,unknown,7919,498.0,False,
acc_00714,2026-06-02 11:04:57,unknown_device,unknown,3524,330.0,False,
acc_00715,2026-06-02 11:06:40,unknown_device,unknown,12291,325.0,False,
acc_00716,2026-06-02 11:07:37,unknown_device,unknown,17064,226.0,False,
acc_00717,2026-06-02 11:09:50,unknown_device,unknown,4975,203.0,False,
acc_00718,2026-06-02 11:11:43,unknown_device,unknown,7468,299.0,False,
acc_00719,2026-06-02 11:13:47,unknown_device,unknown,10107,330.0,False,
acc_00720,2026-06-02 11:16:40,unknown_device,unknown,16070,315.0,False,
acc_00721,2026-06-02 11:19:17,unknown_device,unknown,10948,433.0,False,
acc_00722,2026-06-02 11:22:35,iOS Device,unknown,6481,494.0,False,
acc_00723,2026-06-02 11:23:45,unknown_device,unknown,15359,126.0,False,
acc_00724,2026-06-02 11:25:24,unknown_device,unknown,1939,269.0,False,
acc_00725,2026-06-02 11:27:33,unknown_device,unknown,4571,325.0,False,
acc_00726,2026-06-02 11:30:18,unknown_device,unknown,1955,498.0,False,
acc_00727,2026-06-02 11:31:41,unknown_device,unknown,14540,191.0,False,
acc_00728,2026-06-02 11:32:15,unknown_device,unknown,9500,330.0,False,
acc_00729,2026-06-02 11:32:33,unknown_device,unknown,7322,170.0,False,
acc_00730,2026-06-02 11:33:16,unknown_device,unknown,14661,184.0,False,
acc_00731,2026-06-02 11:33:22,unknown_device,unknown,18132,272.0,False,
acc_00732,2026-06-02 11:36:12,unknown_device,unknown,2263,337.0,False,
acc_00733,2026-06-02 11:40:11,unknown_device,unknown,2646,272.0,False,
acc_00734,2026-06-02 11:41:29,unknown_device,unknown,12747,325.0,False,
acc_00735,2026-06-02 11:42:16,unknown_device,unknown,6908,264.0,False,
acc_00736,2026-06-02 11:43:51,unknown_device,unknown,8356,337.0,False,
acc_00737,2026-06-02 11:44:32,unknown_device,unknown,17755,231.0,False,
acc_00738,2026-06-02 11:47:29,unknown_device,unknown,12615,325.0,False,
acc_00739,2026-06-02 11:48:16,unknown_device,unknown,9936,448.0,False,
acc_00740,2026-06-02 11:49:41,unknown_device,unknown,10057,441.0,False,
acc_00741,2026-06-02 11:50:17,unknown_device,unknown,2773,485.0,False,
acc_00742,2026-06-02 11:51:01,unknown_device,unknown,13481,231.0,False,
acc_00743,2026-06-02 11:53:10,unknown_device,unknown,10856,123.0,False,
acc_00744,2026-06-02 11:54:16,unknown_device,unknown,16485,330.0,False,
acc_00745,2026-06-02 11:54:57,unknown_device,unknown,13052,325.0,False,
acc_00746,2026-06-02 11:55:00,unknown_device,unknown,4663,315.0,False,
acc_00747,2026-06-02 11:57:57,unknown_device,unknown,8439,191.0,False,
acc_00748,2026-06-02 11:58:32,unknown_device,unknown,11839,420.0,False,
acc_00749,2026-06-02 12:00:16,unknown_device,unknown,12970,225.0,False,
acc_00750,2026-06-02 12:01:24,unknown_device,unknown,7919,126.0,False,
acc_00751,2026-06-02 12:01:50,unknown_device,unknown,10057,310.0,False,
acc_00752,2026-06-02 12:03:22,unknown_device,unknown,12116,448.0,False,
acc_00753,2026-06-02 12:04:37,unknown_device,unknown,12260,204.0,False,
acc_00754,2026-06-02 12:05:14,unknown_device,unknown,17422,325.0,False,
acc_00755,2026-06-02 12:05:27,unknown_device,unknown,13833,325.0,False,
acc_00756,2026-06-02 12:06:56,unknown_device,unknown,17400,204.0,False,
acc_00757,2026-06-02 12:07:29,unknown_device,unknown,2616,184.0,False,
acc_00758,2026-06-02 12:07:36,unknown_device,unknown,1804,269.0,False,
acc_00759,2026-06-02 12:07:46,unknown_device,unknown,14649,441.0,False,
acc_00760,2026-06-02 12:07:47,unknown_device,unknown,10057,123.0,False,
acc_00761,2026-06-02 12:10:28,unknown_device,unknown,9500,433.0,False,
acc_00762,2026-06-02 12:10:53,unknown_device,unknown,5620,325.0,False,
acc_00763,2026-06-02 12:12:30,unknown_device,unknown,13108,337.0,False,
acc_00764,2026-06-02 12:14:01,unknown_device,unknown,7299,204.0,False,
acc_00765,2026-06-02 12:15:00,unknown_device,unknown,7826,387.0,False,
acc_00766,2026-06-02 12:18:13,unknown_device,unknown,15314,143.0,False,
acc_00767,2026-06-02 12:19:25,unknown_device,unknown,2021,-1.0,False,
acc_00768,2026-06-02 12:20:49,unknown_device,unknown,16494,184.0,False,
acc_00769,2026-06-02 12:21:35,unknown_device,unknown,10680,330.0,False,
acc_00770,2026-06-02 12:25:46,unknown_device,unknown,18031,126.0,False,
acc_00771,2026-06-02 12:28:06,unknown_device,unknown,18375,441.0,False,
acc_00772,2026-06-02 12:28:13,unknown_device,unknown,7638,441.0,False,
acc_00773,2026-06-02 12:29:04,unknown_device,unknown,8406,126.0,False,
acc_00774,2026-06-02 12:30:05,unknown_device,unknown,12544,494.0,False,
acc_00775,2026-06-02 12:30:23,unknown_device,unknown,4553,123.0,False,
acc_00776,2026-06-02 12:30:31,unknown_device,unknown,17990,315.0,False,
acc_00777,2026-06-02 12:32:28,unknown_device,unknown,1546,272.0,False,
acc_00778,2026-06-02 12:33:31,iOS Device,unknown,12544,272.0,False,
acc_00779,2026-06-02 12:33:49,unknown_device,unknown,13455,231.0,False,
acc_00780,2026-06-02 12:34:27,unknown_device,unknown,17363,498.0,False,
acc_00781,2026-06-02 12:34:52,unknown_device,unknown,9992,177.0,False,
acc_00782,2026-06-02 12:35:17,unknown_device,unknown,12544,476.0,False,
acc_00783,2026-06-02 12:35:35,unknown_device,unknown,6019,126.0,False,
acc_00784,2026-06-02 12:36:58,unknown_device,unknown,3984,330.0,False,
acc_00785,2026-06-02 12:37:03,unknown_device,unknown,4663,204.0,False,
acc_00786,2026-06-02 12:37:14,unknown_device,unknown,6128,272.0,False,
acc_00787,2026-06-02 12:37:28,unknown_device,unknown,3379,204.0,False,
acc_00788,2026-06-02 12:37:28,unknown_device,unknown,11465,436.0,False,
acc_00789,2026-06-02 12:37:38,unknown_device,unknown,18132,494.0,False,
acc_00790,2026-06-02 12:39:27,unknown_device,unknown,9500,337.0,False,
acc_00791,2026-06-02 12:40:46,unknown_device,unknown,5613,184.0,False,
acc_00792,2026-06-02 12:41:10,unknown_device,unknown,5613,181.0,False,
acc_00793,2026-06-02 12:41:56,unknown_device,unknown,15971,143.0,False,
acc_00794,2026-06-02 12:45:11,unknown_device,unknown,3166,325.0,False,
acc_00795,2026-06-02 12:45:27,MacOS,unknown,13973,325.0,False,
acc_00796,2026-06-02 12:46:35,unknown_device,unknown,10112,325.0,False,
acc_00797,2026-06-02 12:46:42,unknown_device,unknown,8320,158.0,False,
acc_00798,2026-06-02 12:47:39,unknown_device,unknown,17217,494.0,False,
acc_00799,2026-06-02 12:50:05,Windows,unknown,14741,204.0,False,
acc_00800,2026-06-02 12:50:15,unknown_device,unknown,3579,330.0,False,
acc_00801,2026-06-02 12:51:21,unknown_device,unknown,17217,337.0,False,
acc_00802,2026-06-02 12:51:39,unknown_device,unknown,6369,384.0,False,
acc_00803,2026-06-02 12:52:00,Windows,unknown,1741,264.0,False,
acc_00804,2026-06-02 12:52:09,unknown_device,unknown,17085,441.0,False,
acc_00805,2026-06-02 12:52:13,unknown_device,unknown,17390,337.0,False,
acc_00806,2026-06-02 12:52:44,Windows,unknown,4141,330.0,False,
acc_00807,2026-06-02 12:52:48,unknown_device,unknown,18027,330.0,False,
acc_00808,2026-06-02 12:54:28,iOS Device,unknown,1720,272.0,False,
acc_00809,2026-06-02 12:55:40,unknown_device,unknown,2127,126.0,False,
acc_00810,2026-06-02 12:56:10,unknown_device,unknown,13780,441.0,False,
acc_00811,2026-06-02 12:56:10,unknown_device,unknown,13511,264.0,False,
acc_00812,2026-06-02 12:56:12,unknown_device,unknown,16865,433.0,False,
acc_00813,2026-06-02 12:57:02,unknown_device,unknown,6546,181.0,False,
acc_00814,2026-06-02 12:58:20,unknown_device,unknown,5146,441.0,False,
acc_00815,2026-06-02 12:59:20,unknown_device,unknown,7800,184.0,False,
acc_00816,2026-06-02 12:59:45,unknown_device,unknown,17635,126.0,False,
acc_00817,2026-06-02 13:00:43,unknown_device,unknown,16972,269.0,False,
acc_00818,2026-06-02 13:01:27,unknown_device,unknown,12469,476.0,False,
acc_00819,2026-06-02 13:01:53,unknown_device,unknown,16998,330.0,False,
acc_00820,2026-06-02 13:02:59,unknown_device,unknown,7664,204.0,False,
acc_00821,2026-06-02 13:03:05,unknown_device,unknown,7178,181.0,False,
acc_00822,2026-06-02 13:03:12,unknown_device,unknown,16338,143.0,False,
acc_00823,2026-06-02 13:03:44,unknown_device,unknown,17162,181.0,False,
acc_00824,2026-06-02 13:04:44,unknown_device,unknown,12501,181.0,False,
acc_00825,2026-06-02 13:05:26,unknown_device,unknown,8965,269.0,False,
acc_00826,2026-06-02 13:06:31,unknown_device,unknown,5001,325.0,False,
acc_00827,2026-06-02 13:06:55,unknown_device,unknown,2261,143.0,False,
acc_00828,2026-06-02 13:07:16,Windows,unknown,11782,191.0,False,
acc_00829,2026-06-02 13:08:41,unknown_device,unknown,6304,472.0,False,
acc_00830,2026-06-02 13:08:50,unknown_device,unknown,15484,299.0,False,
acc_00831,2026-06-02 13:08:57,unknown_device,unknown,7919,184.0,False,
acc_00832,2026-06-02 13:09:08,unknown_device,unknown,13218,472.0,False,
acc_00833,2026-06-02 13:09:51,unknown_device,unknown,14080,330.0,False,
acc_00834,2026-06-02 13:10:56,unknown_device,unknown,4100,204.0,False,
acc_00835,2026-06-02 13:11:02,iOS Device,unknown,1724,494.0,False,
acc_00836,2026-06-02 13:11:33,Trident/7.0,unknown,15063,181.0,False,
acc_00837,2026-06-02 13:11:33,unknown_device,unknown,11905,441.0,False,
acc_00838,2026-06-02 13:13:10,unknown_device,unknown,6872,441.0,False,
acc_00839,2026-06-02 13:13:46,unknown_device,unknown,2157,204.0,False,
acc_00840,2026-06-02 13:14:04,unknown_device,unknown,5614,170.0,False,
acc_00841,2026-06-02 13:14:06,unknown_device,unknown,3771,436.0,False,
acc_00842,2026-06-02 13:14:11,unknown_device,unknown,15863,177.0,False,
acc_00843,2026-06-02 13:14:21,unknown_device,unknown,18246,204.0,False,
acc_00844,2026-06-02 13:14:52,unknown_device,unknown,3148,272.0,False,
acc_00845,2026-06-02 13:15:11,Windows,unknown,9836,181.0,False,
acc_00846,2026-06-02 13:15:18,unknown_device,unknown,3681,181.0,False,
acc_00847,2026-06-02 13:15:45,unknown_device,unknown,10856,441.0,False,
acc_00848,2026-06-02 13:16:11,MacOS,unknown,1724,325.0,False,
acc_00849,2026-06-02 13:16:22,unknown_device,unknown,6877,476.0,False,
acc_00850,2026-06-02 13:16:36,unknown_device,unknown,5344,181.0,False,
acc_00851,2026-06-02 13:17:36,rv:57.0,unknown,9803,472.0,False,
acc_00852,2026-06-02 13:19:11,unknown_device,unknown,6207,143.0,False,
acc_00853,2026-06-02 13:19:50,unknown_device,unknown,10349,181.0,False,
acc_00854,2026-06-02 13:20:44,unknown_device,unknown,18132,203.0,False,
acc_00855,2026-06-02 13:22:10,unknown_device,unknown,10186,325.0,False,
acc_00856,2026-06-02 13:22:14,unknown_device,unknown,4663,485.0,False,
acc_00857,2026-06-02 13:22:44,unknown_device,unknown,6550,494.0,False,
acc_00858,2026-06-02 13:23:06,unknown_device,unknown,2803,231.0,False,
acc_00859,2026-06-02 13:23:18,unknown_device,unknown,11509,327.0,False,
acc_00860,2026-06-02 13:25:18,unknown_device,unknown,7768,325.0,False,
acc_00861,2026-06-02 13:25:47,unknown_device,unknown,16560,184.0,False,
acc_00862,2026-06-02 13:25:58,MacOS,unknown,15063,264.0,False,
acc_00863,2026-06-02 13:26:07,Windows,unknown,16326,204.0,False,
acc_00864,2026-06-02 13:27:15,unknown_device,unknown,12544,184.0,False,
acc_00865,2026-06-02 13:27:18,unknown_device,unknown,15416,181.0,False,
acc_00866,2026-06-02 13:28:40,unknown_device,unknown,1070,441.0,False,
acc_00867,2026-06-02 13:29:08,unknown_device,unknown,17188,387.0,False,
acc_00868,2026-06-02 13:29:19,unknown_device,unknown,13108,191.0,False,
acc_00869,2026-06-02 13:29:51,unknown_device,unknown,9480,204.0,False,
acc_00870,2026-06-02 13:30:28,unknown_device,unknown,1444,315.0,False,
acc_00871,2026-06-02 13:30:45,unknown_device,unknown,12544,123.0,False,
acc_00872,2026-06-02 13:31:03,unknown_device,unknown,3553,231.0,False,
acc_00873,2026-06-02 13:31:36,unknown_device,unknown,8908,204.0,False,
acc_00874,2026-06-02 13:32:59,unknown_device,unknown,15688,387.0,False,
acc_00875,2026-06-02 13:33:37,MacOS,unknown,17321,472.0,False,
acc_00876,2026-06-02 13:34:56,unknown_device,unknown,17055,330.0,False,
acc_00877,2026-06-02 13:35:26,unknown_device,unknown,7676,337.0,False,
acc_00878,2026-06-02 13:35:43,unknown_device,unknown,9248,337.0,False,
acc_00879,2026-06-02 13:36:06,unknown_device,unknown,15066,226.0,False,
acc_00880,2026-06-02 13:36:57,unknown_device,unknown,8160,225.0,False,
acc_00881,2026-06-02 13:37:27,unknown_device,unknown,8411,315.0,False,
acc_00882,2026-06-02 13:39:13,unknown_device,unknown,1039,225.0,False,
acc_00883,2026-06-02 13:39:45,unknown_device,unknown,10676,191.0,False,
acc_00884,2026-06-02 13:40:09,unknown_device,unknown,17400,181.0,False,
acc_00885,2026-06-02 13:40:16,unknown_device,unknown,1675,123.0,False,
acc_00886,2026-06-02 13:41:58,Windows,unknown,2884,264.0,False,
acc_00887,2026-06-02 13:43:33,unknown_device,unknown,5973,157.0,False,
acc_00888,2026-06-02 13:43:55,unknown_device,unknown,1857,126.0,False,
acc_00889,2026-06-02 13:44:00,unknown_device,unknown,12570,272.0,False,
acc_00890,2026-06-02 13:45:53,unknown_device,unknown,9708,126.0,False,
acc_00891,2026-06-02 13:46:25,unknown_device,unknown,7166,476.0,False,
acc_00892,2026-06-02 13:47:01,unknown_device,unknown,11145,315.0,False,
acc_00893,2026-06-02 13:47:33,unknown_device,unknown,2803,204.0,False,
acc_00894,2026-06-02 13:47:39,unknown_device,unknown,10930,143.0,False,
acc_00895,2026-06-02 13:48:39,unknown_device,unknown,10908,476.0,False,
acc_00896,2026-06-02 13:49:20,unknown_device,unknown,3094,191.0,False,
acc_00897,2026-06-02 13:49:59,unknown_device,unknown,15205,337.0,False,
acc_00898,2026-06-02 13:50:10,unknown_device,unknown,12037,384.0,False,
acc_00899,2026-06-02 13:50:19,unknown_device,unknown,4272,269.0,False,
acc_00900,2026-06-02 13:51:17,unknown_device,unknown,4425,476.0,False,
acc_00901,2026-06-02 13:51:23,unknown_device,unknown,3579,126.0,False,
acc_00902,2026-06-02 13:51:54,unknown_device,unknown,9500,476.0,False,
acc_00903,2026-06-02 13:52:08,unknown_device,unknown,11465,272.0,False,
acc_00904,2026-06-02 13:52:56,unknown_device,unknown,3492,143.0,False,
acc_00905,2026-06-02 13:53:31,MacOS,unknown,16914,126.0,False,
acc_00906,2026-06-02 13:53:34,unknown_device,unknown,7994,264.0,False,
acc_00907,2026-06-02 13:54:08,unknown_device,unknown,9499,325.0,False,
acc_00908,2026-06-02 13:55:40,unknown_device,unknown,synthetic_token_ring_003,204.0,True,ring_003
acc_00909,2026-06-02 13:55:48,unknown_device,unknown,17458,330.0,False,
acc_00910,2026-06-02 13:56:57,unknown_device,unknown,17657,299.0,False,
acc_00911,2026-06-02 13:57:08,iOS Device,unknown,1675,441.0,False,
acc_00912,2026-06-02 13:57:11,Trident/7.0,unknown,16659,325.0,False,
acc_00913,2026-06-02 13:57:33,unknown_device,unknown,7861,299.0,False,
acc_00914,2026-06-02 13:58:34,unknown_device,unknown,6739,231.0,False,
acc_00915,2026-06-02 13:59:34,unknown_device,unknown,16163,325.0,False,
acc_00916,2026-06-02 14:02:45,unknown_device,unknown,18132,191.0,False,
acc_00917,2026-06-02 14:02:59,unknown_device,unknown,6519,191.0,False,
acc_00918,2026-06-02 14:06:52,unknown_device,unknown,synthetic_token_ring_003,126.0,True,ring_003
acc_00919,2026-06-02 14:07:23,unknown_device,unknown,13089,272.0,False,
acc_00920,2026-06-02 14:07:50,unknown_device,unknown,3368,204.0,False,
acc_00921,2026-06-02 14:08:01,Windows,unknown,1039,441.0,False,
acc_00922,2026-06-02 14:08:55,Windows,unknown,2616,441.0,False,
acc_00923,2026-06-02 14:09:46,unknown_device,unknown,15446,226.0,False,
acc_00924,2026-06-02 14:10:22,unknown_device,unknown,12946,203.0,False,
acc_00925,2026-06-02 14:10:29,unknown_device,unknown,12695,204.0,False,
acc_00926,2026-06-02 14:12:47,unknown_device,unknown,2377,272.0,False,
acc_00927,2026-06-02 14:14:09,unknown_device,unknown,6616,-1.0,False,
acc_00928,2026-06-02 14:14:26,Trident/7.0,unknown,16659,184.0,False,
acc_00929,2026-06-02 14:15:29,unknown_device,unknown,6174,387.0,False,
acc_00930,2026-06-02 14:15:54,unknown_device,unknown,1257,315.0,False,
acc_00931,2026-06-02 14:15:54,unknown_device,unknown,15775,251.0,False,
acc_00932,2026-06-02 14:16:10,unknown_device,unknown,11992,325.0,False,
acc_00933,2026-06-02 14:17:02,iOS Device,unknown,15333,384.0,False,
acc_00934,2026-06-02 14:17:19,synthetic_device_ring_002,unknown,1393,308.0,True,ring_002
acc_00935,2026-06-02 14:17:39,unknown_device,unknown,17188,485.0,False,
acc_00936,2026-06-02 14:17:59,iOS Device,unknown,17524,325.0,False,
acc_00937,2026-06-02 14:18:51,Windows,unknown,8359,441.0,False,
acc_00938,2026-06-02 14:18:57,unknown_device,unknown,15484,310.0,False,
acc_00939,2026-06-02 14:19:57,unknown_device,unknown,17188,327.0,False,
acc_00940,2026-06-02 14:19:57,rv:11.0,unknown,9803,387.0,False,
acc_00941,2026-06-02 14:20:05,unknown_device,unknown,16255,315.0,False,
acc_00942,2026-06-02 14:20:12,unknown_device,unknown,18350,264.0,False,
acc_00943,2026-06-02 14:20:47,iOS Device,unknown,17188,204.0,False,
acc_00944,2026-06-02 14:20:56,Trident/7.0,unknown,15494,126.0,False,
acc_00945,2026-06-02 14:21:03,unknown_device,unknown,6530,472.0,False,
acc_00946,2026-06-02 14:21:19,iOS Device,unknown,4966,181.0,False,
acc_00947,2026-06-02 14:22:11,unknown_device,unknown,2443,123.0,False,
acc_00948,2026-06-02 14:22:54,unknown_device,unknown,10409,170.0,False,
acc_00949,2026-06-02 14:23:42,synthetic_device_ring_001,unknown,11207,126.0,True,ring_001
acc_00950,2026-06-02 14:23:47,unknown_device,unknown,16923,441.0,False,
acc_00951,2026-06-02 14:24:04,unknown_device,unknown,14079,325.0,False,
acc_00952,2026-06-02 14:25:49,unknown_device,unknown,11157,433.0,False,
acc_00953,2026-06-02 14:26:27,unknown_device,unknown,11359,269.0,False,
acc_00954,2026-06-02 14:26:30,Windows,unknown,18159,181.0,False,
acc_00955,2026-06-02 14:27:08,unknown_device,unknown,10989,433.0,False,
acc_00956,2026-06-02 14:27:18,Windows,unknown,11106,441.0,False,
acc_00957,2026-06-02 14:27:26,unknown_device,unknown,15280,191.0,False,
acc_00958,2026-06-02 14:27:47,Windows,unknown,17288,-1.0,False,
acc_00959,2026-06-02 14:28:22,SAMSUNG SM-G950U Build/NRD90M,unknown,6542,324.0,False,
acc_00960,2026-06-02 14:29:07,unknown_device,unknown,10989,337.0,False,
acc_00961,2026-06-02 14:30:50,unknown_device,unknown,12598,231.0,False,
acc_00962,2026-06-02 14:31:12,unknown_device,unknown,13123,143.0,False,
acc_00963,2026-06-02 14:31:21,Windows,unknown,18227,441.0,False,
acc_00964,2026-06-02 14:31:29,Windows,unknown,1214,330.0,False,
acc_00965,2026-06-02 14:31:34,unknown_device,unknown,6980,191.0,False,
acc_00966,2026-06-02 14:32:00,unknown_device,unknown,2538,264.0,False,
acc_00967,2026-06-02 14:32:33,unknown_device,unknown,17217,204.0,False,
acc_00968,2026-06-02 14:34:59,unknown_device,unknown,10471,337.0,False,
acc_00969,2026-06-02 14:35:14,Windows,unknown,4966,272.0,False,
acc_00970,2026-06-02 14:35:57,unknown_device,unknown,8528,191.0,False,
acc_00971,2026-06-02 14:38:56,unknown_device,unknown,12570,191.0,False,
acc_00972,2026-06-02 14:39:10,unknown_device,unknown,7911,441.0,False,
acc_00973,2026-06-02 14:39:52,unknown_device,unknown,16630,191.0,False,
acc_00974,2026-06-02 14:41:09,unknown_device,unknown,2884,123.0,False,
acc_00975,2026-06-02 14:41:52,unknown_device,unknown,17347,330.0,False,
acc_00976,2026-06-02 14:42:09,unknown_device,unknown,12211,433.0,False,
acc_00977,2026-06-02 14:43:30,unknown_device,unknown,8802,143.0,False,
acc_00978,2026-06-02 14:43:32,Windows,unknown,1740,126.0,False,
acc_00979,2026-06-02 14:43:38,Windows,unknown,5645,325.0,False,
acc_00980,2026-06-02 14:43:50,unknown_device,unknown,14849,441.0,False,
acc_00981,2026-06-02 14:44:01,unknown_device,unknown,16189,325.0,False,
acc_00982,2026-06-02 14:44:04,unknown_device,unknown,10613,441.0,False,
acc_00983,2026-06-02 14:44:05,unknown_device,unknown,18366,220.0,False,
acc_00984,2026-06-02 14:44:20,unknown_device,unknown,9003,325.0,False,
acc_00985,2026-06-02 14:44:23,unknown_device,unknown,16314,330.0,False,
acc_00986,2026-06-02 14:44:45,Windows,unknown,12781,204.0,False,
acc_00987,2026-06-02 14:45:20,Windows,unknown,9370,272.0,False,
acc_00988,2026-06-02 14:45:36,unknown_device,unknown,3508,494.0,False,
acc_00989,2026-06-02 14:45:50,unknown_device,unknown,10856,327.0,False,
acc_00990,2026-06-02 14:47:26,Windows,unknown,2435,204.0,False,
acc_00991,2026-06-02 14:47:37,unknown_device,unknown,7919,110.0,False,
acc_00992,2026-06-02 14:47:51,unknown_device,unknown,15007,327.0,False,
acc_00993,2026-06-02 14:48:48,unknown_device,unknown,11282,441.0,False,
acc_00994,2026-06-02 14:50:44,unknown_device,unknown,13234,204.0,False,
acc_00995,2026-06-02 14:50:46,unknown_device,unknown,11839,123.0,False,
acc_00996,2026-06-02 14:51:08,unknown_device,unknown,16632,441.0,False,
acc_00997,2026-06-02 14:51:12,unknown_device,unknown,6666,387.0,False,
acc_00998,2026-06-02 14:51:56,unknown_device,unknown,15497,387.0,False,
acc_00999,2026-06-02 14:52:10,unknown_device,unknown,17067,205.0,False,
acc_01000,2026-06-02 14:53:06,MacOS,unknown,16659,191.0,False,
acc_01001,2026-06-02 14:53:22,unknown_device,unknown,13597,191.0,False,
acc_01002,2026-06-02 14:55:25,unknown_device,unknown,8225,264.0,False,
acc_01003,2026-06-02 14:55:38,unknown_device,unknown,14628,184.0,False,
acc_01004,2026-06-02 14:55:55,SAMSUNG SM-G950U Build/NRD90M,unknown,13844,324.0,False,
acc_01005,2026-06-02 14:56:57,unknown_device,unknown,10895,485.0,False,
acc_01006,2026-06-02 14:57:23,iOS Device,unknown,1365,204.0,False,
acc_01007,2026-06-02 14:57:43,unknown_device,unknown,3277,231.0,False,
acc_01008,2026-06-02 14:58:22,unknown_device,unknown,14179,143.0,False,
acc_01009,2026-06-02 14:58:26,unknown_device,unknown,16562,327.0,False,
acc_01010,2026-06-02 14:58:46,unknown_device,unknown,9527,428.0,False,
acc_01011,2026-06-02 15:00:15,Windows,unknown,6019,272.0,False,
acc_01012,2026-06-02 15:00:32,unknown_device,unknown,10112,436.0,False,
acc_01013,2026-06-02 15:00:38,unknown_device,unknown,8117,327.0,False,
acc_01014,2026-06-02 15:00:58,Windows,unknown,10616,123.0,False,
acc_01015,2026-06-02 15:01:07,unknown_device,unknown,3799,231.0,False,
acc_01016,2026-06-02 15:02:28,unknown_device,unknown,11286,177.0,False,
acc_01017,2026-06-02 15:02:31,Windows,unknown,10616,310.0,False,
acc_01018,2026-06-02 15:02:34,unknown_device,unknown,2803,123.0,False,
acc_01019,2026-06-02 15:02:53,unknown_device,unknown,9500,184.0,False,
acc_01020,2026-06-02 15:03:03,unknown_device,unknown,14170,203.0,False,
acc_01021,2026-06-02 15:03:46,unknown_device,unknown,12932,325.0,False,
acc_01022,2026-06-02 15:04:09,unknown_device,unknown,6237,299.0,False,
acc_01023,2026-06-02 15:04:19,unknown_device,unknown,14092,308.0,False,
acc_01024,2026-06-02 15:04:36,unknown_device,unknown,12807,337.0,False,
acc_01025,2026-06-02 15:04:55,unknown_device,unknown,10057,502.0,False,
acc_01026,2026-06-02 15:05:22,MacOS,unknown,3821,126.0,False,
acc_01027,2026-06-02 15:05:32,unknown_device,unknown,12686,315.0,False,
acc_01028,2026-06-02 15:05:50,unknown_device,unknown,9966,264.0,False,
acc_01029,2026-06-02 15:05:54,unknown_device,unknown,5938,308.0,False,
acc_01030,2026-06-02 15:05:59,unknown_device,unknown,11516,269.0,False,
acc_01031,2026-06-02 15:06:03,unknown_device,unknown,3546,181.0,False,
acc_01032,2026-06-02 15:06:16,Windows,unknown,synthetic_token_ring_003,325.0,True,ring_003
acc_01033,2026-06-02 15:06:33,unknown_device,unknown,3040,264.0,False,
acc_01034,2026-06-02 15:07:00,unknown_device,unknown,11218,184.0,False,
acc_01035,2026-06-02 15:07:10,Windows,unknown,13469,441.0,False,
acc_01036,2026-06-02 15:07:21,unknown_device,unknown,15066,126.0,False,
acc_01037,2026-06-02 15:07:38,unknown_device,unknown,6862,181.0,False,
acc_01038,2026-06-02 15:07:51,unknown_device,unknown,10004,315.0,False,
acc_01039,2026-06-02 15:07:56,unknown_device,unknown,11653,337.0,False,
acc_01040,2026-06-02 15:07:59,unknown_device,unknown,2377,264.0,False,
acc_01041,2026-06-02 15:08:07,unknown_device,unknown,7585,191.0,False,
acc_01042,2026-06-02 15:09:52,unknown_device,unknown,12620,498.0,False,
acc_01043,2026-06-02 15:09:58,unknown_device,unknown,13719,272.0,False,
acc_01044,2026-06-02 15:10:02,unknown_device,unknown,14665,184.0,False,
acc_01045,2026-06-02 15:10:33,unknown_device,unknown,15063,337.0,False,
acc_01046,2026-06-02 15:10:45,unknown_device,unknown,8606,441.0,False,
acc_01047,2026-06-02 15:10:46,unknown_device,unknown,2773,310.0,False,
acc_01048,2026-06-02 15:11:19,unknown_device,unknown,10004,220.0,False,
acc_01049,2026-06-02 15:11:46,unknown_device,unknown,17635,325.0,False,
acc_01050,2026-06-02 15:12:06,iOS Device,unknown,2790,203.0,False,
acc_01051,2026-06-02 15:12:08,unknown_device,unknown,4067,325.0,False,
acc_01052,2026-06-02 15:12:14,synthetic_device_ring_002,unknown,18375,315.0,True,ring_002
acc_01053,2026-06-02 15:13:44,unknown_device,unknown,9257,272.0,False,
acc_01054,2026-06-02 15:14:02,unknown_device,unknown,15687,184.0,False,
acc_01055,2026-06-02 15:14:35,unknown_device,unknown,18132,337.0,False,
acc_01056,2026-06-02 15:14:44,unknown_device,unknown,17480,299.0,False,
acc_01057,2026-06-02 15:15:07,unknown_device,unknown,15597,220.0,False,
acc_01058,2026-06-02 15:15:15,unknown_device,unknown,12590,325.0,False,
acc_01059,2026-06-02 15:15:20,unknown_device,unknown,17820,-1.0,False,
acc_01060,2026-06-02 15:15:32,unknown_device,unknown,5492,441.0,False,
acc_01061,2026-06-02 15:16:29,rv:11.0,unknown,6892,170.0,False,
acc_01062,2026-06-02 15:16:36,unknown_device,unknown,16081,441.0,False,
acc_01063,2026-06-02 15:17:19,iOS Device,unknown,10486,184.0,False,
acc_01064,2026-06-02 15:17:20,unknown_device,unknown,7323,170.0,False,
acc_01065,2026-06-02 15:17:27,unknown_device,unknown,1546,494.0,False,
acc_01066,2026-06-02 15:17:38,unknown_device,unknown,1976,-1.0,False,
acc_01067,2026-06-02 15:17:38,unknown_device,unknown,16883,272.0,False,
acc_01068,2026-06-02 15:18:00,unknown_device,unknown,1870,337.0,False,
acc_01069,2026-06-02 15:18:13,unknown_device,unknown,3056,441.0,False,
acc_01070,2026-06-02 15:18:19,unknown_device,unknown,8613,191.0,False,
acc_01071,2026-06-02 15:18:44,unknown_device,unknown,10776,337.0,False,
acc_01072,2026-06-02 15:19:12,unknown_device,unknown,1444,441.0,False,
acc_01073,2026-06-02 15:20:14,unknown_device,unknown,15066,472.0,False,
acc_01074,2026-06-02 15:20:16,unknown_device,unknown,17910,327.0,False,
acc_01075,2026-06-02 15:21:41,unknown_device,unknown,2302,387.0,False,
acc_01076,2026-06-02 15:22:56,unknown_device,unknown,synthetic_token_ring_004,433.0,True,ring_004
acc_01077,2026-06-02 15:22:58,unknown_device,unknown,16632,158.0,False,
acc_01078,2026-06-02 15:23:31,unknown_device,unknown,11366,315.0,False,
acc_01079,2026-06-02 15:24:01,unknown_device,unknown,15930,158.0,False,
acc_01080,2026-06-02 15:24:56,unknown_device,unknown,15678,143.0,False,
acc_01081,2026-06-02 15:25:01,unknown_device,unknown,7025,448.0,False,
acc_01082,2026-06-02 15:26:56,unknown_device,unknown,15851,327.0,False,
acc_01083,2026-06-02 15:26:57,unknown_device,unknown,10057,203.0,False,
acc_01084,2026-06-02 15:26:58,unknown_device,unknown,9992,330.0,False,
acc_01085,2026-06-02 15:27:02,unknown_device,unknown,7826,184.0,False,
acc_01086,2026-06-02 15:28:10,unknown_device,unknown,8765,191.0,False,
acc_01087,2026-06-02 15:28:27,unknown_device,unknown,12592,204.0,False,
acc_01088,2026-06-02 15:29:01,unknown_device,unknown,14102,325.0,False,
acc_01089,2026-06-02 15:29:15,unknown_device,unknown,12442,264.0,False,
acc_01090,2026-06-02 15:29:32,unknown_device,unknown,16085,264.0,False,
acc_01091,2026-06-02 15:30:36,Trident/7.0,unknown,synthetic_token_ring_004,387.0,True,ring_004
acc_01092,2026-06-02 15:31:25,Windows,unknown,12544,191.0,False,
acc_01093,2026-06-02 15:31:52,unknown_device,unknown,3056,444.0,False,
acc_01094,2026-06-02 15:32:27,unknown_device,unknown,12260,203.0,False,
acc_01095,2026-06-02 15:32:29,unknown_device,unknown,3295,498.0,False,
acc_01096,2026-06-02 15:32:29,unknown_device,unknown,9206,synthetic_addr_ring_005,True,ring_005
acc_01097,2026-06-02 15:32:34,unknown_device,unknown,10112,177.0,False,
acc_01098,2026-06-02 15:32:39,unknown_device,unknown,15757,299.0,False,
acc_01099,2026-06-02 15:32:45,unknown_device,unknown,11919,325.0,False,
acc_01100,2026-06-02 15:34:14,unknown_device,unknown,9790,315.0,False,
acc_01101,2026-06-02 15:34:28,unknown_device,unknown,2772,315.0,False,
acc_01102,2026-06-02 15:34:35,unknown_device,unknown,17933,194.0,False,
acc_01103,2026-06-02 15:35:05,rv:57.0,unknown,10616,448.0,False,
acc_01104,2026-06-02 15:35:30,unknown_device,unknown,1546,204.0,False,
acc_01105,2026-06-02 15:35:49,unknown_device,unknown,2039,253.0,False,
acc_01106,2026-06-02 15:37:06,Windows,unknown,16659,441.0,False,
acc_01107,2026-06-02 15:37:54,unknown_device,unknown,16115,205.0,False,
acc_01108,2026-06-02 15:38:00,Windows,unknown,11966,181.0,False,
acc_01109,2026-06-02 15:38:15,unknown_device,unknown,8522,220.0,False,
acc_01110,2026-06-02 15:38:55,unknown_device,unknown,11533,204.0,False,
acc_01111,2026-06-02 15:39:02,Trident/7.0,unknown,17416,264.0,False,
acc_01112,2026-06-02 15:39:03,unknown_device,unknown,7669,299.0,False,
acc_01113,2026-06-02 15:40:19,SAMSUNG SM-J327T Build/NRD90M,unknown,6053,184.0,False,
acc_01114,2026-06-02 15:40:34,unknown_device,unknown,13290,269.0,False,
acc_01115,2026-06-02 15:41:09,unknown_device,unknown,15757,264.0,False,
acc_01116,2026-06-02 15:41:14,unknown_device,unknown,11157,191.0,False,
acc_01117,2026-06-02 15:41:25,unknown_device,unknown,18334,226.0,False,
acc_01118,2026-06-02 15:42:44,unknown_device,unknown,7861,204.0,False,
acc_01119,2026-06-02 15:43:04,Trident/7.0,unknown,5909,330.0,False,
acc_01120,2026-06-02 15:43:09,rv:52.0,unknown,18375,184.0,False,
acc_01121,2026-06-02 15:44:01,unknown_device,unknown,6554,272.0,False,
acc_01122,2026-06-02 15:44:28,unknown_device,unknown,1070,476.0,False,
acc_01123,2026-06-02 15:44:29,unknown_device,unknown,10967,191.0,False,
acc_01124,2026-06-02 15:44:38,unknown_device,unknown,1663,123.0,False,
acc_01125,2026-06-02 15:44:59,unknown_device,unknown,15107,204.0,False,
acc_01126,2026-06-02 15:45:19,unknown_device,unknown,9175,325.0,False,
acc_01127,2026-06-02 15:45:58,unknown_device,unknown,10057,269.0,False,
acc_01128,2026-06-02 15:46:09,unknown_device,unknown,16521,492.0,False,
acc_01129,2026-06-02 15:47:19,unknown_device,unknown,2601,441.0,False,
acc_01130,2026-06-02 15:47:23,unknown_device,unknown,9485,315.0,False,
acc_01131,2026-06-02 15:47:26,unknown_device,unknown,1906,325.0,False,
acc_01132,2026-06-02 15:48:09,unknown_device,unknown,6489,494.0,False,
acc_01133,2026-06-02 15:48:39,unknown_device,unknown,12583,126.0,False,
acc_01134,2026-06-02 15:49:28,unknown_device,unknown,1724,126.0,False,
acc_01135,2026-06-02 15:49:59,unknown_device,unknown,12037,231.0,False,
acc_01136,2026-06-02 15:51:37,synthetic_device_ring_001,unknown,7493,-1.0,True,ring_001
acc_01137,2026-06-02 15:52:00,unknown_device,unknown,3682,143.0,False,
acc_01138,2026-06-02 15:53:53,unknown_device,unknown,8190,205.0,False,
acc_01139,2026-06-02 15:54:02,unknown_device,unknown,1284,264.0,False,
acc_01140,2026-06-02 15:54:24,unknown_device,unknown,10486,170.0,False,
acc_01141,2026-06-02 15:54:33,unknown_device,unknown,11131,485.0,False,
acc_01142,2026-06-02 15:54:57,unknown_device,unknown,4424,325.0,False,
acc_01143,2026-06-02 15:55:38,unknown_device,unknown,8965,433.0,False,
acc_01144,2026-06-02 15:55:45,Windows,unknown,16075,177.0,False,
acc_01145,2026-06-02 15:55:49,unknown_device,unknown,4702,476.0,False,
acc_01146,2026-06-02 15:55:55,unknown_device,unknown,14191,205.0,False,
acc_01147,2026-06-02 15:56:39,unknown_device,unknown,3090,325.0,False,
acc_01148,2026-06-02 15:57:05,unknown_device,unknown,6238,476.0,False,
acc_01149,2026-06-02 15:57:09,unknown_device,unknown,5970,512.0,False,
acc_01150,2026-06-02 15:57:11,iOS Device,unknown,3367,472.0,False,
acc_01151,2026-06-02 15:57:22,rv:11.0,unknown,10616,191.0,False,
acc_01152,2026-06-02 15:57:39,unknown_device,unknown,2779,325.0,False,
acc_01153,2026-06-02 15:58:05,unknown_device,unknown,8900,231.0,False,
acc_01154,2026-06-02 15:58:33,unknown_device,unknown,10856,264.0,False,
acc_01155,2026-06-02 15:58:38,unknown_device,unknown,12571,420.0,False,
acc_01156,2026-06-02 15:58:43,iOS Device,unknown,18268,472.0,False,
acc_01157,2026-06-02 15:58:48,unknown_device,unknown,13178,325.0,False,
acc_01158,2026-06-02 15:59:47,unknown_device,unknown,synthetic_token_ring_004,494.0,True,ring_004
acc_01159,2026-06-02 16:00:08,unknown_device,unknown,14080,264.0,False,
acc_01160,2026-06-02 16:00:39,unknown_device,unknown,3121,494.0,False,
acc_01161,2026-06-02 16:01:04,unknown_device,unknown,3898,181.0,False,
acc_01162,2026-06-02 16:03:05,unknown_device,unknown,10859,251.0,False,
acc_01163,2026-06-02 16:03:06,unknown_device,unknown,14649,476.0,False,
acc_01164,2026-06-02 16:03:11,unknown_device,unknown,15986,315.0,False,
acc_01165,2026-06-02 16:03:49,unknown_device,unknown,9303,476.0,False,
acc_01166,2026-06-02 16:03:52,unknown_device,unknown,1444,231.0,False,
acc_01167,2026-06-02 16:03:56,unknown_device,unknown,11900,191.0,False,
acc_01168,2026-06-02 16:04:06,unknown_device,unknown,14661,494.0,False,
acc_01169,2026-06-02 16:04:59,unknown_device,unknown,8468,126.0,False,
acc_01170,2026-06-02 16:05:18,unknown_device,unknown,2071,315.0,False,
acc_01171,2026-06-02 16:05:20,unknown_device,unknown,1333,synthetic_addr_ring_006,True,ring_006
acc_01172,2026-06-02 16:05:22,unknown_device,unknown,18132,184.0,False,
acc_01173,2026-06-02 16:05:53,unknown_device,unknown,6793,231.0,False,
acc_01174,2026-06-02 16:06:30,unknown_device,unknown,7438,181.0,False,
acc_01175,2026-06-02 16:06:55,unknown_device,unknown,10616,330.0,False,
acc_01176,2026-06-02 16:07:05,unknown_device,unknown,9749,231.0,False,
acc_01177,2026-06-02 16:07:11,unknown_device,unknown,1577,512.0,False,
acc_01178,2026-06-02 16:07:21,unknown_device,unknown,12592,226.0,False,
acc_01179,2026-06-02 16:07:25,unknown_device,unknown,5577,181.0,False,
acc_01180,2026-06-02 16:07:54,unknown_device,unknown,4578,204.0,False,
acc_01181,2026-06-02 16:08:29,Trident/7.0,unknown,15586,264.0,False,
acc_01182,2026-06-02 16:08:45,unknown_device,unknown,6470,299.0,False,
acc_01183,2026-06-02 16:09:55,unknown_device,unknown,2263,330.0,False,
acc_01184,2026-06-02 16:09:59,unknown_device,unknown,11814,191.0,False,
acc_01185,2026-06-02 16:11:00,iOS Device,unknown,11234,264.0,False,
acc_01186,2026-06-02 16:11:03,MacOS,unknown,4436,272.0,False,
acc_01187,2026-06-02 16:11:27,unknown_device,unknown,12718,264.0,False,
acc_01188,2026-06-02 16:12:11,Trident/7.0,unknown,16659,476.0,False,
acc_01189,2026-06-02 16:12:17,unknown_device,unknown,2487,337.0,False,
acc_01190,2026-06-02 16:12:39,unknown_device,unknown,12422,272.0,False,
acc_01191,2026-06-02 16:13:13,Windows,unknown,1724,225.0,False,
acc_01192,2026-06-02 16:13:41,unknown_device,unknown,2646,299.0,False,
acc_01193,2026-06-02 16:14:03,unknown_device,unknown,10075,315.0,False,
acc_01194,2026-06-02 16:14:04,iOS Device,unknown,18268,299.0,False,
acc_01195,2026-06-02 16:15:59,iOS Device,unknown,11319,343.0,False,
acc_01196,2026-06-02 16:16:10,unknown_device,unknown,16873,181.0,False,
acc_01197,2026-06-02 16:16:14,Windows,unknown,8347,325.0,False,
acc_01198,2026-06-02 16:16:31,unknown_device,unknown,11727,485.0,False,
acc_01199,2026-06-02 16:16:55,unknown_device,unknown,12501,441.0,False,
acc_01200,2026-06-02 16:17:07,unknown_device,unknown,14099,143.0,False,
acc_01201,2026-06-02 16:17:11,MacOS,unknown,8193,436.0,False,
acc_01202,2026-06-02 16:17:18,unknown_device,unknown,5938,264.0,False,
acc_01203,2026-06-02 16:17:30,unknown_device,unknown,8320,123.0,False,
acc_01204,2026-06-02 16:17:36,unknown_device,unknown,16483,494.0,False,
acc_01205,2026-06-02 16:17:42,unknown_device,unknown,6276,191.0,False,
acc_01206,2026-06-02 16:17:49,unknown_device,unknown,11344,225.0,False,
acc_01207,2026-06-02 16:18:13,unknown_device,unknown,15528,384.0,False,
acc_01208,2026-06-02 16:18:50,Windows,unknown,2616,225.0,False,
acc_01209,2026-06-02 16:19:18,unknown_device,unknown,16075,203.0,False,
acc_01210,2026-06-02 16:19:51,unknown_device,unknown,2695,387.0,False,
acc_01211,2026-06-02 16:19:53,unknown_device,unknown,12839,469.0,False,
acc_01212,2026-06-02 16:20:14,unknown_device,unknown,1359,299.0,False,
acc_01213,2026-06-02 16:20:39,iOS Device,unknown,6741,387.0,False,
acc_01214,2026-06-02 16:20:46,unknown_device,unknown,15111,191.0,False,
acc_01215,2026-06-02 16:21:15,unknown_device,unknown,11100,428.0,False,
acc_01216,2026-06-02 16:22:17,unknown_device,unknown,5033,264.0,False,
acc_01217,2026-06-02 16:23:08,Windows,unknown,16777,204.0,False,
acc_01218,2026-06-02 16:23:24,unknown_device,unknown,9178,310.0,False,
acc_01219,2026-06-02 16:23:26,unknown_device,unknown,6556,337.0,False,
acc_01220,2026-06-02 16:24:00,unknown_device,unknown,5295,315.0,False,
acc_01221,2026-06-02 16:24:02,unknown_device,unknown,14618,436.0,False,
acc_01222,2026-06-02 16:24:59,Windows,unknown,3941,158.0,False,
acc_01223,2026-06-02 16:25:28,unknown_device,unknown,6635,264.0,False,
acc_01224,2026-06-02 16:25:51,unknown_device,unknown,7648,330.0,False,
acc_01225,2026-06-02 16:26:19,Trident/7.0,unknown,13809,315.0,False,
acc_01226,2026-06-02 16:26:52,unknown_device,unknown,6877,272.0,False,
acc_01227,2026-06-02 16:27:27,unknown_device,unknown,6174,269.0,False,
acc_01228,2026-06-02 16:27:50,unknown_device,unknown,17188,264.0,False,
acc_01229,2026-06-02 16:27:53,unknown_device,unknown,7856,110.0,False,
acc_01230,2026-06-02 16:28:08,unknown_device,unknown,14661,110.0,False,
acc_01231,2026-06-02 16:29:10,unknown_device,unknown,1877,272.0,False,
acc_01232,2026-06-02 16:29:31,unknown_device,unknown,1893,315.0,False,
acc_01233,2026-06-02 16:29:33,unknown_device,unknown,10854,444.0,False,
acc_01234,2026-06-02 16:29:48,unknown_device,unknown,12105,327.0,False,
acc_01235,2026-06-02 16:30:00,unknown_device,unknown,14131,158.0,False,
acc_01236,2026-06-02 16:30:14,Windows,unknown,3821,184.0,False,
acc_01237,2026-06-02 16:30:29,unknown_device,unknown,9839,191.0,False,
acc_01238,2026-06-02 16:31:22,unknown_device,unknown,11157,251.0,False,
acc_01239,2026-06-02 16:31:33,MacOS,unknown,17541,177.0,False,
acc_01240,2026-06-02 16:31:34,unknown_device,unknown,11516,123.0,False,
acc_01241,2026-06-02 16:32:46,unknown_device,unknown,12577,204.0,False,
acc_01242,2026-06-02 16:32:53,unknown_device,unknown,14482,181.0,False,
acc_01243,2026-06-02 16:33:01,unknown_device,unknown,2744,310.0,False,
acc_01244,2026-06-02 16:33:18,unknown_device,unknown,15111,476.0,False,
acc_01245,2026-06-02 16:33:34,unknown_device,unknown,15063,324.0,False,
acc_01246,2026-06-02 16:33:41,unknown_device,unknown,10930,330.0,False,
acc_01247,2026-06-02 16:33:51,unknown_device,unknown,18201,220.0,False,
acc_01248,2026-06-02 16:34:31,unknown_device,unknown,2234,126.0,False,
acc_01249,2026-06-02 16:34:42,Trident/7.0,unknown,14441,387.0,False,
acc_01250,2026-06-02 16:34:57,unknown_device,unknown,5635,123.0,False,
acc_01251,2026-06-02 16:35:04,unknown_device,unknown,6530,123.0,False,
acc_01252,2026-06-02 16:35:10,iOS Device,unknown,16075,441.0,False,
acc_01253,2026-06-02 16:35:30,unknown_device,unknown,16255,204.0,False,
acc_01254,2026-06-02 16:35:31,unknown_device,unknown,7292,476.0,False,
acc_01255,2026-06-02 16:35:31,unknown_device,unknown,10349,225.0,False,
acc_01256,2026-06-02 16:35:45,synthetic_device_ring_001,unknown,11319,226.0,True,ring_001
acc_01257,2026-06-02 16:35:46,unknown_device,unknown,11207,324.0,False,
acc_01258,2026-06-02 16:35:50,unknown_device,unknown,16659,204.0,False,
acc_01259,2026-06-02 16:35:54,unknown_device,unknown,17939,299.0,False,
acc_01260,2026-06-02 16:36:47,unknown_device,unknown,8113,225.0,False,
acc_01261,2026-06-02 16:36:50,Windows,unknown,14479,428.0,False,
acc_01262,2026-06-02 16:37:09,unknown_device,unknown,7508,220.0,False,
acc_01263,2026-06-02 16:38:02,unknown_device,unknown,6174,205.0,False,
acc_01264,2026-06-02 16:38:10,unknown_device,unknown,14502,194.0,False,
acc_01265,2026-06-02 16:39:19,unknown_device,unknown,17469,181.0,False,
acc_01266,2026-06-02 16:39:26,unknown_device,unknown,6170,269.0,False,
acc_01267,2026-06-02 16:41:03,unknown_device,unknown,6070,428.0,False,
acc_01268,2026-06-02 16:41:21,Windows,unknown,7815,330.0,False,
acc_01269,2026-06-02 16:41:41,unknown_device,unknown,5355,204.0,False,
acc_01270,2026-06-02 16:41:45,unknown_device,unknown,3605,325.0,False,
acc_01271,2026-06-02 16:42:25,unknown_device,unknown,1906,330.0,False,
acc_01272,2026-06-02 16:42:50,unknown_device,unknown,16709,264.0,False,
acc_01273,2026-06-02 16:42:58,unknown_device,unknown,2408,123.0,False,
acc_01274,2026-06-02 16:43:03,unknown_device,unknown,11106,264.0,False,
acc_01275,2026-06-02 16:43:39,unknown_device,unknown,14186,387.0,False,
acc_01276,2026-06-02 16:44:15,unknown_device,unknown,13381,310.0,False,
acc_01277,2026-06-02 16:44:28,unknown_device,unknown,1214,123.0,False,
acc_01278,2026-06-02 16:45:25,unknown_device,unknown,4658,310.0,False,
acc_01279,2026-06-02 16:45:31,unknown_device,unknown,15399,485.0,False,
acc_01280,2026-06-02 16:46:10,unknown_device,unknown,7508,444.0,False,
acc_01281,2026-06-02 16:46:18,unknown_device,unknown,4067,225.0,False,
acc_01282,2026-06-02 16:46:41,MacOS,unknown,16326,299.0,False,
acc_01283,2026-06-02 16:47:13,unknown_device,unknown,5698,310.0,False,
acc_01284,2026-06-02 16:48:42,unknown_device,unknown,synthetic_token_ring_004,315.0,True,ring_004
acc_01285,2026-06-02 16:49:36,unknown_device,unknown,12577,327.0,False,
acc_01286,2026-06-02 16:50:16,MacOS,unknown,1357,226.0,False,
acc_01287,2026-06-02 16:51:02,unknown_device,unknown,2939,204.0,False,
acc_01288,2026-06-02 16:51:35,unknown_device,unknown,12598,220.0,False,
acc_01289,2026-06-02 16:51:47,unknown_device,unknown,12850,330.0,False,
acc_01290,2026-06-02 16:52:06,unknown_device,unknown,9002,204.0,False,
acc_01291,2026-06-02 16:52:08,unknown_device,unknown,10112,315.0,False,
acc_01292,2026-06-02 16:52:11,Trident/7.0,unknown,12099,264.0,False,
acc_01293,2026-06-02 16:52:28,unknown_device,unknown,synthetic_token_ring_004,-1.0,True,ring_004
acc_01294,2026-06-02 16:52:46,unknown_device,unknown,16630,184.0,False,
acc_01295,2026-06-02 16:53:02,unknown_device,unknown,11207,330.0,False,
acc_01296,2026-06-02 16:53:14,unknown_device,unknown,3681,315.0,False,
acc_01297,2026-06-02 16:53:16,unknown_device,unknown,1322,436.0,False,
acc_01298,2026-06-02 16:53:43,unknown_device,unknown,3738,226.0,False,
acc_01299,2026-06-02 16:54:08,unknown_device,unknown,5571,251.0,False,
acc_01300,2026-06-02 16:55:48,unknown_device,unknown,7413,123.0,False,
acc_01301,2026-06-02 16:56:30,unknown_device,unknown,9537,325.0,False,
acc_01302,2026-06-02 16:56:33,unknown_device,unknown,15990,492.0,False,
acc_01303,2026-06-02 16:56:56,unknown_device,unknown,4527,441.0,False,
acc_01304,2026-06-02 16:57:00,unknown_device,unknown,2884,126.0,False,
acc_01305,2026-06-02 16:57:02,unknown_device,unknown,16873,264.0,False,
acc_01306,2026-06-02 16:58:14,unknown_device,unknown,5409,204.0,False,
acc_01307,2026-06-02 16:58:38,unknown_device,unknown,5811,498.0,False,
acc_01308,2026-06-02 16:58:46,unknown_device,unknown,6070,492.0,False,
acc_01309,2026-06-02 16:58:50,unknown_device,unknown,synthetic_token_ring_004,184.0,True,ring_004
acc_01310,2026-06-02 16:58:58,unknown_device,unknown,10836,191.0,False,
acc_01311,2026-06-02 16:59:41,unknown_device,unknown,4976,472.0,False,
acc_01312,2026-06-02 16:59:47,unknown_device,unknown,12686,143.0,False,
acc_01313,2026-06-02 17:00:21,unknown_device,unknown,2616,123.0,False,
acc_01314,2026-06-02 17:00:26,unknown_device,unknown,18268,315.0,False,
acc_01315,2026-06-02 17:01:01,MacOS,unknown,12487,308.0,False,
acc_01316,2026-06-02 17:01:13,unknown_device,unknown,10313,220.0,False,
acc_01317,2026-06-02 17:01:46,unknown_device,unknown,15832,325.0,False,
acc_01318,2026-06-02 17:01:57,unknown_device,unknown,8135,123.0,False,
acc_01319,2026-06-02 17:02:03,unknown_device,unknown,5903,327.0,False,
acc_01320,2026-06-02 17:02:27,unknown_device,unknown,4164,441.0,False,
acc_01321,2026-06-02 17:03:40,Windows,unknown,18227,310.0,False,
acc_01322,2026-06-02 17:04:30,Windows,unknown,15570,330.0,False,
acc_01323,2026-06-02 17:04:38,unknown_device,unknown,12382,433.0,False,
acc_01324,2026-06-02 17:04:39,Trident/7.0,unknown,2585,469.0,False,
acc_01325,2026-06-02 17:04:52,unknown_device,unknown,14839,325.0,False,
acc_01326,2026-06-02 17:05:12,unknown_device,unknown,17055,synthetic_addr_ring_005,True,ring_005
acc_01327,2026-06-02 17:05:12,unknown_device,unknown,12552,325.0,False,
acc_01328,2026-06-02 17:05:36,unknown_device,unknown,7529,204.0,False,
acc_01329,2026-06-02 17:06:03,unknown_device,unknown,16508,387.0,False,
acc_01330,2026-06-02 17:06:40,unknown_device,unknown,15887,143.0,False,
acc_01331,2026-06-02 17:06:41,Windows,unknown,2256,-1.0,False,
acc_01332,2026-06-02 17:06:47,unknown_device,unknown,12616,-1.0,False,
acc_01333,2026-06-02 17:06:48,unknown_device,unknown,7689,433.0,False,
acc_01334,2026-06-02 17:07:25,unknown_device,unknown,synthetic_token_ring_003,231.0,True,ring_003
acc_01335,2026-06-02 17:07:37,unknown_device,unknown,17188,143.0,False,
acc_01336,2026-06-02 17:07:38,unknown_device,unknown,16521,158.0,False,
acc_01337,2026-06-02 17:07:47,unknown_device,unknown,18390,264.0,False,
acc_01338,2026-06-02 17:08:01,unknown_device,unknown,16659,205.0,False,
acc_01339,2026-06-02 17:08:12,synthetic_device_ring_002,unknown,2114,310.0,True,ring_002
acc_01340,2026-06-02 17:08:21,unknown_device,unknown,4029,272.0,False,
acc_01341,2026-06-02 17:09:30,unknown_device,unknown,6902,143.0,False,
acc_01342,2026-06-02 17:09:33,unknown_device,unknown,5273,315.0,False,
acc_01343,2026-06-02 17:11:02,unknown_device,unknown,1431,343.0,False,
acc_01344,2026-06-02 17:11:28,unknown_device,unknown,17188,synthetic_addr_ring_006,True,ring_006
acc_01345,2026-06-02 17:11:48,unknown_device,unknown,5168,330.0,False,
acc_01346,2026-06-02 17:12:30,Windows,unknown,5454,485.0,False,
acc_01347,2026-06-02 17:12:30,unknown_device,unknown,3191,315.0,False,
acc_01348,2026-06-02 17:12:57,unknown_device,unknown,15993,184.0,False,
acc_01349,2026-06-02 17:12:58,unknown_device,unknown,11799,126.0,False,
acc_01350,2026-06-02 17:14:12,unknown_device,unknown,8868,330.0,False,
acc_01351,2026-06-02 17:15:08,unknown_device,unknown,8431,123.0,False,
acc_01352,2026-06-02 17:15:37,unknown_device,unknown,5262,203.0,False,
acc_01353,2026-06-02 17:16:07,unknown_device,unknown,10960,204.0,False,
acc_01354,2026-06-02 17:16:14,unknown_device,unknown,7483,387.0,False,
acc_01355,2026-06-02 17:16:46,unknown_device,unknown,10776,485.0,False,
acc_01356,2026-06-02 17:16:53,unknown_device,unknown,11207,420.0,False,
acc_01357,2026-06-02 17:17:12,unknown_device,unknown,18063,325.0,False,
acc_01358,2026-06-02 17:17:17,MacOS,unknown,9417,441.0,False,
acc_01359,2026-06-02 17:18:07,unknown_device,unknown,4649,225.0,False,
acc_01360,2026-06-02 17:18:20,unknown_device,unknown,14874,269.0,False,
acc_01361,2026-06-02 17:18:22,unknown_device,unknown,12928,315.0,False,
acc_01362,2026-06-02 17:18:36,unknown_device,unknown,9992,387.0,False,
acc_01363,2026-06-02 17:18:56,unknown_device,unknown,12970,494.0,False,
acc_01364,2026-06-02 17:18:57,unknown_device,unknown,1342,126.0,False,
acc_01365,2026-06-02 17:18:59,unknown_device,unknown,5033,123.0,False,
acc_01366,2026-06-02 17:19:42,unknown_device,unknown,8528,476.0,False,
acc_01367,2026-06-02 17:20:20,unknown_device,unknown,7585,184.0,False,
acc_01368,2026-06-02 17:20:20,unknown_device,unknown,9335,177.0,False,
acc_01369,2026-06-02 17:20:40,unknown_device,unknown,12501,191.0,False,
acc_01370,2026-06-02 17:21:18,Windows,unknown,10616,476.0,False,
acc_01371,2026-06-02 17:21:40,Windows,unknown,12722,-1.0,False,
acc_01372,2026-06-02 17:21:47,unknown_device,unknown,6328,444.0,False,
acc_01373,2026-06-02 17:22:23,Windows,unknown,18268,441.0,False,
acc_01374,2026-06-02 17:22:35,unknown_device,unknown,7919,492.0,False,
acc_01375,2026-06-02 17:22:42,unknown_device,unknown,11207,231.0,False,
acc_01376,2026-06-02 17:23:02,MacOS,unknown,12253,315.0,False,
acc_01377,2026-06-02 17:23:45,unknown_device,unknown,17957,-1.0,False,
acc_01378,2026-06-02 17:24:05,unknown_device,unknown,8695,204.0,False,
acc_01379,2026-06-02 17:24:19,unknown_device,unknown,7585,272.0,False,
acc_01380,2026-06-02 17:24:43,unknown_device,unknown,11144,428.0,False,
acc_01381,2026-06-02 17:25:07,unknown_device,unknown,16560,181.0,False,
acc_01382,2026-06-02 17:25:09,unknown_device,unknown,12577,143.0,False,
acc_01383,2026-06-02 17:25:12,unknown_device,unknown,11839,299.0,False,
acc_01384,2026-06-02 17:26:46,VS988 Build/NRD90U,unknown,2755,512.0,False,
acc_01385,2026-06-02 17:27:04,unknown_device,unknown,14887,181.0,False,
acc_01386,2026-06-02 17:27:26,Windows,unknown,17088,472.0,False,
acc_01387,2026-06-02 17:27:27,unknown_device,unknown,1078,123.0,False,
acc_01388,2026-06-02 17:28:06,unknown_device,unknown,15111,272.0,False,
acc_01389,2026-06-02 17:28:18,unknown_device,unknown,11796,203.0,False,
acc_01390,2026-06-02 17:28:34,unknown_device,unknown,15497,310.0,False,
acc_01391,2026-06-02 17:31:05,unknown_device,unknown,9048,143.0,False,
acc_01392,2026-06-02 17:31:11,rv:11.0,unknown,15007,231.0,False,
acc_01393,2026-06-02 17:31:20,Trident/7.0,unknown,3052,191.0,False,
acc_01394,2026-06-02 17:32:50,unknown_device,unknown,17404,325.0,False,
acc_01395,2026-06-02 17:32:55,Windows,unknown,11282,476.0,False,
acc_01396,2026-06-02 17:33:13,unknown_device,unknown,5772,184.0,False,
acc_01397,2026-06-02 17:34:20,unknown_device,unknown,4663,433.0,False,
acc_01398,2026-06-02 17:34:20,unknown_device,unknown,11282,272.0,False,
acc_01399,2026-06-02 17:34:22,Windows,unknown,10616,325.0,False,
acc_01400,2026-06-02 17:34:27,Trident/7.0,unknown,6019,337.0,False,
acc_01401,2026-06-02 17:35:33,synthetic_device_ring_001,unknown,7921,299.0,True,ring_001
acc_01402,2026-06-02 17:35:41,unknown_device,unknown,15916,-1.0,False,
acc_01403,2026-06-02 17:35:49,unknown_device,unknown,6793,384.0,False,
acc_01404,2026-06-02 17:35:49,unknown_device,unknown,3055,512.0,False,
acc_01405,2026-06-02 17:35:59,unknown_device,unknown,16375,226.0,False,
acc_01406,2026-06-02 17:36:13,unknown_device,unknown,15592,264.0,False,
acc_01407,2026-06-02 17:36:15,Trident/7.0,unknown,3682,485.0,False,
acc_01408,2026-06-02 17:38:13,unknown_device,unknown,12449,143.0,False,
acc_01409,2026-06-02 17:38:24,unknown_device,unknown,7676,194.0,False,
acc_01410,2026-06-02 17:38:59,unknown_device,unknown,12614,512.0,False,
acc_01411,2026-06-02 17:39:33,unknown_device,unknown,14631,123.0,False,
acc_01412,2026-06-02 17:40:32,unknown_device,unknown,12577,272.0,False,
acc_01413,2026-06-02 17:41:00,unknown_device,unknown,10057,327.0,False,
acc_01414,2026-06-02 17:41:29,unknown_device,unknown,3478,181.0,False,
acc_01415,2026-06-02 17:41:44,unknown_device,unknown,7585,123.0,False,
acc_01416,2026-06-02 17:42:05,unknown_device,unknown,16883,441.0,False,
acc_01417,2026-06-02 17:42:05,unknown_device,unknown,1555,272.0,False,
acc_01418,2026-06-02 17:42:20,MacOS,unknown,6019,436.0,False,
acc_01419,2026-06-02 17:43:13,unknown_device,unknown,6843,315.0,False,
acc_01420,2026-06-02 17:43:41,unknown_device,unknown,8394,330.0,False,
acc_01421,2026-06-02 17:43:42,unknown_device,unknown,13283,472.0,False,
acc_01422,2026-06-02 17:43:43,Trident/7.0,unknown,9803,512.0,False,
acc_01423,2026-06-02 17:43:47,unknown_device,unknown,10509,337.0,False,
acc_01424,2026-06-02 17:44:01,unknown_device,unknown,7676,469.0,False,
acc_01425,2026-06-02 17:44:03,unknown_device,unknown,8378,310.0,False,
acc_01426,2026-06-02 17:44:08,Trident/7.0,unknown,18227,synthetic_addr_ring_005,True,ring_005
acc_01427,2026-06-02 17:44:14,unknown_device,unknown,17701,299.0,False,
acc_01428,2026-06-02 17:44:25,unknown_device,unknown,15436,330.0,False,
acc_01429,2026-06-02 17:45:07,unknown_device,unknown,7664,310.0,False,
acc_01430,2026-06-02 17:45:23,unknown_device,unknown,14580,272.0,False,
acc_01431,2026-06-02 17:45:29,unknown_device,unknown,15108,315.0,False,
acc_01432,2026-06-02 17:45:46,unknown_device,unknown,8333,204.0,False,
acc_01433,2026-06-02 17:46:12,Windows,unknown,13233,299.0,False,
acc_01434,2026-06-02 17:46:29,unknown_device,unknown,12526,492.0,False,
acc_01435,2026-06-02 17:46:38,unknown_device,unknown,11666,343.0,False,
acc_01436,2026-06-02 17:47:14,MacOS,unknown,2616,204.0,False,
acc_01437,2026-06-02 17:47:27,unknown_device,unknown,8135,476.0,False,
acc_01438,2026-06-02 17:47:41,iOS Device,unknown,10242,441.0,False,
acc_01439,2026-06-02 17:48:29,Trident/7.0,unknown,11384,299.0,False,
acc_01440,2026-06-02 17:48:41,unknown_device,unknown,6727,251.0,False,
acc_01441,2026-06-02 17:48:56,unknown_device,unknown,10667,181.0,False,
acc_01442,2026-06-02 17:49:24,unknown_device,unknown,13991,226.0,False,
acc_01443,2026-06-02 17:49:29,unknown_device,unknown,8135,204.0,False,
acc_01444,2026-06-02 17:51:11,unknown_device,unknown,11534,143.0,False,
acc_01445,2026-06-02 17:51:45,unknown_device,unknown,11839,269.0,False,
acc_01446,2026-06-02 17:51:48,unknown_device,unknown,18350,476.0,False,
acc_01447,2026-06-02 17:52:17,unknown_device,unknown,11207,476.0,False,
acc_01448,2026-06-02 17:52:23,Trident/7.0,unknown,synthetic_token_ring_003,126.0,True,ring_003
acc_01449,2026-06-02 17:52:36,unknown_device,unknown,14079,498.0,False,
acc_01450,2026-06-02 17:52:40,unknown_device,unknown,12002,191.0,False,
acc_01451,2026-06-02 17:52:51,unknown_device,unknown,10960,272.0,False,
acc_01452,2026-06-02 17:52:56,MacOS,unknown,16873,330.0,False,
acc_01453,2026-06-02 17:53:27,unknown_device,unknown,1444,181.0,False,
acc_01454,2026-06-02 17:53:47,unknown_device,unknown,1968,433.0,False,
acc_01455,2026-06-02 17:54:05,unknown_device,unknown,5170,325.0,False,
acc_01456,2026-06-02 17:54:34,unknown_device,unknown,11986,337.0,False,
acc_01457,2026-06-02 17:54:36,Windows,unknown,10391,420.0,False,
acc_01458,2026-06-02 17:54:48,unknown_device,unknown,16858,420.0,False,
acc_01459,2026-06-02 17:54:52,unknown_device,unknown,16819,492.0,False,
acc_01460,2026-06-02 17:55:07,unknown_device,unknown,11160,299.0,False,
acc_01461,2026-06-02 17:55:23,unknown_device,unknown,16245,170.0,False,
acc_01462,2026-06-02 17:55:30,iOS Device,unknown,8397,126.0,False,
acc_01463,2026-06-02 17:55:42,unknown_device,unknown,15185,264.0,False,
acc_01464,2026-06-02 17:55:46,unknown_device,unknown,14086,299.0,False,
acc_01465,2026-06-02 17:56:29,unknown_device,unknown,17458,126.0,False,
acc_01466,2026-06-02 17:56:50,unknown_device,unknown,3757,272.0,False,
acc_01467,2026-06-02 17:58:02,unknown_device,unknown,16053,325.0,False,
acc_01468,2026-06-02 17:58:10,unknown_device,unknown,1284,387.0,False,
acc_01469,2026-06-02 17:58:16,unknown_device,unknown,3187,143.0,False,
acc_01470,2026-06-02 17:58:20,unknown_device,unknown,14649,272.0,False,
acc_01471,2026-06-02 17:58:22,Windows,unknown,16435,337.0,False,
acc_01472,2026-06-02 17:58:55,unknown_device,unknown,10112,272.0,False,
acc_01473,2026-06-02 17:58:56,unknown_device,unknown,4272,220.0,False,
acc_01474,2026-06-02 17:59:21,unknown_device,unknown,2751,436.0,False,
acc_01475,2026-06-02 17:59:33,unknown_device,unknown,4030,126.0,False,
acc_01476,2026-06-02 17:59:39,unknown_device,unknown,2884,181.0,False,
acc_01477,2026-06-02 17:59:58,unknown_device,unknown,17396,299.0,False,
acc_01478,2026-06-02 18:01:42,unknown_device,unknown,9066,330.0,False,
acc_01479,2026-06-02 18:02:02,Windows,unknown,7867,327.0,False,
acc_01480,2026-06-02 18:02:24,unknown_device,unknown,3891,264.0,False,
acc_01481,2026-06-02 18:03:06,unknown_device,unknown,14259,325.0,False,
acc_01482,2026-06-02 18:03:40,unknown_device,unknown,14415,436.0,False,
acc_01483,2026-06-02 18:03:42,unknown_device,unknown,12725,204.0,False,
acc_01484,2026-06-02 18:04:07,unknown_device,unknown,2884,299.0,False,
