transaction_id,account_id,timestamp,amount,transaction_type,merchant_category,device_id,is_fraud_individual
2987000,acc_00000,2026-06-02 00:00:00,68.5,purchase,W,unknown_device,False
2987001,acc_00001,2026-06-02 00:00:01,29.0,purchase,W,unknown_device,False
2987002,acc_00002,2026-06-02 00:01:09,59.0,purchase,W,unknown_device,False
2987003,acc_00003,2026-06-02 00:01:39,50.0,purchase,W,unknown_device,False
2987004,acc_00004,2026-06-02 00:01:46,50.0,purchase,H,SAMSUNG SM-G892A Build/NRD90M,False
2987005,acc_00005,2026-06-02 00:01:50,49.0,purchase,W,unknown_device,False
2987006,acc_00006,2026-06-02 00:02:02,159.0,purchase,W,unknown_device,False
2987007,acc_00007,2026-06-02 00:02:09,422.5,purchase,W,unknown_device,False
2987008,acc_00008,2026-06-02 00:02:15,15.0,purchase,H,iOS Device,False
2987009,acc_00009,2026-06-02 00:02:16,117.0,purchase,W,unknown_device,False
2987010,acc_00010,2026-06-02 00:02:29,75.887,purchase,C,Windows,False
2987011,acc_00011,2026-06-02 00:02:35,16.495,purchase,C,unknown_device,False
2987012,acc_00012,2026-06-02 00:02:44,50.0,purchase,W,unknown_device,False
2987013,acc_00013,2026-06-02 00:03:05,40.0,purchase,W,unknown_device,False
2987014,acc_00014,2026-06-02 00:03:16,10.5,purchase,W,unknown_device,False
2987015,acc_00015,2026-06-02 00:03:38,57.95,purchase,W,unknown_device,False
2987016,acc_00016,2026-06-02 00:03:40,30.0,purchase,H,MacOS,False
2987017,acc_00017,2026-06-02 00:04:28,100.0,purchase,H,Windows,False
2987018,acc_00018,2026-06-02 00:05:25,47.95,purchase,W,unknown_device,False
2987019,acc_00019,2026-06-02 00:05:30,186.0,purchase,W,unknown_device,False
2987020,acc_00020,2026-06-02 00:06:01,39.0,purchase,W,unknown_device,False
2987021,acc_00021,2026-06-02 00:06:09,159.95,purchase,W,unknown_device,False
2987022,acc_00022,2026-06-02 00:06:26,50.0,purchase,H,unknown_device,False
2987023,acc_00023,2026-06-02 00:06:48,107.95,purchase,W,unknown_device,False
2987024,acc_00024,2026-06-02 00:07:01,73.95,purchase,W,unknown_device,False
2987025,acc_00025,2026-06-02 00:09:04,107.95,purchase,W,unknown_device,False
2987026,acc_00026,2026-06-02 00:09:05,184.0,purchase,W,unknown_device,False
2987027,acc_00027,2026-06-02 00:09:32,47.95,purchase,W,unknown_device,False
2987028,acc_00028,2026-06-02 00:09:33,20.0,purchase,W,unknown_device,False
2987029,acc_00029,2026-06-02 00:09:39,36.99,purchase,W,unknown_device,False
2987030,acc_00030,2026-06-02 00:09:54,35.0,purchase,W,unknown_device,False
2987031,acc_00031,2026-06-02 00:09:58,363.89,purchase,W,unknown_device,False
2987032,acc_00032,2026-06-02 00:10:08,200.0,purchase,W,unknown_device,False
2987033,acc_00033,2026-06-02 00:11:18,40.0,purchase,W,unknown_device,False
2987034,acc_00034,2026-06-02 00:12:15,107.95,purchase,W,unknown_device,False
2987035,acc_00035,2026-06-02 00:12:20,107.95,purchase,W,unknown_device,False
2987036,acc_00036,2026-06-02 00:12:29,77.0,purchase,W,unknown_device,False
2987037,acc_00037,2026-06-02 00:12:41,21.95,purchase,W,unknown_device,False
2987038,acc_00038,2026-06-02 00:12:52,25.0,purchase,S,unknown_device,False
2987039,acc_00039,2026-06-02 00:13:22,39.95,purchase,W,unknown_device,False
2987040,acc_00040,2026-06-02 00:13:29,75.887,purchase,C,Windows,False
2987041,acc_00041,2026-06-02 00:13:40,774.0,purchase,W,unknown_device,False
2987042,acc_00042,2026-06-02 00:13:53,117.0,purchase,W,unknown_device,False
2987043,acc_00043,2026-06-02 00:14:08,49.0,purchase,W,unknown_device,False
2987044,acc_00044,2026-06-02 00:14:26,39.5,purchase,W,unknown_device,False
2987045,acc_00045,2026-06-02 00:14:35,36.95,purchase,W,unknown_device,False
2987046,acc_00046,2026-06-02 00:14:45,49.0,purchase,W,unknown_device,False
2987047,acc_00047,2026-06-02 00:14:45,15.0,purchase,W,unknown_device,False
2987048,acc_00048,2026-06-02 00:15:17,42.294,purchase,C,Windows,False
2987049,acc_00049,2026-06-02 00:15:17,3.595,purchase,C,Windows,False
2987050,acc_00050,2026-06-02 00:15:19,117.0,purchase,W,unknown_device,False
2987051,acc_00032,2026-06-02 00:15:28,226.0,purchase,W,unknown_device,False
2987052,acc_00051,2026-06-02 00:15:33,117.0,purchase,W,unknown_device,False
2987053,acc_00052,2026-06-02 00:15:49,130.95,purchase,W,unknown_device,False
2987054,acc_00053,2026-06-02 00:16:41,34.0,purchase,W,unknown_device,False
2987055,acc_00054,2026-06-02 00:16:53,210.95,purchase,W,unknown_device,False
2987056,acc_00055,2026-06-02 00:17:20,500.0,purchase,W,unknown_device,False
2987057,acc_00056,2026-06-02 00:17:25,50.0,purchase,H,SM-G930V Build/NRD90M,False
2987058,acc_00057,2026-06-02 00:18:52,380.21,purchase,W,unknown_device,False
2987059,acc_00058,2026-06-02 00:19:17,35.95,purchase,W,unknown_device,False
2987060,acc_00059,2026-06-02 00:19:41,2454.0,purchase,W,unknown_device,False
2987061,acc_00046,2026-06-02 00:19:56,58.95,purchase,W,unknown_device,False
2987062,acc_00060,2026-06-02 00:20:01,200.0,purchase,W,unknown_device,False
2987063,acc_00061,2026-06-02 00:20:04,80.0,purchase,W,unknown_device,False
2987064,acc_00062,2026-06-02 00:20:11,250.0,purchase,W,unknown_device,False
2987065,acc_00063,2026-06-02 00:20:50,114.95,purchase,W,unknown_device,False
2987066,acc_00064,2026-06-02 00:21:00,300.0,purchase,H,Windows,False
2987067,acc_00065,2026-06-02 00:21:04,445.0,purchase,W,unknown_device,False
2987068,acc_00066,2026-06-02 00:21:07,3.081,purchase,C,unknown_device,False
2987069,acc_00013,2026-06-02 00:22:05,20.0,purchase,S,unknown_device,False
2987070,acc_00067,2026-06-02 00:22:15,100.0,purchase,H,iOS Device,False
2987071,acc_00068,2026-06-02 00:22:16,59.0,purchase,W,unknown_device,False
2987072,acc_00069,2026-06-02 00:22:32,6.767,purchase,C,BLADE A602 Build/MRA58K,False
2987073,acc_00055,2026-06-02 00:22:39,554.0,purchase,W,unknown_device,False
2987074,acc_00048,2026-06-02 00:22:55,27.793,purchase,C,Windows,False
2987075,acc_00036,2026-06-02 00:22:59,68.5,purchase,W,unknown_device,False
2987076,acc_00070,2026-06-02 00:23:07,36.95,purchase,W,unknown_device,False
2987077,acc_00062,2026-06-02 00:23:13,280.0,purchase,W,unknown_device,False
2987078,acc_00071,2026-06-02 00:23:45,300.0,purchase,W,unknown_device,False
2987079,acc_00072,2026-06-02 00:23:59,28.699,purchase,C,unknown_device,False
2987080,acc_00073,2026-06-02 00:24:16,60.0,purchase,W,unknown_device,False
2987081,acc_00063,2026-06-02 00:24:28,104.95,purchase,W,unknown_device,False
2987082,acc_00074,2026-06-02 00:24:59,280.0,purchase,W,unknown_device,False
2987083,acc_00075,2026-06-02 00:25:24,411.95,purchase,W,unknown_device,False
2987084,acc_00076,2026-06-02 00:25:28,125.674,purchase,C,Windows,False
2987085,acc_00048,2026-06-02 00:25:35,42.596,purchase,C,unknown_device,False
2987086,acc_00077,2026-06-02 00:25:50,44.5,purchase,W,unknown_device,False
2987087,acc_00078,2026-06-02 00:26:44,88.95,purchase,W,unknown_device,False
2987088,acc_00079,2026-06-02 00:27:01,140.0,purchase,W,unknown_device,False
2987089,acc_00063,2026-06-02 00:27:22,318.95,purchase,W,unknown_device,False
2987090,acc_00048,2026-06-02 00:27:26,77.821,purchase,C,unknown_device,False
2987091,acc_00080,2026-06-02 00:27:33,107.0,purchase,W,unknown_device,False
2987092,acc_00081,2026-06-02 00:27:34,117.0,purchase,W,unknown_device,False
2987093,acc_00082,2026-06-02 00:27:50,50.0,purchase,H,Windows,False
2987094,acc_00083,2026-06-02 00:28:27,527.0,purchase,W,unknown_device,False
2987095,acc_00084,2026-06-02 00:28:40,59.0,purchase,W,unknown_device,False
2987096,acc_00085,2026-06-02 00:28:51,108.5,purchase,W,unknown_device,False
2987097,acc_00086,2026-06-02 00:29:07,21.5,purchase,W,unknown_device,False
2987098,acc_00087,2026-06-02 00:29:09,159.0,purchase,W,unknown_device,False
2987099,acc_00088,2026-06-02 00:29:22,75.0,purchase,R,iOS Device,False
2987100,acc_00089,2026-06-02 00:29:29,100.0,purchase,H,SM-G930V Build/NRD90M,False
2987101,acc_00090,2026-06-02 00:29:34,25.0,purchase,H,MacOS,False
2987102,acc_00091,2026-06-02 00:29:38,42.95,purchase,W,unknown_device,False
2987103,acc_00053,2026-06-02 00:29:44,47.95,purchase,W,unknown_device,False
2987104,acc_00089,2026-06-02 00:30:08,100.0,purchase,H,SM-G930V Build/NRD90M,False
2987105,acc_00048,2026-06-02 00:30:29,5.075,purchase,C,XT1635-02 Build/NPN26.118-22-2,False
2987106,acc_00092,2026-06-02 00:30:30,92.0,purchase,W,unknown_device,False
2987107,acc_00093,2026-06-02 00:30:58,226.0,purchase,W,unknown_device,False
2987108,acc_00094,2026-06-02 00:31:43,150.0,purchase,H,unknown_device,False
2987109,acc_00095,2026-06-02 00:32:26,107.95,purchase,W,unknown_device,False
2987110,acc_00096,2026-06-02 00:33:00,1153.95,purchase,W,unknown_device,False
2987111,acc_00069,2026-06-02 00:33:03,18.186,purchase,C,Windows,False
2987112,acc_00097,2026-06-02 00:33:14,210.95,purchase,W,unknown_device,False
2987113,acc_00048,2026-06-02 00:33:24,11.782,purchase,C,unknown_device,False
2987114,acc_00098,2026-06-02 00:33:24,4.433,purchase,C,Windows,False
2987115,acc_00099,2026-06-02 00:33:30,75.0,purchase,W,unknown_device,False
2987116,acc_00100,2026-06-02 00:33:55,34.0,purchase,W,synthetic_device_ring_001,False
2987117,acc_00101,2026-06-02 00:34:00,200.0,purchase,W,unknown_device,False
2987118,acc_00048,2026-06-02 00:34:31,11.782,purchase,C,unknown_device,False
2987119,acc_00102,2026-06-02 00:48:44,100.0,purchase,H,MacOS,False
2987120,acc_00103,2026-06-02 00:35:07,59.0,purchase,W,unknown_device,False
2987121,acc_00104,2026-06-02 00:35:17,50.0,purchase,H,MacOS,False
2987122,acc_00105,2026-06-02 00:35:38,80.0,purchase,W,unknown_device,False
2987123,acc_00106,2026-06-02 00:35:49,59.0,purchase,W,unknown_device,False
2987124,acc_00107,2026-06-02 00:35:54,58.95,purchase,W,unknown_device,False
2987125,acc_00104,2026-06-02 00:35:56,50.0,purchase,H,MacOS,False
2987126,acc_00108,2026-06-02 00:36:19,87.95,purchase,W,unknown_device,False
2987127,acc_00095,2026-06-02 00:36:26,107.95,purchase,W,unknown_device,False
2987128,acc_00109,2026-06-02 00:36:29,57.95,purchase,W,unknown_device,False
2987129,acc_00110,2026-06-02 00:36:47,50.0,purchase,W,unknown_device,False
2987130,acc_00040,2026-06-02 00:36:59,70.933,purchase,C,Windows,False
2987131,acc_00111,2026-06-02 00:37:08,444.61,purchase,W,unknown_device,False
2987132,acc_00112,2026-06-02 00:37:18,757.07,purchase,W,unknown_device,False
2987133,acc_00113,2026-06-02 00:37:27,2594.95,purchase,W,unknown_device,False
2987134,acc_00114,2026-06-02 00:37:37,117.0,purchase,W,unknown_device,False
2987135,acc_00115,2026-06-02 00:37:51,3000.0,purchase,W,unknown_device,False
2987136,acc_00116,2026-06-02 00:38:08,30.0,purchase,W,unknown_device,False
2987137,acc_00117,2026-06-02 00:38:24,56.95,purchase,W,unknown_device,False
2987138,acc_00118,2026-06-02 00:38:45,100.0,purchase,H,Windows,False
2987139,acc_00119,2026-06-02 00:38:55,129.299,purchase,C,unknown_device,False
2987140,acc_00120,2026-06-02 00:39:03,208.43,purchase,W,unknown_device,False
2987141,acc_00121,2026-06-02 00:39:15,200.0,purchase,R,MacOS,False
2987142,acc_00048,2026-06-02 00:39:37,23.806,purchase,C,unknown_device,False
2987143,acc_00122,2026-06-02 00:39:38,100.0,purchase,W,unknown_device,False
2987144,acc_00121,2026-06-02 00:40:03,200.0,purchase,R,MacOS,False
2987145,acc_00123,2026-06-02 00:40:05,100.0,purchase,R,iOS Device,False
2987146,acc_00048,2026-06-02 00:40:18,23.806,purchase,C,unknown_device,False
2987147,acc_00108,2026-06-02 00:40:19,25.95,purchase,W,unknown_device,False
2987148,acc_00124,2026-06-02 00:40:42,30.0,purchase,H,iOS Device,False
2987149,acc_00107,2026-06-02 00:40:49,43.95,purchase,W,unknown_device,False
2987150,acc_00125,2026-06-02 00:41:20,117.0,purchase,W,unknown_device,False
2987151,acc_00126,2026-06-02 00:41:37,49.0,purchase,W,unknown_device,False
2987152,acc_00113,2026-06-02 00:41:47,587.82,purchase,W,unknown_device,False
2987153,acc_00080,2026-06-02 00:41:50,29.0,purchase,W,unknown_device,False
2987154,acc_00127,2026-06-02 00:41:52,35.95,purchase,W,unknown_device,False
2987155,acc_00128,2026-06-02 00:42:23,479.95,purchase,W,unknown_device,False
2987156,acc_00129,2026-06-02 00:42:45,50.0,purchase,R,Windows,False
2987157,acc_00130,2026-06-02 00:43:17,30.0,purchase,W,unknown_device,False
2987158,acc_00131,2026-06-02 00:43:17,171.0,purchase,W,unknown_device,False
2987159,acc_00063,2026-06-02 00:44:32,92.95,purchase,W,unknown_device,False
2987160,acc_00028,2026-06-02 00:44:35,29.0,purchase,W,unknown_device,False
2987161,acc_00093,2026-06-02 00:44:45,107.95,purchase,W,unknown_device,False
2987162,acc_00132,2026-06-02 00:44:55,100.0,purchase,W,unknown_device,False
2987163,acc_00063,2026-06-02 00:45:03,973.95,purchase,W,unknown_device,False
2987164,acc_00133,2026-06-02 00:45:33,34.0,purchase,W,unknown_device,False
2987165,acc_00134,2026-06-02 00:45:34,39.0,purchase,W,unknown_device,False
2987166,acc_00135,2026-06-02 00:45:47,26.5,purchase,W,unknown_device,False
2987167,acc_00136,2026-06-02 00:53:09,100.0,purchase,H,Windows,False
2987168,acc_00097,2026-06-02 00:46:20,36.95,purchase,W,unknown_device,False
2987169,acc_00137,2026-06-02 00:46:25,100.0,purchase,W,unknown_device,False
2987170,acc_00138,2026-06-02 00:46:29,20.0,purchase,W,unknown_device,False
2987171,acc_00139,2026-06-02 00:46:51,34.0,purchase,W,unknown_device,False
2987172,acc_00140,2026-06-02 00:47:05,159.95,purchase,W,unknown_device,False
2987173,acc_00141,2026-06-02 00:47:10,25.0,purchase,H,iOS Device,False
2987174,acc_00093,2026-06-02 00:47:30,107.95,purchase,W,unknown_device,False
2987175,acc_00111,2026-06-02 00:47:48,117.0,purchase,W,unknown_device,False
2987176,acc_00142,2026-06-02 00:48:03,39.0,purchase,W,unknown_device,False
2987177,acc_00045,2026-06-02 00:49:01,306.47,purchase,W,unknown_device,False
2987178,acc_00143,2026-06-02 00:49:32,445.0,purchase,W,unknown_device,False
2987179,acc_00097,2026-06-02 00:49:53,424.95,purchase,W,unknown_device,False
2987180,acc_00144,2026-06-02 00:50:04,83.95,purchase,W,unknown_device,False
2987181,acc_00145,2026-06-02 00:50:37,171.0,purchase,W,unknown_device,False
2987182,acc_00097,2026-06-02 00:50:39,311.95,purchase,W,unknown_device,False
2987183,acc_00146,2026-06-02 00:50:57,200.0,purchase,H,Z970,False
2987184,acc_00147,2026-06-02 00:51:06,112.99,purchase,W,unknown_device,False
2987185,acc_00148,2026-06-02 00:51:23,359.91,purchase,W,unknown_device,False
2987186,acc_00149,2026-06-02 00:51:53,117.0,purchase,W,unknown_device,False
2987187,acc_00150,2026-06-02 00:52:22,50.0,purchase,W,unknown_device,False
2987188,acc_00013,2026-06-02 00:52:25,12.0,purchase,S,unknown_device,False
2987189,acc_00151,2026-06-02 00:52:41,57.399,purchase,C,Windows,False
2987190,acc_00152,2026-06-02 00:52:45,32.325,purchase,C,unknown_device,False
2987191,acc_00153,2026-06-02 00:53:17,26.5,purchase,W,unknown_device,False
2987192,acc_00154,2026-06-02 00:53:20,5.982,purchase,C,Windows,False
2987193,acc_00072,2026-06-02 00:53:31,28.699,purchase,C,unknown_device,False
2987194,acc_00155,2026-06-02 00:53:44,1486.44,purchase,W,unknown_device,False
2987195,acc_00156,2026-06-02 00:53:45,59.0,purchase,W,unknown_device,False
2987196,acc_00157,2026-06-02 00:53:53,8.641,purchase,C,Windows,False
2987197,acc_00158,2026-06-02 00:54:23,66.0,purchase,H,iOS Device,False
2987198,acc_00159,2026-06-02 00:54:23,15.0,purchase,H,iOS Device,False
2987199,acc_00048,2026-06-02 00:54:25,19.455,purchase,C,unknown_device,False
2987200,acc_00126,2026-06-02 00:54:26,34.0,purchase,W,unknown_device,False
2987201,acc_00160,2026-06-02 00:54:59,2547.46,purchase,W,unknown_device,False
2987202,acc_00161,2026-06-02 00:55:19,47.95,purchase,W,unknown_device,False
2987203,acc_00162,2026-06-02 00:56:00,445.0,purchase,W,unknown_device,True
2987204,acc_00163,2026-06-02 00:56:25,47.95,purchase,W,unknown_device,False
2987205,acc_00164,2026-06-02 00:56:33,28.699,purchase,C,unknown_device,False
2987206,acc_00165,2026-06-02 00:56:33,39.0,purchase,W,unknown_device,False
2987207,acc_00166,2026-06-02 00:57:08,25.0,purchase,H,iOS Device,False
2987208,acc_00167,2026-06-02 00:57:14,120.95,purchase,W,unknown_device,False
2987209,acc_00168,2026-06-02 00:57:16,21.993,purchase,C,Windows,False
2987210,acc_00169,2026-06-02 00:57:17,2948.95,purchase,W,unknown_device,False
2987211,acc_00170,2026-06-02 00:57:20,15.0,purchase,H,SM-N920V Build/NRD90M,False
2987212,acc_00171,2026-06-02 00:57:24,117.0,purchase,W,unknown_device,False
2987213,acc_00172,2026-06-02 00:57:47,499.95,purchase,W,unknown_device,False
2987214,acc_00173,2026-06-02 00:57:58,99.0,purchase,W,unknown_device,False
2987215,acc_00041,2026-06-02 00:58:06,209.95,purchase,W,unknown_device,False
2987216,acc_00174,2026-06-02 00:58:36,100.0,purchase,W,unknown_device,False
2987217,acc_00175,2026-06-02 00:58:44,15.0,purchase,W,unknown_device,False
2987218,acc_00176,2026-06-02 00:58:50,117.0,purchase,W,unknown_device,False
2987219,acc_00177,2026-06-02 00:58:51,50.0,purchase,W,unknown_device,False
2987220,acc_00178,2026-06-02 00:59:00,49.0,purchase,W,unknown_device,False
2987221,acc_00179,2026-06-02 00:59:01,68.5,purchase,W,unknown_device,False
2987222,acc_00180,2026-06-02 00:59:02,590.4,purchase,W,synthetic_device_ring_001,False
2987223,acc_00181,2026-06-02 00:59:08,54.0,purchase,W,unknown_device,False
2987224,acc_00182,2026-06-02 00:59:26,67.95,purchase,W,unknown_device,False
2987225,acc_00183,2026-06-02 00:59:29,43.0,purchase,W,unknown_device,False
2987226,acc_00184,2026-06-02 00:59:49,39.0,purchase,W,unknown_device,False
2987227,acc_00185,2026-06-02 00:59:50,1973.0,purchase,W,unknown_device,False
2987228,acc_00186,2026-06-02 01:00:14,75.0,purchase,W,unknown_device,False
2987229,acc_00187,2026-06-02 01:00:34,49.0,purchase,W,unknown_device,False
2987230,acc_00188,2026-06-02 01:01:24,107.95,purchase,W,synthetic_device_ring_002,False
2987231,acc_00189,2026-06-02 01:01:25,474.95,purchase,W,unknown_device,False
2987232,acc_00190,2026-06-02 01:01:38,25.95,purchase,W,unknown_device,False
2987233,acc_00173,2026-06-02 01:01:50,116.0,purchase,W,unknown_device,False
2987234,acc_00191,2026-06-02 01:01:51,150.5,purchase,W,unknown_device,False
2987235,acc_00192,2026-06-02 01:02:27,50.0,purchase,W,unknown_device,False
2987236,acc_00131,2026-06-02 01:02:29,30.0,purchase,H,iOS Device,False
2987237,acc_00193,2026-06-02 01:02:36,200.0,purchase,W,unknown_device,False
2987238,acc_00063,2026-06-02 01:02:43,226.0,purchase,W,unknown_device,False
2987239,acc_00194,2026-06-02 01:02:58,171.0,purchase,W,unknown_device,False
2987240,acc_00195,2026-06-02 01:03:13,37.098,purchase,C,Redmi Note 4 Build/MMB29M,True
2987241,acc_00196,2026-06-02 01:03:52,250.0,purchase,W,unknown_device,False
2987242,acc_00197,2026-06-02 01:04:04,24.95,purchase,W,unknown_device,False
2987243,acc_00195,2026-06-02 01:04:06,37.098,purchase,C,Redmi Note 4 Build/MMB29M,True
2987244,acc_00198,2026-06-02 01:04:54,15.0,purchase,W,unknown_device,False
2987245,acc_00195,2026-06-02 01:04:55,37.098,purchase,C,Redmi Note 4 Build/MMB29M,True
2987246,acc_00156,2026-06-02 01:04:59,50.0,purchase,W,unknown_device,False
2987247,acc_00199,2026-06-02 01:05:08,58.95,purchase,W,unknown_device,False
2987248,acc_00200,2026-06-02 01:05:25,50.0,purchase,H,iOS Device,False
2987249,acc_00201,2026-06-02 01:05:27,78.95,purchase,W,unknown_device,False
2987250,acc_00202,2026-06-02 01:05:32,289.95,purchase,W,unknown_device,False
2987251,acc_00174,2026-06-02 01:06:05,100.0,purchase,W,unknown_device,False
2987252,acc_00157,2026-06-02 01:06:06,48.638,purchase,C,Windows,False
2987253,acc_00203,2026-06-02 01:06:10,200.0,purchase,W,unknown_device,False
2987254,acc_00204,2026-06-02 01:06:32,54.5,purchase,W,unknown_device,False
2987255,acc_00093,2026-06-02 01:07:20,54.0,purchase,W,unknown_device,False
2987256,acc_00205,2026-06-02 01:07:21,108.95,purchase,W,unknown_device,False
2987257,acc_00206,2026-06-02 01:07:25,2038.95,purchase,W,unknown_device,False
2987258,acc_00157,2026-06-02 01:07:58,48.638,purchase,C,Windows,False
2987259,acc_00207,2026-06-02 01:08:00,42.596,purchase,C,unknown_device,False
2987260,acc_00208,2026-06-02 01:08:07,34.5,purchase,W,unknown_device,False
2987261,acc_00209,2026-06-02 01:08:12,59.0,purchase,W,unknown_device,False
2987262,acc_00210,2026-06-02 01:08:24,55.829,purchase,C,Windows,False
2987263,acc_00211,2026-06-02 01:08:35,385.78,purchase,W,unknown_device,False
2987264,acc_00212,2026-06-02 01:08:45,48.95,purchase,W,unknown_device,False
2987265,acc_00213,2026-06-02 01:09:41,50.0,purchase,H,iOS Device,False
2987266,acc_00011,2026-06-02 01:09:41,48.578,purchase,C,Windows,False
2987267,acc_00214,2026-06-02 01:09:53,29.0,purchase,W,unknown_device,False
2987268,acc_00215,2026-06-02 01:10:08,30.95,purchase,W,unknown_device,False
2987269,acc_00216,2026-06-02 01:10:10,25.0,purchase,W,unknown_device,False
2987270,acc_00213,2026-06-02 01:10:30,50.0,purchase,H,iOS Device,False
2987271,acc_00217,2026-06-02 01:10:35,50.0,purchase,R,Windows,False
2987272,acc_00218,2026-06-02 01:10:52,25.0,purchase,W,unknown_device,False
2987273,acc_00219,2026-06-02 01:10:55,200.0,purchase,H,iOS Device,False
2987274,acc_00220,2026-06-02 01:11:55,222.0,purchase,W,unknown_device,False
2987275,acc_00022,2026-06-02 01:12:03,25.0,purchase,H,MacOS,False
2987276,acc_00221,2026-06-02 01:12:05,450.95,purchase,W,unknown_device,False
2987277,acc_00222,2026-06-02 01:13:25,30.0,purchase,W,unknown_device,False
2987278,acc_00167,2026-06-02 01:13:27,120.95,purchase,W,unknown_device,False
2987279,acc_00131,2026-06-02 01:13:28,59.0,purchase,W,unknown_device,False
2987280,acc_00223,2026-06-02 01:13:29,50.0,purchase,W,unknown_device,False
2987281,acc_00224,2026-06-02 01:13:35,30.0,purchase,S,Windows,False
2987282,acc_00225,2026-06-02 01:13:48,50.0,purchase,W,unknown_device,False
2987283,acc_00226,2026-06-02 01:13:55,57.95,purchase,W,unknown_device,False
2987284,acc_00227,2026-06-02 01:14:47,18.73,purchase,C,Windows,False
2987285,acc_00100,2026-06-02 01:14:52,34.0,purchase,W,synthetic_device_ring_001,False
2987286,acc_00228,2026-06-02 01:15:46,72.99,purchase,W,unknown_device,False
2987287,acc_00229,2026-06-02 01:16:13,25.014,purchase,C,unknown_device,False
2987288,acc_00230,2026-06-02 01:16:26,155.521,purchase,C,unknown_device,True
2987289,acc_00231,2026-06-02 01:16:51,107.95,purchase,W,unknown_device,False
2987290,acc_00232,2026-06-02 01:16:51,30.0,purchase,W,unknown_device,False
2987291,acc_00233,2026-06-02 01:17:14,26.5,purchase,W,unknown_device,False
2987292,acc_00234,2026-06-02 01:17:41,15.0,purchase,W,unknown_device,False
2987293,acc_00063,2026-06-02 01:18:39,117.0,purchase,W,unknown_device,False
2987294,acc_00117,2026-06-02 01:18:44,59.0,purchase,W,unknown_device,False
2987295,acc_00235,2026-06-02 01:18:49,112.0,purchase,W,unknown_device,False
2987296,acc_00236,2026-06-02 01:19:05,160.5,purchase,W,unknown_device,False
2987297,acc_00237,2026-06-02 01:19:20,200.0,purchase,W,unknown_device,False
2987298,acc_00026,2026-06-02 01:19:28,107.95,purchase,W,unknown_device,False
2987299,acc_00238,2026-06-02 01:19:32,72.99,purchase,W,unknown_device,False
2987300,acc_00157,2026-06-02 01:19:33,48.638,purchase,C,unknown_device,False
2987301,acc_00239,2026-06-02 01:19:48,20.905,purchase,C,Lenovo PB1-750M Build/S100,False
2987302,acc_00157,2026-06-02 01:20:15,48.638,purchase,C,unknown_device,False
2987303,acc_00240,2026-06-02 01:20:20,1351.55,purchase,W,unknown_device,False
2987304,acc_00241,2026-06-02 01:20:44,554.0,purchase,W,unknown_device,False
2987305,acc_00157,2026-06-02 01:20:57,48.638,purchase,C,unknown_device,False
2987306,acc_00007,2026-06-02 01:22:03,20.0,purchase,W,unknown_device,False
2987307,acc_00242,2026-06-02 01:22:10,159.95,purchase,W,unknown_device,False
2987308,acc_00243,2026-06-02 01:22:13,25.95,purchase,W,unknown_device,False
2987309,acc_00244,2026-06-02 01:22:19,25.95,purchase,W,unknown_device,False
2987310,acc_00245,2026-06-02 01:22:19,105.0,purchase,W,unknown_device,False
2987311,acc_00246,2026-06-02 01:22:23,50.0,purchase,H,MacOS,False
2987312,acc_00247,2026-06-02 01:22:26,25.0,purchase,W,unknown_device,False
2987313,acc_00248,2026-06-02 01:22:33,83.95,purchase,W,unknown_device,False
2987314,acc_00249,2026-06-02 01:22:39,54.0,purchase,W,unknown_device,False
2987315,acc_00250,2026-06-02 01:23:34,364.95,purchase,W,unknown_device,False
2987316,acc_00048,2026-06-02 01:23:42,19.576,purchase,C,Windows,False
2987317,acc_00251,2026-06-02 01:23:52,335.0,purchase,W,unknown_device,False
2987318,acc_00252,2026-06-02 01:25:04,39.0,purchase,W,unknown_device,False
2987319,acc_00253,2026-06-02 01:25:15,300.0,purchase,R,unknown_device,False
2987320,acc_00254,2026-06-02 01:25:18,82.95,purchase,W,synthetic_device_ring_001,False
2987321,acc_00255,2026-06-02 01:25:44,108.5,purchase,W,unknown_device,False
2987322,acc_00256,2026-06-02 01:26:03,219.95,purchase,W,unknown_device,False
2987323,acc_00257,2026-06-02 01:26:15,107.95,purchase,W,unknown_device,False
2987324,acc_00258,2026-06-02 01:26:17,412.73,purchase,W,unknown_device,False
2987325,acc_00259,2026-06-02 01:26:38,354.95,purchase,W,unknown_device,False
2987326,acc_00260,2026-06-02 01:26:50,107.95,purchase,W,unknown_device,False
2987327,acc_00261,2026-06-02 01:26:54,125.0,purchase,H,Windows,False
2987328,acc_00154,2026-06-02 01:28:04,16.857,purchase,C,Windows,False
2987329,acc_00262,2026-06-02 01:28:11,160.5,purchase,W,unknown_device,False
2987330,acc_00201,2026-06-02 01:28:26,25.0,purchase,W,unknown_device,False
2987331,acc_00263,2026-06-02 01:28:44,105.95,purchase,W,unknown_device,False
2987332,acc_00264,2026-06-02 01:29:18,100.0,purchase,R,iOS Device,False
2987333,acc_00097,2026-06-02 01:29:20,30.0,purchase,H,Windows,False
2987334,acc_00265,2026-06-02 01:29:50,524.0,purchase,W,unknown_device,False
2987335,acc_00264,2026-06-02 01:30:04,100.0,purchase,R,iOS Device,False
2987336,acc_00264,2026-06-02 01:30:24,100.0,purchase,R,iOS Device,False
2987337,acc_00266,2026-06-02 01:31:15,50.0,purchase,H,iOS Device,False
2987338,acc_00264,2026-06-02 01:31:24,100.0,purchase,R,iOS Device,False
2987339,acc_00267,2026-06-02 01:31:30,33.25,purchase,W,unknown_device,False
2987340,acc_00009,2026-06-02 01:31:34,157.95,purchase,W,unknown_device,False
2987341,acc_00268,2026-06-02 01:32:07,648.95,purchase,W,unknown_device,False
2987342,acc_00269,2026-06-02 01:32:08,335.0,purchase,W,unknown_device,False
2987343,acc_00009,2026-06-02 01:32:35,57.95,purchase,W,unknown_device,False
2987344,acc_00270,2026-06-02 01:32:57,117.0,purchase,W,unknown_device,False
2987345,acc_00271,2026-06-02 01:33:20,711.93,purchase,W,unknown_device,False
2987346,acc_00272,2026-06-02 01:33:24,107.95,purchase,W,unknown_device,False
2987347,acc_00215,2026-06-02 01:33:30,60.0,purchase,W,unknown_device,False
2987348,acc_00273,2026-06-02 01:33:30,59.0,purchase,W,unknown_device,False
2987349,acc_00274,2026-06-02 01:33:36,59.0,purchase,W,unknown_device,False
2987350,acc_00233,2026-06-02 01:33:58,26.5,purchase,W,unknown_device,False
2987351,acc_00275,2026-06-02 01:34:45,35.95,purchase,W,unknown_device,False
2987352,acc_00276,2026-06-02 01:35:17,26.947,purchase,C,LT22i Build/6.2.A.1.100,False
2987353,acc_00277,2026-06-02 01:35:19,500.0,purchase,W,unknown_device,False
2987354,acc_00278,2026-06-02 01:35:27,58.0,purchase,W,unknown_device,False
2987355,acc_00279,2026-06-02 01:35:58,500.0,purchase,R,MacOS,False
2987356,acc_00280,2026-06-02 01:36:14,209.95,purchase,W,unknown_device,False
2987357,acc_00281,2026-06-02 01:36:25,25.0,purchase,W,unknown_device,False
2987358,acc_00282,2026-06-02 01:36:27,59.0,purchase,W,unknown_device,False
2987359,acc_00272,2026-06-02 01:36:53,107.95,purchase,W,unknown_device,False
2987360,acc_00283,2026-06-02 01:37:01,226.0,purchase,W,unknown_device,False
2987361,acc_00279,2026-06-02 01:37:02,500.0,purchase,R,MacOS,False
2987362,acc_00284,2026-06-02 01:37:48,462.95,purchase,W,unknown_device,False
2987363,acc_00093,2026-06-02 01:38:05,29.5,purchase,W,unknown_device,False
2987364,acc_00285,2026-06-02 01:38:11,161.0,purchase,W,unknown_device,False
2987365,acc_00286,2026-06-02 01:27:09,103.95,purchase,W,unknown_device,False
2987366,acc_00287,2026-06-02 01:38:40,20.0,purchase,S,iOS Device,False
2987367,acc_00288,2026-06-02 01:39:10,225.0,purchase,R,rv:52.0,True
2987368,acc_00151,2026-06-02 01:39:23,7.372,purchase,C,unknown_device,False
2987369,acc_00289,2026-06-02 01:39:58,30.95,purchase,W,unknown_device,False
2987370,acc_00236,2026-06-02 01:40:06,160.5,purchase,W,unknown_device,False
2987371,acc_00290,2026-06-02 01:40:34,44.0,purchase,W,unknown_device,False
2987372,acc_00291,2026-06-02 01:41:03,70.0,purchase,W,unknown_device,False
2987373,acc_00292,2026-06-02 01:41:25,36.95,purchase,W,unknown_device,False
2987374,acc_00279,2026-06-02 01:41:41,500.0,purchase,R,MacOS,False
2987375,acc_00293,2026-06-02 01:41:44,25.95,purchase,W,unknown_device,False
2987376,acc_00294,2026-06-02 01:41:49,30.0,purchase,H,MacOS,False
2987377,acc_00295,2026-06-02 01:42:29,159.95,purchase,W,unknown_device,False
2987378,acc_00296,2026-06-02 01:42:51,29.0,purchase,W,unknown_device,False
2987379,acc_00234,2026-06-02 01:43:12,209.95,purchase,W,unknown_device,False
2987380,acc_00048,2026-06-02 01:43:14,28.639,purchase,C,unknown_device,False
2987381,acc_00297,2026-06-02 01:43:26,24.5,purchase,W,unknown_device,False
2987382,acc_00298,2026-06-02 01:43:35,27.5,purchase,W,unknown_device,False
2987383,acc_00299,2026-06-02 01:43:36,40.0,purchase,W,unknown_device,False
2987384,acc_00168,2026-06-02 01:43:47,57.822,purchase,C,unknown_device,False
2987385,acc_00289,2026-06-02 01:43:56,15.95,purchase,W,unknown_device,False
2987386,acc_00300,2026-06-02 01:43:59,43.019,purchase,C,SM-G950U Build/NRD90M,False
2987387,acc_00301,2026-06-02 01:44:13,40.0,purchase,H,LG-H872 Build/NRD90U,False
2987388,acc_00293,2026-06-02 01:44:27,22.97,purchase,W,unknown_device,False
2987389,acc_00302,2026-06-02 01:44:34,150.0,purchase,H,MacOS,False
2987390,acc_00303,2026-06-02 01:45:01,20.0,purchase,H,MacOS,False
2987391,acc_00097,2026-06-02 01:45:25,107.95,purchase,W,unknown_device,False
2987392,acc_00304,2026-06-02 01:45:42,50.0,purchase,W,unknown_device,False
2987393,acc_00305,2026-06-02 01:45:53,59.0,purchase,W,unknown_device,False
2987394,acc_00063,2026-06-02 01:46:00,344.95,purchase,W,unknown_device,False
2987395,acc_00306,2026-06-02 01:46:09,59.0,purchase,W,unknown_device,False
2987396,acc_00307,2026-06-02 01:47:38,240.95,purchase,W,unknown_device,False
2987397,acc_00308,2026-06-02 01:48:12,50.0,purchase,W,unknown_device,False
2987398,acc_00011,2026-06-02 01:48:16,15.468,purchase,C,LG-K500 Build/MMB29M,False
2987399,acc_00309,2026-06-02 01:48:17,54.29,purchase,W,unknown_device,False
2987400,acc_00310,2026-06-02 01:48:39,129.95,purchase,W,unknown_device,False
2987401,acc_00311,2026-06-02 01:48:52,250.0,purchase,W,unknown_device,False
2987402,acc_00312,2026-06-02 01:48:58,49.0,purchase,W,unknown_device,False
2987403,acc_00228,2026-06-02 01:49:44,311.95,purchase,W,unknown_device,False
2987404,acc_00313,2026-06-02 01:49:51,50.0,purchase,H,iOS Device,False
2987405,acc_00072,2026-06-02 01:49:59,90.57,purchase,C,unknown_device,True
2987406,acc_00314,2026-06-02 01:50:09,50.0,purchase,H,iOS Device,False
2987407,acc_00277,2026-06-02 01:50:12,500.0,purchase,W,unknown_device,False
2987408,acc_00314,2026-06-02 01:50:49,50.0,purchase,H,iOS Device,False
2987409,acc_00063,2026-06-02 01:50:55,210.95,purchase,W,unknown_device,False
2987410,acc_00315,2026-06-02 01:51:22,54.5,purchase,W,unknown_device,False
2987411,acc_00316,2026-06-02 01:51:30,40.0,purchase,W,unknown_device,False
2987412,acc_00317,2026-06-02 01:51:42,35.044,purchase,C,Windows,False
2987413,acc_00186,2026-06-02 01:52:21,47.95,purchase,W,unknown_device,False
2987414,acc_00318,2026-06-02 01:52:35,34.95,purchase,W,unknown_device,False
2987415,acc_00319,2026-06-02 01:53:14,60.0,purchase,W,unknown_device,False
2987416,acc_00320,2026-06-02 01:53:38,35.0,purchase,H,iOS Device,False
2987417,acc_00321,2026-06-02 01:54:30,315.0,purchase,W,unknown_device,False
2987418,acc_00316,2026-06-02 01:55:16,49.0,purchase,W,unknown_device,False
2987419,acc_00322,2026-06-02 01:55:31,25.0,purchase,W,unknown_device,False
2987420,acc_00323,2026-06-02 01:55:39,200.0,purchase,W,unknown_device,False
2987421,acc_00063,2026-06-02 01:55:58,107.95,purchase,W,unknown_device,False
2987422,acc_00097,2026-06-02 01:55:59,39.0,purchase,W,unknown_device,False
2987423,acc_00324,2026-06-02 01:57:16,29.95,purchase,W,unknown_device,False
2987424,acc_00149,2026-06-02 01:57:21,1472.47,purchase,W,unknown_device,False
2987425,acc_00325,2026-06-02 01:57:27,30.0,purchase,H,iOS Device,False
2987426,acc_00250,2026-06-02 01:58:34,226.0,purchase,W,unknown_device,False
2987427,acc_00326,2026-06-02 01:58:45,100.0,purchase,W,unknown_device,False
2987428,acc_00327,2026-06-02 01:58:50,222.48,purchase,W,unknown_device,False
2987429,acc_00210,2026-06-02 02:00:54,7.493,purchase,C,Windows,False
2987430,acc_00328,2026-06-02 02:00:54,53.95,purchase,W,unknown_device,False
2987431,acc_00325,2026-06-02 02:01:01,164.95,purchase,W,unknown_device,False
2987432,acc_00329,2026-06-02 02:01:09,57.95,purchase,W,unknown_device,False
2987433,acc_00330,2026-06-02 02:01:16,100.0,purchase,R,iOS Device,False
2987434,acc_00331,2026-06-02 02:01:17,50.0,purchase,H,iOS Device,False
2987435,acc_00332,2026-06-02 02:01:20,25.0,purchase,H,Windows,False
2987436,acc_00219,2026-06-02 02:01:34,100.0,purchase,W,unknown_device,False
2987437,acc_00333,2026-06-02 02:01:46,100.0,purchase,H,iOS Device,False
2987438,acc_00048,2026-06-02 02:01:46,12.326,purchase,C,unknown_device,False
2987439,acc_00049,2026-06-02 02:02:09,66.885,purchase,C,SM-P550 Build/MMB29M,False
2987440,acc_00334,2026-06-02 02:03:23,100.0,purchase,W,unknown_device,False
2987441,acc_00124,2026-06-02 02:03:29,107.95,purchase,W,unknown_device,False
2987442,acc_00335,2026-06-02 02:03:31,3162.95,purchase,W,unknown_device,False
2987443,acc_00336,2026-06-02 02:03:40,32.325,purchase,C,unknown_device,False
2987444,acc_00337,2026-06-02 02:04:03,2267.47,purchase,W,unknown_device,False
2987445,acc_00338,2026-06-02 02:04:10,30.0,purchase,W,unknown_device,False
2987446,acc_00037,2026-06-02 02:04:14,50.0,purchase,R,Windows,False
2987447,acc_00339,2026-06-02 02:04:21,59.0,purchase,W,unknown_device,False
2987448,acc_00340,2026-06-02 02:04:30,24.0,purchase,W,unknown_device,False
2987449,acc_00341,2026-06-02 01:06:44,200.0,purchase,H,iOS Device,False
2987450,acc_00342,2026-06-02 02:04:54,15.0,purchase,W,unknown_device,False
2987451,acc_00343,2026-06-02 02:05:31,59.0,purchase,W,unknown_device,False
2987452,acc_00344,2026-06-02 02:06:00,68.95,purchase,W,unknown_device,False
2987453,acc_00345,2026-06-02 02:06:49,30.0,purchase,W,unknown_device,False
2987454,acc_00346,2026-06-02 02:07:06,59.0,purchase,W,unknown_device,False
2987455,acc_00347,2026-06-02 02:07:16,150.0,purchase,H,Windows,False
2987456,acc_00011,2026-06-02 02:07:18,7.251,purchase,C,SM-J700M Build/MMB29K,False
2987457,acc_00248,2026-06-02 02:07:29,50.0,purchase,H,Trident/7.0,False
2987458,acc_00335,2026-06-02 02:07:37,3162.95,purchase,W,unknown_device,False
2987459,acc_00348,2026-06-02 02:07:45,43.97,purchase,W,unknown_device,False
2987460,acc_00349,2026-06-02 02:07:59,88.0,purchase,W,unknown_device,False
2987461,acc_00258,2026-06-02 02:08:03,7.0,purchase,S,rv:57.0,False
2987462,acc_00347,2026-06-02 02:08:05,150.0,purchase,H,Windows,False
2987463,acc_00350,2026-06-02 02:08:45,100.0,purchase,H,SM-G950U Build/NRD90M,False
2987464,acc_00351,2026-06-02 02:09:34,146.0,purchase,W,unknown_device,False
2987465,acc_00048,2026-06-02 02:09:38,16.313,purchase,C,unknown_device,False
2987466,acc_00008,2026-06-02 02:09:56,50.0,purchase,R,iOS Device,False
2987467,acc_00352,2026-06-02 02:10:09,75.0,purchase,H,SAMSUNG SM-G930T Build/NRD90M,False
2987468,acc_00353,2026-06-02 02:10:12,200.0,purchase,W,unknown_device,False
2987469,acc_00325,2026-06-02 02:10:20,40.0,purchase,S,iOS Device,False
2987470,acc_00354,2026-06-02 02:10:58,58.95,purchase,W,unknown_device,False
2987471,acc_00070,2026-06-02 02:11:00,30.95,purchase,W,unknown_device,False
2987472,acc_00355,2026-06-02 02:11:37,140.0,purchase,W,unknown_device,False
2987473,acc_00356,2026-06-02 02:12:09,58.95,purchase,W,unknown_device,False
2987474,acc_00357,2026-06-02 02:12:13,82.95,purchase,W,unknown_device,False
2987475,acc_00358,2026-06-02 02:13:12,67.95,purchase,W,unknown_device,False
2987476,acc_00300,2026-06-02 02:14:18,37.763,purchase,C,Windows,False
2987477,acc_00139,2026-06-02 02:14:23,100.0,purchase,W,unknown_device,False
2987478,acc_00359,2026-06-02 02:14:25,335.0,purchase,W,unknown_device,False
2987479,acc_00215,2026-06-02 02:15:11,57.95,purchase,W,unknown_device,False
2987480,acc_00360,2026-06-02 02:15:38,59.0,purchase,W,unknown_device,False
2987481,acc_00361,2026-06-02 02:15:55,109.0,purchase,W,unknown_device,False
2987482,acc_00362,2026-06-02 02:16:21,25.0,purchase,H,Windows,False
2987483,acc_00344,2026-06-02 02:16:51,68.95,purchase,W,unknown_device,False
2987484,acc_00363,2026-06-02 02:17:01,31.95,purchase,W,unknown_device,False
2987485,acc_00364,2026-06-02 02:17:02,25.0,purchase,H,MacOS,False
2987486,acc_00365,2026-06-02 02:17:20,20.0,purchase,W,unknown_device,False
2987487,acc_00039,2026-06-02 02:17:22,59.0,purchase,W,unknown_device,False
2987488,acc_00048,2026-06-02 02:17:22,15.105,purchase,C,Windows,False
2987489,acc_00154,2026-06-02 02:17:25,8.7,purchase,C,Blade V6 Plus Build/MRA58K,False
2987490,acc_00170,2026-06-02 02:18:36,100.0,purchase,H,iOS Device,False
2987491,acc_00366,2026-06-02 02:18:39,150.0,purchase,W,unknown_device,False
2987492,acc_00367,2026-06-02 02:18:46,350.23,purchase,W,unknown_device,False
2987493,acc_00045,2026-06-02 02:19:06,200.0,purchase,W,unknown_device,False
2987494,acc_00368,2026-06-02 02:19:28,303.95,purchase,W,unknown_device,False
2987495,acc_00110,2026-06-02 02:19:55,250.0,purchase,W,unknown_device,False
2987496,acc_00369,2026-06-02 02:20:03,107.95,purchase,W,unknown_device,False
2987497,acc_00370,2026-06-02 02:20:29,39.0,purchase,W,unknown_device,False
2987498,acc_00371,2026-06-02 02:20:51,100.0,purchase,W,unknown_device,False
2987499,acc_00317,2026-06-02 02:21:01,9.425,purchase,C,Windows,False
2987500,acc_00372,2026-06-02 02:21:06,108.5,purchase,W,unknown_device,False
2987501,acc_00119,2026-06-02 02:21:21,27.793,purchase,C,unknown_device,False
2987502,acc_00344,2026-06-02 02:21:28,68.95,purchase,W,unknown_device,False
2987503,acc_00373,2026-06-02 02:21:48,36.95,purchase,W,unknown_device,False
2987504,acc_00374,2026-06-02 02:21:52,50.0,purchase,H,Windows,False
2987505,acc_00364,2026-06-02 02:22:20,25.0,purchase,H,MacOS,False
2987506,acc_00375,2026-06-02 02:22:36,424.95,purchase,W,unknown_device,False
2987507,acc_00003,2026-06-02 02:23:17,120.0,purchase,W,unknown_device,False
2987508,acc_00347,2026-06-02 02:24:29,150.0,purchase,H,Windows,False
2987509,acc_00115,2026-06-02 02:25:04,3000.0,purchase,W,unknown_device,False
2987510,acc_00136,2026-06-02 02:06:09,500.0,purchase,W,unknown_device,False
2987511,acc_00215,2026-06-02 02:25:57,209.95,purchase,W,unknown_device,False
2987512,acc_00376,2026-06-02 02:26:31,107.95,purchase,W,unknown_device,False
2987513,acc_00377,2026-06-02 02:27:32,26.95,purchase,W,unknown_device,False
2987514,acc_00378,2026-06-02 02:27:33,250.0,purchase,R,MacOS,False
2987515,acc_00379,2026-06-02 02:28:07,35.0,purchase,S,Trident/7.0,False
2987516,acc_00380,2026-06-02 02:28:19,2424.95,purchase,W,unknown_device,False
2987517,acc_00069,2026-06-02 02:28:30,9.305,purchase,C,BLL-L23 Build/HUAWEIBLL-L23,False
2987518,acc_00045,2026-06-02 02:28:46,367.95,purchase,W,unknown_device,False
2987519,acc_00093,2026-06-02 02:28:55,57.95,purchase,W,unknown_device,False
2987520,acc_00381,2026-06-02 02:29:26,175.0,purchase,R,iOS Device,False
2987521,acc_00382,2026-06-02 02:30:00,6.0,purchase,S,KYOCERA-C6742A Build/LMY47V,False
2987522,acc_00383,2026-06-02 02:30:01,82.0,purchase,W,unknown_device,False
2987523,acc_00384,2026-06-02 02:30:05,100.0,purchase,H,iOS Device,False
2987524,acc_00304,2026-06-02 02:30:12,15.0,purchase,H,iOS Device,False
2987525,acc_00344,2026-06-02 02:30:17,31.95,purchase,W,unknown_device,False
2987526,acc_00385,2026-06-02 02:30:42,201.0,purchase,W,unknown_device,False
2987527,acc_00386,2026-06-02 02:30:43,150.0,purchase,W,unknown_device,False
2987528,acc_00387,2026-06-02 02:30:56,100.0,purchase,H,iOS Device,False
2987529,acc_00384,2026-06-02 02:31:04,50.0,purchase,H,iOS Device,False
2987530,acc_00199,2026-06-02 02:31:45,58.95,purchase,W,unknown_device,False
2987531,acc_00384,2026-06-02 02:32:52,50.0,purchase,H,iOS Device,False
2987532,acc_00388,2026-06-02 02:33:08,75.0,purchase,H,MacOS,False
2987533,acc_00284,2026-06-02 02:34:26,311.95,purchase,W,unknown_device,False
2987534,acc_00045,2026-06-02 02:35:24,19.95,purchase,W,unknown_device,False
2987535,acc_00389,2026-06-02 02:35:38,40.361,purchase,C,Windows,False
2987536,acc_00046,2026-06-02 02:36:00,77.0,purchase,W,unknown_device,False
2987537,acc_00045,2026-06-02 02:36:44,50.0,purchase,W,unknown_device,False
2987538,acc_00390,2026-06-02 02:36:57,209.95,purchase,W,unknown_device,False
2987539,acc_00391,2026-06-02 02:36:58,47.95,purchase,W,unknown_device,False
2987540,acc_00045,2026-06-02 02:37:24,59.0,purchase,W,unknown_device,False
2987541,acc_00284,2026-06-02 02:37:28,107.95,purchase,W,unknown_device,False
2987542,acc_00392,2026-06-02 02:37:33,58.95,purchase,W,unknown_device,False
2987543,acc_00393,2026-06-02 02:37:39,100.0,purchase,H,Windows,False
2987544,acc_00394,2026-06-02 02:37:57,125.0,purchase,R,iOS Device,False
2987545,acc_00278,2026-06-02 02:38:33,171.0,purchase,W,unknown_device,False
2987546,acc_00395,2026-06-02 02:38:55,35.0,purchase,W,unknown_device,False
2987547,acc_00119,2026-06-02 02:39:10,64.649,purchase,C,unknown_device,False
2987548,acc_00381,2026-06-02 02:39:33,2294.95,purchase,W,unknown_device,False
2987549,acc_00396,2026-06-02 02:40:14,60.0,purchase,W,unknown_device,False
2987550,acc_00154,2026-06-02 02:40:59,27.31,purchase,C,unknown_device,False
2987551,acc_00397,2026-06-02 02:41:00,10.996,purchase,C,F3113 Build/33.2.A.4.70,False
2987552,acc_00398,2026-06-02 02:41:08,80.0,purchase,H,Trident/7.0,False
2987553,acc_00399,2026-06-02 02:41:33,42.596,purchase,C,unknown_device,False
2987554,acc_00400,2026-06-02 02:42:29,335.0,purchase,W,unknown_device,False
2987555,acc_00401,2026-06-02 02:43:02,75.0,purchase,H,iOS Device,False
2987556,acc_00048,2026-06-02 02:43:06,41.146,purchase,C,Windows,False
2987557,acc_00402,2026-06-02 02:43:56,50.0,purchase,W,unknown_device,False
2987558,acc_00403,2026-06-02 02:44:21,100.0,purchase,R,iOS Device,False
2987559,acc_00404,2026-06-02 02:44:44,59.0,purchase,W,unknown_device,False
2987560,acc_00210,2026-06-02 02:45:07,203.374,purchase,C,Windows,False
2987561,acc_00097,2026-06-02 02:45:35,300.0,purchase,W,unknown_device,False
2987562,acc_00405,2026-06-02 02:45:54,422.5,purchase,W,unknown_device,False
2987563,acc_00406,2026-06-02 02:46:16,50.0,purchase,H,Windows,False
2987564,acc_00407,2026-06-02 02:46:18,49.0,purchase,W,unknown_device,False
2987565,acc_00408,2026-06-02 02:46:25,27.95,purchase,W,unknown_device,False
2987566,acc_00409,2026-06-02 02:46:30,554.0,purchase,W,unknown_device,False
2987567,acc_00410,2026-06-02 02:47:07,39.0,purchase,W,unknown_device,False
2987568,acc_00063,2026-06-02 02:47:31,49.0,purchase,W,unknown_device,False
2987569,acc_00411,2026-06-02 02:47:48,113.95,purchase,W,unknown_device,False
2987570,acc_00285,2026-06-02 02:47:48,150.5,purchase,W,unknown_device,False
2987571,acc_00412,2026-06-02 02:47:50,1.896,purchase,C,Windows,False
2987572,acc_00413,2026-06-02 02:47:54,50.0,purchase,W,unknown_device,False
2987573,acc_00063,2026-06-02 02:47:55,49.0,purchase,W,unknown_device,False
2987574,acc_00063,2026-06-02 02:48:02,103.97,purchase,W,unknown_device,False
2987575,acc_00045,2026-06-02 02:48:11,117.0,purchase,W,unknown_device,False
2987576,acc_00414,2026-06-02 02:48:11,50.0,purchase,H,iOS Device,False
2987577,acc_00317,2026-06-02 02:48:24,6.477,purchase,C,Windows,False
2987578,acc_00415,2026-06-02 02:48:40,50.0,purchase,W,unknown_device,False
2987579,acc_00416,2026-06-02 02:48:42,57.822,purchase,C,D5306 Build/19.4.A.0.182,False
2987580,acc_00063,2026-06-02 02:48:45,49.0,purchase,W,unknown_device,False
2987581,acc_00417,2026-06-02 02:48:55,210.95,purchase,W,synthetic_device_ring_001,False
2987582,acc_00418,2026-06-02 02:49:39,30.0,purchase,S,Windows,False
2987583,acc_00419,2026-06-02 02:50:47,226.0,purchase,W,unknown_device,False
2987584,acc_00317,2026-06-02 02:51:07,32.325,purchase,C,Windows,False
2987585,acc_00420,2026-06-02 02:51:35,100.0,purchase,R,Windows,False
2987586,acc_00421,2026-06-02 02:51:43,107.95,purchase,W,unknown_device,False
2987587,acc_00422,2026-06-02 01:32:44,44.0,purchase,W,unknown_device,False
2987588,acc_00423,2026-06-02 02:52:30,40.0,purchase,W,unknown_device,False
2987589,acc_00424,2026-06-02 02:53:00,200.0,purchase,W,unknown_device,False
2987590,acc_00425,2026-06-02 02:53:40,150.0,purchase,R,Windows,False
2987591,acc_00024,2026-06-02 02:53:42,73.95,purchase,W,unknown_device,False
2987592,acc_00426,2026-06-02 02:54:23,9.788,purchase,C,Windows,False
2987593,acc_00427,2026-06-02 02:54:25,140.0,purchase,W,unknown_device,False
2987594,acc_00428,2026-06-02 02:54:31,100.0,purchase,W,unknown_device,False
2987595,acc_00429,2026-06-02 02:54:36,59.0,purchase,W,unknown_device,False
2987596,acc_00412,2026-06-02 02:54:43,5.4,purchase,C,Windows,False
2987597,acc_00430,2026-06-02 02:55:05,107.95,purchase,W,unknown_device,False
2987598,acc_00048,2026-06-02 02:55:22,34.017,purchase,C,Trident/7.0,False
2987599,acc_00431,2026-06-02 02:55:37,209.95,purchase,W,unknown_device,False
2987600,acc_00432,2026-06-02 02:56:26,171.0,purchase,W,unknown_device,False
2987601,acc_00201,2026-06-02 02:56:28,25.0,purchase,H,iOS Device,False
2987602,acc_00418,2026-06-02 02:56:43,30.0,purchase,S,Windows,False
2987603,acc_00433,2026-06-02 02:57:54,30.0,purchase,S,Windows,False
2987604,acc_00434,2026-06-02 02:58:59,34.95,purchase,W,unknown_device,False
2987605,acc_00435,2026-06-02 02:59:02,10.0,purchase,S,Windows,False
2987606,acc_00436,2026-06-02 02:59:02,49.0,purchase,W,unknown_device,False
2987607,acc_00168,2026-06-02 02:59:29,53.411,purchase,C,Windows,False
2987608,acc_00382,2026-06-02 02:59:54,6.0,purchase,S,KYOCERA-C6742A Build/LMY47V,False
2987609,acc_00301,2026-06-02 03:00:24,49.0,purchase,W,unknown_device,False
2987610,acc_00437,2026-06-02 00:56:10,50.0,purchase,S,iOS Device,False
2987611,acc_00438,2026-06-02 03:01:47,361.95,purchase,W,unknown_device,False
2987612,acc_00412,2026-06-02 03:02:17,5.4,purchase,C,Windows,False
2987613,acc_00098,2026-06-02 03:02:30,50.632,purchase,C,unknown_device,False
2987614,acc_00439,2026-06-02 03:03:20,424.95,purchase,W,unknown_device,False
2987615,acc_00440,2026-06-02 03:03:23,47.95,purchase,W,unknown_device,False
2987616,acc_00441,2026-06-02 03:03:38,107.95,purchase,W,unknown_device,False
2987617,acc_00442,2026-06-02 03:03:39,59.453,purchase,C,M4 SS4457 Build/MRA58K,False
2987618,acc_00443,2026-06-02 03:04:09,5.4,purchase,C,Windows,False
2987619,acc_00444,2026-06-02 03:04:30,30.95,purchase,W,unknown_device,False
2987620,acc_00074,2026-06-02 03:07:27,150.0,purchase,H,SM-G955U Build/NRD90M,False
2987621,acc_00445,2026-06-02 03:07:42,25.0,purchase,H,MacOS,False
2987622,acc_00446,2026-06-02 03:07:44,30.0,purchase,W,unknown_device,False
2987623,acc_00119,2026-06-02 03:08:45,71.477,purchase,C,Windows,False
2987624,acc_00447,2026-06-02 03:09:17,35.95,purchase,W,unknown_device,False
2987625,acc_00151,2026-06-02 03:09:34,14.38,purchase,C,SM-G610M Build/MMB29K,False
2987626,acc_00448,2026-06-02 03:09:44,67.95,purchase,W,unknown_device,False
2987627,acc_00132,2026-06-02 03:10:15,82.95,purchase,W,unknown_device,False
2987628,acc_00095,2026-06-02 03:10:23,104.47,purchase,W,unknown_device,False
2987629,acc_00449,2026-06-02 03:10:34,140.58,purchase,W,unknown_device,False
2987630,acc_00317,2026-06-02 03:10:43,12.326,purchase,C,Windows,True
2987631,acc_00450,2026-06-02 03:11:00,210.0,purchase,W,unknown_device,False
2987632,acc_00451,2026-06-02 03:11:23,129.95,purchase,W,unknown_device,False
2987633,acc_00452,2026-06-02 03:11:56,15.0,purchase,H,unknown_device,False
2987634,acc_00453,2026-06-02 03:12:34,161.2,purchase,W,unknown_device,False
2987635,acc_00454,2026-06-02 03:13:55,10.0,purchase,S,Windows,False
2987636,acc_00455,2026-06-02 03:14:06,29.0,purchase,W,unknown_device,False
2987637,acc_00119,2026-06-02 03:14:26,70.51,purchase,C,Windows,False
2987638,acc_00048,2026-06-02 03:14:46,63.26,purchase,C,unknown_device,False
2987639,acc_00048,2026-06-02 03:15:19,33.231,purchase,C,unknown_device,False
2987640,acc_00456,2026-06-02 03:15:27,159.95,purchase,W,unknown_device,False
2987641,acc_00457,2026-06-02 03:15:50,12.326,purchase,C,SAMSUNG SM-G935F Build/NRD90M,False
2987642,acc_00458,2026-06-02 03:16:06,21.0,purchase,W,unknown_device,False
2987643,acc_00418,2026-06-02 03:16:46,30.0,purchase,S,Windows,False
2987644,acc_00377,2026-06-02 03:17:11,47.95,purchase,W,unknown_device,False
2987645,acc_00258,2026-06-02 03:18:46,91.05,purchase,W,unknown_device,False
2987646,acc_00459,2026-06-02 03:18:53,50.0,purchase,W,unknown_device,False
2987647,acc_00460,2026-06-02 03:18:54,171.0,purchase,W,unknown_device,False
2987648,acc_00461,2026-06-02 03:18:59,25.0,purchase,S,Windows,False
2987649,acc_00462,2026-06-02 03:19:19,48.95,purchase,W,unknown_device,False
2987650,acc_00463,2026-06-02 03:19:20,25.0,purchase,W,unknown_device,False
2987651,acc_00045,2026-06-02 03:20:50,42.95,purchase,W,unknown_device,False
2987652,acc_00464,2026-06-02 03:21:39,569.95,purchase,W,unknown_device,False
2987653,acc_00210,2026-06-02 03:21:47,15.709,purchase,C,Windows,False
2987654,acc_00211,2026-06-02 03:22:25,59.95,purchase,W,unknown_device,False
2987655,acc_00465,2026-06-02 03:23:06,107.95,purchase,W,unknown_device,False
2987656,acc_00459,2026-06-02 03:23:50,59.0,purchase,W,unknown_device,False
2987657,acc_00466,2026-06-02 03:24:36,29.0,purchase,W,unknown_device,False
2987658,acc_00467,2026-06-02 03:24:55,226.0,purchase,W,unknown_device,False
2987659,acc_00468,2026-06-02 03:25:24,100.0,purchase,W,unknown_device,False
2987660,acc_00469,2026-06-02 03:26:39,127.788,purchase,C,unknown_device,False
2987661,acc_00470,2026-06-02 03:27:12,40.0,purchase,W,unknown_device,False
2987662,acc_00471,2026-06-02 03:27:13,171.0,purchase,W,unknown_device,False
2987663,acc_00472,2026-06-02 03:27:15,369.95,purchase,W,unknown_device,False
2987664,acc_00473,2026-06-02 03:27:24,16.012,purchase,C,Trident/7.0,False
2987665,acc_00459,2026-06-02 03:30:48,59.0,purchase,W,unknown_device,False
2987666,acc_00474,2026-06-02 03:31:11,61.749,purchase,C,unknown_device,False
2987667,acc_00475,2026-06-02 03:31:34,47.95,purchase,W,unknown_device,False
2987668,acc_00048,2026-06-02 03:31:49,24.047,purchase,C,unknown_device,False
2987669,acc_00073,2026-06-02 03:32:08,1183.95,purchase,W,unknown_device,False
2987670,acc_00007,2026-06-02 03:32:17,59.0,purchase,W,unknown_device,False
2987671,acc_00063,2026-06-02 03:32:17,44.5,purchase,W,unknown_device,False
2987672,acc_00476,2026-06-02 03:32:50,25.376,purchase,C,Trident/7.0,False
2987673,acc_00477,2026-06-02 03:33:09,10.0,purchase,W,unknown_device,False
2987674,acc_00478,2026-06-02 03:34:15,59.54,purchase,W,unknown_device,False
2987675,acc_00411,2026-06-02 03:34:33,109.47,purchase,W,unknown_device,False
2987676,acc_00432,2026-06-02 03:34:35,159.0,purchase,W,unknown_device,False
2987677,acc_00459,2026-06-02 03:37:08,50.0,purchase,W,unknown_device,False
2987678,acc_00354,2026-06-02 03:37:18,50.0,purchase,W,unknown_device,False
2987679,acc_00479,2026-06-02 03:38:00,107.95,purchase,W,unknown_device,False
2987680,acc_00309,2026-06-02 03:38:05,62.95,purchase,W,unknown_device,False
2987681,acc_00469,2026-06-02 03:38:11,85.192,purchase,C,unknown_device,False
2987682,acc_00480,2026-06-02 03:39:16,25.0,purchase,W,unknown_device,False
2987683,acc_00317,2026-06-02 03:39:44,124.344,purchase,C,Windows,True
2987684,acc_00460,2026-06-02 03:40:10,117.0,purchase,W,unknown_device,False
2987685,acc_00481,2026-06-02 03:40:12,138.5,purchase,W,unknown_device,False
2987686,acc_00239,2026-06-02 03:40:14,73.471,purchase,C,unknown_device,False
2987687,acc_00482,2026-06-02 03:40:21,39.5,purchase,W,unknown_device,False
2987688,acc_00483,2026-06-02 03:40:25,105.0,purchase,W,unknown_device,False
2987689,acc_00484,2026-06-02 03:40:58,100.0,purchase,H,Windows,False
2987690,acc_00024,2026-06-02 03:41:29,57.95,purchase,W,unknown_device,False
2987691,acc_00097,2026-06-02 03:42:04,34.95,purchase,W,unknown_device,False
2987692,acc_00119,2026-06-02 03:42:16,8.459,purchase,C,unknown_device,False
2987693,acc_00469,2026-06-02 03:42:43,85.192,purchase,C,unknown_device,False
2987694,acc_00485,2026-06-02 03:43:02,65.0,purchase,H,MacOS,False
2987695,acc_00446,2026-06-02 03:43:33,30.0,purchase,W,unknown_device,False
2987696,acc_00486,2026-06-02 03:43:59,36.252,purchase,C,SM-G610M Build/MMB29K,False
2987697,acc_00487,2026-06-02 03:44:15,44.0,purchase,W,unknown_device,False
2987698,acc_00488,2026-06-02 03:44:44,65.0,purchase,H,MacOS,False
2987699,acc_00489,2026-06-02 03:45:00,65.0,purchase,W,unknown_device,False
2987700,acc_00459,2026-06-02 03:45:01,59.0,purchase,W,unknown_device,False
2987701,acc_00490,2026-06-02 03:45:02,50.0,purchase,W,unknown_device,False
2987702,acc_00491,2026-06-02 03:45:05,100.0,purchase,W,unknown_device,False
2987703,acc_00492,2026-06-02 03:45:48,108.5,purchase,W,unknown_device,False
2987704,acc_00493,2026-06-02 03:46:14,822.47,purchase,W,unknown_device,False
2987705,acc_00494,2026-06-02 03:46:40,77.0,purchase,W,unknown_device,False
2987706,acc_00495,2026-06-02 03:47:04,57.95,purchase,W,unknown_device,False
2987707,acc_00496,2026-06-02 03:47:25,67.95,purchase,W,unknown_device,False
2987708,acc_00370,2026-06-02 03:47:40,49.0,purchase,W,unknown_device,False
2987709,acc_00497,2026-06-02 03:47:46,54.47,purchase,W,unknown_device,False
2987710,acc_00469,2026-06-02 03:47:59,85.192,purchase,C,unknown_device,False
2987711,acc_00498,2026-06-02 03:48:05,50.0,purchase,W,unknown_device,False
2987712,acc_00499,2026-06-02 03:48:41,10.0,purchase,S,Windows,False
2987713,acc_00500,2026-06-02 03:49:19,42.95,purchase,W,unknown_device,False
2987714,acc_00131,2026-06-02 03:49:29,59.0,purchase,W,unknown_device,False
2987715,acc_00186,2026-06-02 03:49:39,200.0,purchase,W,unknown_device,False
2987716,acc_00501,2026-06-02 03:49:49,57.95,purchase,W,unknown_device,False
2987717,acc_00446,2026-06-02 03:49:49,39.0,purchase,W,unknown_device,False
2987718,acc_00502,2026-06-02 03:50:04,50.0,purchase,H,XT1635-01,False
2987719,acc_00503,2026-06-02 03:50:37,114.95,purchase,W,unknown_device,False
2987720,acc_00377,2026-06-02 03:51:30,26.95,purchase,W,unknown_device,False
2987721,acc_00325,2026-06-02 03:51:47,44.0,purchase,W,unknown_device,False
2987722,acc_00215,2026-06-02 03:52:16,205.95,purchase,W,unknown_device,False
2987723,acc_00504,2026-06-02 03:52:44,60.0,purchase,W,unknown_device,False
2987724,acc_00505,2026-06-02 03:52:56,25.0,purchase,S,Windows,False
2987725,acc_00506,2026-06-02 03:52:59,53.97,purchase,W,unknown_device,False
2987726,acc_00507,2026-06-02 03:53:25,30.0,purchase,H,iOS Device,False
2987727,acc_00508,2026-06-02 03:53:37,209.95,purchase,W,unknown_device,False
2987728,acc_00436,2026-06-02 03:53:38,49.0,purchase,W,unknown_device,False
2987729,acc_00097,2026-06-02 03:53:44,29.95,purchase,W,unknown_device,False
2987730,acc_00048,2026-06-02 03:54:20,43.563,purchase,C,Windows,False
2987731,acc_00509,2026-06-02 03:54:23,77.0,purchase,W,unknown_device,False
2987732,acc_00510,2026-06-02 03:54:48,100.0,purchase,H,MacOS,False
2987733,acc_00036,2026-06-02 03:55:16,150.0,purchase,H,Windows,False
2987734,acc_00511,2026-06-02 03:55:47,445.0,purchase,W,unknown_device,False
2987735,acc_00512,2026-06-02 03:55:59,150.0,purchase,W,unknown_device,False
2987736,acc_00513,2026-06-02 03:56:31,100.0,purchase,W,unknown_device,True
2987737,acc_00377,2026-06-02 03:56:56,23.47,purchase,W,unknown_device,False
2987738,acc_00512,2026-06-02 03:57:02,150.0,purchase,W,unknown_device,False
2987739,acc_00412,2026-06-02 03:57:44,26.654,purchase,C,rv:56.0,False
2987740,acc_00514,2026-06-02 03:57:57,135.95,purchase,W,unknown_device,False
2987741,acc_00515,2026-06-02 03:58:45,25.0,purchase,H,SM-G950U Build/NRD90M,False
2987742,acc_00025,2026-06-02 03:59:44,159.95,purchase,W,unknown_device,False
2987743,acc_00516,2026-06-02 04:00:43,90.0,purchase,S,Windows,False
2987744,acc_00214,2026-06-02 04:00:47,50.0,purchase,W,unknown_device,False
2987745,acc_00517,2026-06-02 04:01:14,46.5,purchase,W,unknown_device,False
2987746,acc_00518,2026-06-02 04:01:27,28.277,purchase,C,unknown_device,False
2987747,acc_00469,2026-06-02 04:01:35,85.192,purchase,C,unknown_device,False
2987748,acc_00519,2026-06-02 02:18:09,50.0,purchase,H,MacOS,False
2987749,acc_00063,2026-06-02 04:02:36,92.0,purchase,W,unknown_device,False
2987750,acc_00317,2026-06-02 04:03:56,60.058,purchase,C,unknown_device,False
2987751,acc_00045,2026-06-02 04:04:03,200.0,purchase,R,Windows,False
2987752,acc_00520,2026-06-02 04:04:50,96.974,purchase,C,Windows,False
2987753,acc_00521,2026-06-02 04:06:44,173.0,purchase,W,unknown_device,False
2987754,acc_00163,2026-06-02 04:07:38,15.0,purchase,H,VS500,False
2987755,acc_00522,2026-06-02 04:08:06,39.0,purchase,W,unknown_device,False
2987756,acc_00523,2026-06-02 04:08:18,80.0,purchase,W,unknown_device,False
2987757,acc_00524,2026-06-02 04:09:19,29.0,purchase,W,unknown_device,False
2987758,acc_00151,2026-06-02 04:09:29,23.201,purchase,C,CAM-L03 Build/HUAWEICAM-L03,False
2987759,acc_00525,2026-06-02 04:09:31,200.0,purchase,W,unknown_device,False
2987760,acc_00526,2026-06-02 04:09:44,112.99,purchase,W,unknown_device,False
2987761,acc_00527,2026-06-02 04:09:45,78.95,purchase,W,unknown_device,False
2987762,acc_00528,2026-06-02 04:10:12,129.95,purchase,W,unknown_device,False
2987763,acc_00529,2026-06-02 04:11:51,100.0,purchase,R,RCT6303W87M7 Build/MRA58K,False
2987764,acc_00530,2026-06-02 04:12:29,50.0,purchase,W,unknown_device,False
2987765,acc_00531,2026-06-02 04:12:52,600.0,purchase,W,unknown_device,False
2987766,acc_00210,2026-06-02 04:13:09,64.529,purchase,C,M4 SS4451 Build/LMY47D,False
2987767,acc_00532,2026-06-02 04:13:10,209.95,purchase,W,unknown_device,False
2987768,acc_00533,2026-06-02 04:13:50,10.755,purchase,C,unknown_device,False
2987769,acc_00048,2026-06-02 04:14:38,14.501,purchase,C,Windows,False
2987770,acc_00489,2026-06-02 04:14:47,53.97,purchase,W,unknown_device,False
2987771,acc_00193,2026-06-02 04:15:23,25.0,purchase,H,iOS Device,False
2987772,acc_00188,2026-06-02 04:16:31,30.95,purchase,W,synthetic_device_ring_002,False
2987773,acc_00534,2026-06-02 04:17:48,600.0,purchase,W,unknown_device,False
2987774,acc_00535,2026-06-02 04:18:03,65.0,purchase,H,iOS Device,False
2987775,acc_00536,2026-06-02 04:18:10,107.95,purchase,W,unknown_device,False
2987776,acc_00337,2026-06-02 04:19:56,650.0,purchase,W,unknown_device,False
2987777,acc_00119,2026-06-02 04:20:57,150.929,purchase,C,Windows,False
2987778,acc_00537,2026-06-02 04:21:53,890.95,purchase,W,unknown_device,False
2987779,acc_00538,2026-06-02 04:22:34,10.0,purchase,S,KFFOWI Build/LVY48F,True
2987780,acc_00539,2026-06-02 04:23:08,10.0,purchase,S,KFFOWI Build/LVY48F,True
2987781,acc_00539,2026-06-02 04:23:13,10.0,purchase,S,KFFOWI Build/LVY48F,True
2987782,acc_00540,2026-06-02 04:23:39,58.95,purchase,W,unknown_device,False
2987783,acc_00541,2026-06-02 04:24:21,99.95,purchase,W,unknown_device,False
2987784,acc_00048,2026-06-02 04:25:10,14.26,purchase,C,unknown_device,False
2987785,acc_00542,2026-06-02 04:25:26,45.0,purchase,H,iOS Device,False
2987786,acc_00536,2026-06-02 04:25:37,209.95,purchase,W,unknown_device,False
2987787,acc_00337,2026-06-02 04:25:48,724.0,purchase,W,unknown_device,False
2987788,acc_00542,2026-06-02 04:26:09,45.0,purchase,H,iOS Device,False
2987789,acc_00048,2026-06-02 04:26:17,24.228,purchase,C,unknown_device,False
2987790,acc_00543,2026-06-02 04:26:19,100.0,purchase,H,rv:56.0,False
2987791,acc_00544,2026-06-02 04:26:37,85.192,purchase,C,unknown_device,False
2987792,acc_00048,2026-06-02 04:27:32,20.18,purchase,C,Moto E (4) Build/NMA26.42-19,False
2987793,acc_00545,2026-06-02 04:29:06,20.0,purchase,W,unknown_device,False
2987794,acc_00546,2026-06-02 04:29:57,25.95,purchase,W,unknown_device,False
2987795,acc_00011,2026-06-02 04:30:30,10.755,purchase,C,SAMSUNG,False
2987796,acc_00547,2026-06-02 04:30:33,30.0,purchase,H,SM-G930V Build/NRD90M,False
2987797,acc_00215,2026-06-02 04:30:40,20.95,purchase,W,unknown_device,False
2987798,acc_00548,2026-06-02 04:30:55,108.5,purchase,W,unknown_device,False
2987799,acc_00549,2026-06-02 04:32:12,107.95,purchase,W,unknown_device,False
2987800,acc_00154,2026-06-02 04:32:12,23.926,purchase,C,E2306 Build/26.3.A.1.33,False
2987801,acc_00550,2026-06-02 04:34:57,317.5,purchase,W,unknown_device,False
2987802,acc_00094,2026-06-02 04:36:39,89.36,purchase,W,unknown_device,False
2987803,acc_00551,2026-06-02 04:37:21,2325.97,purchase,W,unknown_device,False
2987804,acc_00457,2026-06-02 04:38:41,63.26,purchase,C,unknown_device,False
2987805,acc_00552,2026-06-02 04:39:04,50.0,purchase,W,unknown_device,False
2987806,acc_00553,2026-06-02 04:39:35,44.95,purchase,W,unknown_device,False
2987807,acc_00554,2026-06-02 04:39:49,34.0,purchase,W,unknown_device,False
2987808,acc_00555,2026-06-02 04:39:50,59.0,purchase,W,unknown_device,False
2987809,acc_00356,2026-06-02 04:39:57,30.95,purchase,W,unknown_device,False
2987810,acc_00556,2026-06-02 04:39:58,261.95,purchase,W,unknown_device,False
2987811,acc_00557,2026-06-02 04:41:04,42.95,purchase,W,unknown_device,False
2987812,acc_00558,2026-06-02 04:41:37,49.41,purchase,W,unknown_device,False
2987813,acc_00559,2026-06-02 04:42:09,58.95,purchase,W,unknown_device,False
2987814,acc_00097,2026-06-02 04:43:29,279.95,purchase,W,unknown_device,False
2987815,acc_00560,2026-06-02 04:44:28,129.299,purchase,C,Windows,False
2987816,acc_00561,2026-06-02 04:44:46,714.72,purchase,W,unknown_device,False
2987817,acc_00552,2026-06-02 04:46:30,254.0,purchase,W,unknown_device,False
2987818,acc_00562,2026-06-02 04:46:37,12.0,purchase,W,unknown_device,False
2987819,acc_00239,2026-06-02 04:47:42,90.993,purchase,C,unknown_device,False
2987820,acc_00563,2026-06-02 04:48:08,80.963,purchase,C,Windows,False
2987821,acc_00564,2026-06-02 04:48:18,400.0,purchase,R,MacOS,False
2987822,acc_00551,2026-06-02 04:49:11,100.0,purchase,W,unknown_device,False
2987823,acc_00565,2026-06-02 04:49:38,100.0,purchase,W,unknown_device,False
2987824,acc_00566,2026-06-02 04:49:56,554.0,purchase,W,unknown_device,False
2987825,acc_00567,2026-06-02 04:49:57,44.892,purchase,C,Ilium L910 Build/MRA58K,False
2987826,acc_00568,2026-06-02 04:50:21,824.95,purchase,W,synthetic_device_ring_001,False
2987827,acc_00569,2026-06-02 04:51:21,42.05,purchase,W,unknown_device,False
2987828,acc_00195,2026-06-02 04:51:21,64.649,purchase,C,Windows,False
2987829,acc_00570,2026-06-02 04:54:44,50.0,purchase,H,Windows,False
2987830,acc_00571,2026-06-02 04:56:23,60.0,purchase,W,unknown_device,False
2987831,acc_00166,2026-06-02 04:56:53,125.0,purchase,R,iOS Device,False
2987832,acc_00215,2026-06-02 04:57:19,160.5,purchase,W,unknown_device,False
2987833,acc_00572,2026-06-02 04:58:40,44.5,purchase,W,unknown_device,False
2987834,acc_00470,2026-06-02 04:58:53,20.0,purchase,S,Windows,False
2987835,acc_00048,2026-06-02 05:03:41,25.86,purchase,C,unknown_device,False
2987836,acc_00573,2026-06-02 05:04:16,482.95,purchase,W,unknown_device,False
2987837,acc_00069,2026-06-02 05:06:05,41.811,purchase,C,SM-J700M Build/MMB29K,False
2987838,acc_00397,2026-06-02 05:09:11,51.357,purchase,C,Windows,False
2987839,acc_00563,2026-06-02 05:09:26,80.963,purchase,C,Windows,False
2987840,acc_00574,2026-06-02 05:14:31,117.0,purchase,W,unknown_device,False
2987841,acc_00575,2026-06-02 05:15:24,226.0,purchase,W,unknown_device,False
2987842,acc_00576,2026-06-02 05:15:40,1285.5,purchase,W,unknown_device,False
2987843,acc_00577,2026-06-02 05:18:24,117.0,purchase,W,unknown_device,False
2987844,acc_00578,2026-06-02 05:18:35,21.389,purchase,C,Windows,False
2987845,acc_00557,2026-06-02 05:18:47,42.95,purchase,W,unknown_device,False
2987846,acc_00579,2026-06-02 05:18:57,554.0,purchase,W,unknown_device,False
2987847,acc_00166,2026-06-02 05:19:53,200.0,purchase,R,MacOS,False
2987848,acc_00151,2026-06-02 05:20:54,54.015,purchase,C,GT-I9300,False
2987849,acc_00397,2026-06-02 05:20:59,42.294,purchase,C,Windows,False
2987850,acc_00580,2026-06-02 05:21:31,100.0,purchase,H,Windows,False
2987851,acc_00575,2026-06-02 05:22:05,213.0,purchase,W,unknown_device,False
2987852,acc_00581,2026-06-02 05:23:10,289.95,purchase,W,unknown_device,False
2987853,acc_00563,2026-06-02 05:23:16,80.963,purchase,C,Windows,False
2987854,acc_00151,2026-06-02 05:23:59,118.423,purchase,C,Windows,False
2987855,acc_00582,2026-06-02 05:24:37,75.0,purchase,H,iOS Device,False
2987856,acc_00250,2026-06-02 05:24:38,57.95,purchase,W,unknown_device,False
2987857,acc_00048,2026-06-02 05:24:43,19.999,purchase,C,LG-H420 Build/LRX21Y,False
2987858,acc_00097,2026-06-02 05:24:55,57.95,purchase,W,unknown_device,False
2987859,acc_00583,2026-06-02 05:26:50,280.0,purchase,W,unknown_device,False
2987860,acc_00097,2026-06-02 05:27:54,47.95,purchase,W,unknown_device,False
2987861,acc_00584,2026-06-02 05:28:49,100.0,purchase,W,unknown_device,False
2987862,acc_00585,2026-06-02 05:29:32,50.0,purchase,H,Windows,False
2987863,acc_00501,2026-06-02 05:31:00,40.0,purchase,W,unknown_device,False
2987864,acc_00468,2026-06-02 05:31:37,49.0,purchase,W,unknown_device,False
2987865,acc_00036,2026-06-02 05:32:38,226.0,purchase,W,unknown_device,False
2987866,acc_00586,2026-06-02 05:32:41,57.95,purchase,W,unknown_device,False
2987867,acc_00584,2026-06-02 05:33:44,107.95,purchase,W,unknown_device,False
2987868,acc_00154,2026-06-02 05:34:59,12.024,purchase,C,unknown_device,False
2987869,acc_00119,2026-06-02 05:36:43,83.38,purchase,C,Windows NT 6.2,True
2987870,acc_00587,2026-06-02 05:36:53,57.95,purchase,W,unknown_device,False
2987871,acc_00588,2026-06-02 05:36:59,49.0,purchase,W,unknown_device,False
2987872,acc_00412,2026-06-02 05:37:13,37.46,purchase,C,XT1032 Build/LPBS23.13-56-2,False
2987873,acc_00589,2026-06-02 05:38:24,25.0,purchase,H,Windows,False
2987874,acc_00521,2026-06-02 05:38:49,265.0,purchase,W,unknown_device,False
2987875,acc_00590,2026-06-02 05:38:59,57.95,purchase,W,unknown_device,False
2987876,acc_00132,2026-06-02 05:39:18,57.95,purchase,W,unknown_device,False
2987877,acc_00532,2026-06-02 05:39:23,59.0,purchase,W,unknown_device,False
2987878,acc_00347,2026-06-02 05:39:28,265.01,purchase,W,unknown_device,False
2987879,acc_00480,2026-06-02 05:44:10,40.0,purchase,W,unknown_device,False
2987880,acc_00591,2026-06-02 05:44:52,57.95,purchase,W,unknown_device,False
2987881,acc_00048,2026-06-02 05:46:11,6.888,purchase,C,unknown_device,False
2987882,acc_00592,2026-06-02 05:46:27,418.0,purchase,W,unknown_device,False
2987883,acc_00593,2026-06-02 05:46:33,16.95,purchase,W,unknown_device,False
2987884,acc_00594,2026-06-02 05:46:54,48.95,purchase,W,unknown_device,False
2987885,acc_00048,2026-06-02 05:47:41,43.986,purchase,C,GT-I9060M Build/KTU84P,False
2987886,acc_00317,2026-06-02 05:52:18,36.373,purchase,C,unknown_device,False
2987887,acc_00011,2026-06-02 05:53:15,50.149,purchase,C,unknown_device,False
2987888,acc_00595,2026-06-02 05:54:49,403.0,purchase,W,unknown_device,False
2987889,acc_00596,2026-06-02 05:55:40,211.4,purchase,W,unknown_device,False
2987890,acc_00036,2026-06-02 05:55:41,226.0,purchase,W,unknown_device,False
2987891,acc_00597,2026-06-02 05:56:35,25.0,purchase,W,unknown_device,False
2987892,acc_00598,2026-06-02 05:56:36,77.0,purchase,W,unknown_device,False
2987893,acc_00048,2026-06-02 05:56:37,109.36,purchase,C,unknown_device,False
2987894,acc_00521,2026-06-02 05:56:48,280.0,purchase,W,unknown_device,False
2987895,acc_00473,2026-06-02 05:57:29,16.012,purchase,C,Trident/7.0,False
2987896,acc_00599,2026-06-02 05:58:20,57.95,purchase,W,unknown_device,False
2987897,acc_00036,2026-06-02 05:59:57,207.95,purchase,W,unknown_device,False
2987898,acc_00600,2026-06-02 02:47:09,171.0,purchase,W,unknown_device,False
2987899,acc_00601,2026-06-02 06:00:37,47.95,purchase,W,unknown_device,False
2987900,acc_00474,2026-06-02 06:01:01,16.012,purchase,C,Trident/7.0,False
2987901,acc_00473,2026-06-02 06:02:07,59.574,purchase,C,unknown_device,False
2987902,acc_00602,2026-06-02 06:03:17,48.95,purchase,W,unknown_device,False
2987903,acc_00186,2026-06-02 06:03:46,107.95,purchase,W,unknown_device,False
2987904,acc_00036,2026-06-02 06:03:49,57.95,purchase,W,unknown_device,False
2987905,acc_00185,2026-06-02 06:07:40,291.95,purchase,W,unknown_device,False
2987906,acc_00603,2026-06-02 06:08:10,153.0,purchase,W,unknown_device,False
2987907,acc_00604,2026-06-02 06:09:05,50.0,purchase,H,iOS Device,False
2987908,acc_00605,2026-06-02 06:09:10,80.0,purchase,W,unknown_device,False
2987909,acc_00045,2026-06-02 06:09:44,107.95,purchase,W,unknown_device,False
2987910,acc_00193,2026-06-02 06:10:00,70.0,purchase,W,unknown_device,False
2987911,acc_00606,2026-06-02 06:10:03,450.0,purchase,W,unknown_device,False
2987912,acc_00048,2026-06-02 06:10:54,83.198,purchase,C,unknown_device,False
2987913,acc_00607,2026-06-02 06:11:32,100.0,purchase,W,unknown_device,False
2987914,acc_00608,2026-06-02 06:11:52,160.0,purchase,W,unknown_device,False
2987915,acc_00609,2026-06-02 06:12:19,822.47,purchase,W,unknown_device,False
2987916,acc_00610,2026-06-02 06:12:29,325.0,purchase,W,unknown_device,False
2987917,acc_00048,2026-06-02 06:12:37,83.198,purchase,C,unknown_device,False
2987918,acc_00611,2026-06-02 06:13:09,123.5,purchase,W,unknown_device,False
2987919,acc_00557,2026-06-02 06:13:28,42.95,purchase,W,unknown_device,False
2987920,acc_00592,2026-06-02 06:13:41,171.0,purchase,W,unknown_device,False
2987921,acc_00612,2026-06-02 06:13:56,75.95,purchase,W,unknown_device,False
2987922,acc_00607,2026-06-02 06:14:22,105.95,purchase,W,unknown_device,False
2987923,acc_00613,2026-06-02 06:15:12,774.0,purchase,W,unknown_device,True
2987924,acc_00606,2026-06-02 06:15:41,488.0,purchase,W,unknown_device,False
2987925,acc_00614,2026-06-02 06:15:49,240.0,purchase,W,unknown_device,False
2987926,acc_00011,2026-06-02 06:15:58,23.926,purchase,C,unknown_device,False
2987927,acc_00615,2026-06-02 06:17:23,117.0,purchase,W,unknown_device,False
2987928,acc_00474,2026-06-02 06:17:38,16.918,purchase,C,Trident/7.0,False
2987929,acc_00069,2026-06-02 06:18:08,18.67,purchase,C,Windows,False
2987930,acc_00615,2026-06-02 06:18:16,305.0,purchase,W,unknown_device,False
2987931,acc_00616,2026-06-02 06:18:34,265.0,purchase,W,unknown_device,False
2987932,acc_00011,2026-06-02 06:18:49,23.926,purchase,C,unknown_device,False
2987933,acc_00617,2026-06-02 06:19:06,113.0,purchase,W,unknown_device,False
2987934,acc_00607,2026-06-02 06:19:13,105.95,purchase,W,unknown_device,False
2987935,acc_00618,2026-06-02 06:19:42,35.95,purchase,W,unknown_device,False
2987936,acc_00612,2026-06-02 06:19:43,77.0,purchase,W,unknown_device,False
2987937,acc_00619,2026-06-02 06:19:48,300.0,purchase,W,unknown_device,False
2987938,acc_00620,2026-06-02 06:20:02,15.0,purchase,H,iOS Device,False
2987939,acc_00186,2026-06-02 06:20:17,46.95,purchase,W,unknown_device,False
2987940,acc_00531,2026-06-02 06:20:28,600.0,purchase,W,unknown_device,False
2987941,acc_00621,2026-06-02 06:20:31,50.0,purchase,W,unknown_device,False
2987942,acc_00592,2026-06-02 06:20:31,226.0,purchase,W,unknown_device,False
2987943,acc_00622,2026-06-02 06:21:42,50.0,purchase,W,unknown_device,False
2987944,acc_00621,2026-06-02 06:21:29,164.95,purchase,W,unknown_device,False
2987945,acc_00623,2026-06-02 06:21:29,68.95,purchase,W,unknown_device,False
2987946,acc_00612,2026-06-02 06:22:26,408.5,purchase,W,unknown_device,False
2987947,acc_00614,2026-06-02 06:22:47,171.0,purchase,W,unknown_device,False
2987948,acc_00624,2026-06-02 06:22:53,100.0,purchase,W,unknown_device,False
2987949,acc_00446,2026-06-02 06:23:34,30.0,purchase,W,unknown_device,False
2987950,acc_00087,2026-06-02 06:23:37,100.0,purchase,W,unknown_device,False
2987951,acc_00544,2026-06-02 06:23:55,14.138,purchase,C,Windows,False
2987952,acc_00625,2026-06-02 06:25:03,107.95,purchase,W,unknown_device,False
2987953,acc_00626,2026-06-02 06:25:49,47.95,purchase,W,unknown_device,False
2987954,acc_00603,2026-06-02 06:25:59,179.95,purchase,W,unknown_device,False
2987955,acc_00606,2026-06-02 06:26:05,450.0,purchase,W,unknown_device,False
2987956,acc_00621,2026-06-02 06:26:07,226.0,purchase,W,unknown_device,False
2987957,acc_00048,2026-06-02 06:26:37,39.394,purchase,C,rv:38.0,False
2987958,acc_00612,2026-06-02 06:27:05,60.0,purchase,W,unknown_device,False
2987959,acc_00612,2026-06-02 06:27:38,73.97,purchase,W,unknown_device,False
2987960,acc_00605,2026-06-02 06:28:50,97.0,purchase,W,unknown_device,False
2987961,acc_00627,2026-06-02 06:30:37,226.0,purchase,W,unknown_device,False
2987962,acc_00542,2026-06-02 06:33:35,250.0,purchase,W,unknown_device,False
2987963,acc_00628,2026-06-02 06:33:41,59.0,purchase,W,unknown_device,False
2987964,acc_00239,2026-06-02 06:35:13,25.86,purchase,C,Moto G (4) Build/NPJS25.93-14-10,False
2987965,acc_00629,2026-06-02 06:36:02,35.0,purchase,H,iOS Device,False
2987966,acc_00007,2026-06-02 06:38:06,117.0,purchase,W,unknown_device,False
2987967,acc_00592,2026-06-02 06:38:18,365.0,purchase,W,unknown_device,False
2987968,acc_00048,2026-06-02 06:38:19,14.138,purchase,C,unknown_device,False
2987969,acc_00630,2026-06-02 06:39:32,15.0,purchase,S,iOS Device,False
2987970,acc_00616,2026-06-02 06:41:43,250.0,purchase,W,unknown_device,False
2987971,acc_00553,2026-06-02 06:41:59,44.95,purchase,W,unknown_device,False
2987972,acc_00631,2026-06-02 06:42:58,88.938,purchase,C,unknown_device,False
2987973,acc_00375,2026-06-02 06:43:18,1473.95,purchase,W,unknown_device,False
2987974,acc_00553,2026-06-02 06:44:41,34.95,purchase,W,unknown_device,False
2987975,acc_00616,2026-06-02 06:44:57,67.95,purchase,W,unknown_device,False
2987976,acc_00632,2026-06-02 06:47:06,36.95,purchase,W,unknown_device,False
2987977,acc_00531,2026-06-02 06:47:46,400.0,purchase,W,unknown_device,False
2987978,acc_00633,2026-06-02 06:48:19,57.95,purchase,W,unknown_device,False
2987979,acc_00634,2026-06-02 06:48:34,117.0,purchase,W,unknown_device,False
2987980,acc_00616,2026-06-02 06:48:56,46.95,purchase,W,unknown_device,False
2987981,acc_00446,2026-06-02 06:49:10,30.0,purchase,W,unknown_device,False
2987982,acc_00635,2026-06-02 06:52:20,150.0,purchase,W,unknown_device,False
2987983,acc_00446,2026-06-02 06:52:35,31.0,purchase,W,unknown_device,False
2987984,acc_00633,2026-06-02 06:53:16,70.0,purchase,W,unknown_device,False
2987985,acc_00636,2026-06-02 06:54:14,445.0,purchase,W,unknown_device,False
2987986,acc_00637,2026-06-02 06:55:49,117.0,purchase,W,unknown_device,False
2987987,acc_00638,2026-06-02 06:58:23,300.0,purchase,W,unknown_device,False
2987988,acc_00639,2026-06-02 06:58:48,57.95,purchase,W,unknown_device,False
2987989,acc_00631,2026-06-02 06:59:59,88.938,purchase,C,Windows,False
2987990,acc_00638,2026-06-02 07:01:57,335.0,purchase,W,unknown_device,False
2987991,acc_00640,2026-06-02 07:02:39,82.95,purchase,W,unknown_device,False
2987992,acc_00641,2026-06-02 07:03:45,20.0,purchase,W,unknown_device,False
2987993,acc_00642,2026-06-02 07:04:45,27.95,purchase,W,unknown_device,False
2987994,acc_00616,2026-06-02 07:05:18,20.0,purchase,W,unknown_device,False
2987995,acc_00008,2026-06-02 07:07:20,57.95,purchase,W,unknown_device,False
2987996,acc_00572,2026-06-02 07:07:50,100.0,purchase,W,unknown_device,False
2987997,acc_00557,2026-06-02 07:08:15,36.0,purchase,W,unknown_device,False
2987998,acc_00643,2026-06-02 07:08:45,800.0,purchase,W,unknown_device,False
2987999,acc_00531,2026-06-02 07:09:11,400.0,purchase,W,unknown_device,False
2988000,acc_00592,2026-06-02 07:09:14,213.0,purchase,W,unknown_device,False
2988001,acc_00612,2026-06-02 07:09:42,160.0,purchase,W,unknown_device,False
2988002,acc_00611,2026-06-02 07:10:04,150.0,purchase,W,unknown_device,False
2988003,acc_00604,2026-06-02 07:10:25,311.95,purchase,W,unknown_device,False
2988004,acc_00615,2026-06-02 07:10:37,141.0,purchase,W,unknown_device,False
2988005,acc_00644,2026-06-02 07:10:58,188.0,purchase,W,unknown_device,False
2988006,acc_00638,2026-06-02 07:11:07,300.0,purchase,W,unknown_device,False
2988007,acc_00186,2026-06-02 07:11:26,59.0,purchase,W,unknown_device,False
2988008,acc_00072,2026-06-02 07:12:46,28.519,purchase,C,Windows,False
2988009,acc_00607,2026-06-02 07:14:05,59.0,purchase,W,unknown_device,False
2988010,acc_00644,2026-06-02 07:14:27,265.0,purchase,W,unknown_device,False
2988011,acc_00638,2026-06-02 07:14:53,335.0,purchase,W,unknown_device,False
2988012,acc_00615,2026-06-02 07:15:23,226.0,purchase,W,unknown_device,False
2988013,acc_00612,2026-06-02 07:15:24,169.95,purchase,W,unknown_device,False
2988014,acc_00645,2026-06-02 07:15:33,445.0,purchase,W,unknown_device,False
2988015,acc_00646,2026-06-02 07:17:17,50.0,purchase,H,iOS Device,False
2988016,acc_00557,2026-06-02 07:17:34,42.95,purchase,W,unknown_device,False
2988017,acc_00612,2026-06-02 07:17:36,169.95,purchase,W,unknown_device,False
2988018,acc_00647,2026-06-02 07:19:05,50.0,purchase,H,iOS Device,False
2988019,acc_00592,2026-06-02 07:19:26,226.0,purchase,W,unknown_device,False
2988020,acc_00648,2026-06-02 07:20:26,117.0,purchase,W,unknown_device,False
2988021,acc_00647,2026-06-02 07:20:41,50.0,purchase,H,iOS Device,False
2988022,acc_00649,2026-06-02 07:22:14,42.95,purchase,W,unknown_device,False
2988023,acc_00612,2026-06-02 07:23:22,60.0,purchase,W,unknown_device,False
2988024,acc_00650,2026-06-02 07:24:06,45.0,purchase,W,unknown_device,False
2988025,acc_00651,2026-06-02 07:24:33,92.0,purchase,W,unknown_device,False
2988026,acc_00652,2026-06-02 07:25:27,75.0,purchase,W,unknown_device,False
2988027,acc_00636,2026-06-02 07:25:44,35.0,purchase,W,unknown_device,False
2988028,acc_00653,2026-06-02 07:30:22,25.0,purchase,S,Windows,False
2988029,acc_00621,2026-06-02 07:30:29,157.95,purchase,W,unknown_device,False
2988030,acc_00618,2026-06-02 07:31:56,77.95,purchase,W,unknown_device,False
2988031,acc_00654,2026-06-02 07:32:02,554.0,purchase,W,unknown_device,False
2988032,acc_00641,2026-06-02 07:34:05,159.95,purchase,W,unknown_device,False
2988033,acc_00655,2026-06-02 07:34:11,45.073,purchase,C,Windows,False
2988034,acc_00656,2026-06-02 07:34:55,57.95,purchase,W,unknown_device,False
2988035,acc_00186,2026-06-02 07:35:15,50.0,purchase,W,unknown_device,False
2988036,acc_00657,2026-06-02 07:35:56,47.95,purchase,W,unknown_device,False
2988037,acc_00607,2026-06-02 07:37:03,20.0,purchase,W,unknown_device,False
2988038,acc_00658,2026-06-02 07:37:55,100.0,purchase,H,Windows,False
2988039,acc_00659,2026-06-02 07:39:24,112.99,purchase,W,unknown_device,False
2988040,acc_00186,2026-06-02 07:40:07,59.0,purchase,W,unknown_device,False
2988041,acc_00611,2026-06-02 07:45:40,50.0,purchase,W,unknown_device,False
2988042,acc_00660,2026-06-02 07:46:11,44.0,purchase,W,unknown_device,False
2988043,acc_00661,2026-06-02 07:48:52,40.0,purchase,W,unknown_device,False
2988044,acc_00662,2026-06-02 07:50:08,57.95,purchase,W,unknown_device,False
2988045,acc_00633,2026-06-02 07:51:43,120.0,purchase,W,unknown_device,False
2988046,acc_00007,2026-06-02 07:53:03,250.0,purchase,W,unknown_device,False
2988047,acc_00621,2026-06-02 07:53:29,226.0,purchase,W,unknown_device,False
2988048,acc_00577,2026-06-02 07:53:33,107.95,purchase,W,unknown_device,False
2988049,acc_00131,2026-06-02 07:54:35,87.95,purchase,W,unknown_device,False
2988050,acc_00344,2026-06-02 07:55:50,1134.7,purchase,W,unknown_device,False
2988051,acc_00616,2026-06-02 07:57:41,524.0,purchase,W,unknown_device,False
2988052,acc_00612,2026-06-02 07:57:53,73.97,purchase,W,unknown_device,False
2988053,acc_00611,2026-06-02 07:58:30,21.95,purchase,W,unknown_device,False
2988054,acc_00663,2026-06-02 07:58:36,219.99,purchase,W,unknown_device,False
2988055,acc_00664,2026-06-02 07:58:36,411.95,purchase,W,unknown_device,False
2988056,acc_00615,2026-06-02 08:00:10,200.0,purchase,W,unknown_device,False
2988057,acc_00665,2026-06-02 08:01:25,117.0,purchase,W,unknown_device,False
2988058,acc_00645,2026-06-02 08:05:36,44.5,purchase,W,unknown_device,False
2988059,acc_00531,2026-06-02 08:05:44,600.0,purchase,W,unknown_device,False
2988060,acc_00615,2026-06-02 08:06:08,59.0,purchase,W,unknown_device,False
2988061,acc_00621,2026-06-02 08:07:59,53.97,purchase,W,unknown_device,False
2988062,acc_00666,2026-06-02 08:10:00,90.872,purchase,C,Blade V6 Plus Build/MRA58K,True
2988063,acc_00577,2026-06-02 08:14:40,107.95,purchase,W,unknown_device,False
2988064,acc_00397,2026-06-02 08:15:30,90.872,purchase,C,Blade V6 Plus Build/MRA58K,True
2988065,acc_00332,2026-06-02 08:16:20,335.0,purchase,W,unknown_device,False
2988066,acc_00667,2026-06-02 08:16:49,737.0,purchase,W,unknown_device,False
2988067,acc_00521,2026-06-02 08:17:05,250.0,purchase,W,unknown_device,False
2988068,acc_00668,2026-06-02 08:17:20,169.95,purchase,W,unknown_device,False
2988069,acc_00397,2026-06-02 08:18:16,90.872,purchase,C,unknown_device,True
2988070,acc_00616,2026-06-02 08:19:32,126.0,purchase,W,unknown_device,False
2988071,acc_00612,2026-06-02 08:20:55,60.0,purchase,W,unknown_device,False
2988072,acc_00669,2026-06-02 08:21:37,203.0,purchase,W,unknown_device,False
2988073,acc_00036,2026-06-02 08:22:52,92.95,purchase,W,unknown_device,False
2988074,acc_00645,2026-06-02 08:24:09,77.0,purchase,W,unknown_device,False
2988075,acc_00612,2026-06-02 08:26:36,77.0,purchase,W,unknown_device,False
2988076,acc_00640,2026-06-02 08:30:19,35.95,purchase,W,unknown_device,False
2988077,acc_00531,2026-06-02 08:30:55,600.0,purchase,W,unknown_device,False
2988078,acc_00670,2026-06-02 08:31:02,38.95,purchase,W,unknown_device,False
2988079,acc_00616,2026-06-02 08:36:25,171.0,purchase,W,unknown_device,False
2988080,acc_00671,2026-06-02 08:36:30,30.0,purchase,H,Windows,False
2988081,acc_00264,2026-06-02 08:36:38,2161.0,purchase,W,unknown_device,True
2988082,acc_00672,2026-06-02 08:37:05,60.0,purchase,W,unknown_device,False
2988083,acc_00048,2026-06-02 08:41:21,54.076,purchase,C,SM-J700M Build/MMB29K,False
2988084,acc_00592,2026-06-02 08:42:29,335.0,purchase,W,unknown_device,False
2988085,acc_00625,2026-06-02 08:45:35,117.0,purchase,W,unknown_device,False
2988086,acc_00636,2026-06-02 08:45:54,78.95,purchase,W,unknown_device,False
2988087,acc_00648,2026-06-02 08:49:20,315.0,purchase,W,unknown_device,False
2988088,acc_00625,2026-06-02 08:50:08,117.0,purchase,W,unknown_device,False
2988089,acc_00606,2026-06-02 08:52:43,450.0,purchase,W,unknown_device,False
2988090,acc_00337,2026-06-02 08:52:46,625.0,purchase,W,unknown_device,False
2988091,acc_00592,2026-06-02 08:54:01,82.0,purchase,W,unknown_device,False
2988092,acc_00183,2026-06-02 08:55:24,226.0,purchase,W,unknown_device,False
2988093,acc_00551,2026-06-02 08:56:29,100.0,purchase,H,SM-G530T,False
2988094,acc_00504,2026-06-02 09:00:52,159.95,purchase,W,unknown_device,False
2988095,acc_00673,2026-06-02 09:01:01,100.0,purchase,W,unknown_device,False
2988096,acc_00606,2026-06-02 09:01:04,475.0,purchase,W,unknown_device,False
2988097,acc_00674,2026-06-02 09:06:24,159.0,purchase,W,unknown_device,True
2988098,acc_00675,2026-06-02 09:07:27,100.0,purchase,W,unknown_device,False
2988099,acc_00618,2026-06-02 09:07:37,171.0,purchase,W,unknown_device,False
2988100,acc_00676,2026-06-02 09:10:25,100.0,purchase,W,unknown_device,False
2988101,acc_00677,2026-06-02 09:15:04,107.95,purchase,W,unknown_device,False
2988102,acc_00338,2026-06-02 09:19:51,107.95,purchase,W,unknown_device,False
2988103,acc_00678,2026-06-02 09:21:11,44.95,purchase,W,unknown_device,False
2988104,acc_00616,2026-06-02 09:24:05,614.0,purchase,W,unknown_device,False
2988105,acc_00344,2026-06-02 09:24:42,63.97,purchase,W,unknown_device,False
2988106,acc_00679,2026-06-02 09:25:54,125.0,purchase,W,unknown_device,False
2988107,acc_00680,2026-06-02 09:27:19,57.95,purchase,W,unknown_device,False
2988108,acc_00616,2026-06-02 09:29:05,59.0,purchase,W,unknown_device,False
2988109,acc_00676,2026-06-02 09:29:08,100.0,purchase,W,unknown_device,False
2988110,acc_00338,2026-06-02 09:29:50,85.0,purchase,W,unknown_device,False
2988111,acc_00681,2026-06-02 09:30:11,107.95,purchase,W,unknown_device,False
2988112,acc_00682,2026-06-02 09:31:28,100.0,purchase,W,unknown_device,False
2988113,acc_00615,2026-06-02 09:32:12,405.0,purchase,W,unknown_device,False
2988114,acc_00531,2026-06-02 09:33:49,600.0,purchase,W,unknown_device,False
2988115,acc_00648,2026-06-02 09:33:54,54.5,purchase,W,unknown_device,False
2988116,acc_00683,2026-06-02 09:34:10,75.0,purchase,W,unknown_device,False
2988117,acc_00676,2026-06-02 09:34:32,117.0,purchase,W,unknown_device,False
2988118,acc_00684,2026-06-02 09:34:34,107.95,purchase,W,unknown_device,False
2988119,acc_00685,2026-06-02 09:35:54,150.0,purchase,W,unknown_device,False
2988120,acc_00686,2026-06-02 09:36:44,1420.0,purchase,W,unknown_device,False
2988121,acc_00687,2026-06-02 09:38:24,209.95,purchase,W,unknown_device,False
2988122,acc_00685,2026-06-02 09:39:14,159.95,purchase,W,unknown_device,False
2988123,acc_00132,2026-06-02 09:40:24,200.0,purchase,W,unknown_device,False
2988124,acc_00688,2026-06-02 09:40:43,107.95,purchase,W,unknown_device,False
2988125,acc_00606,2026-06-02 09:41:21,115.0,purchase,W,unknown_device,False
2988126,acc_00645,2026-06-02 09:41:27,77.0,purchase,W,unknown_device,False
2988127,acc_00607,2026-06-02 09:44:42,117.0,purchase,W,unknown_device,False
2988128,acc_00606,2026-06-02 09:45:51,124.0,purchase,W,unknown_device,False
2988129,acc_00689,2026-06-02 09:46:35,25.0,purchase,W,unknown_device,False
2988130,acc_00607,2026-06-02 09:48:24,57.95,purchase,W,unknown_device,False
2988131,acc_00690,2026-06-02 09:49:20,100.0,purchase,W,unknown_device,False
2988132,acc_00633,2026-06-02 09:50:01,160.0,purchase,W,unknown_device,False
2988133,acc_00356,2026-06-02 09:54:57,107.95,purchase,W,unknown_device,False
2988134,acc_00356,2026-06-02 09:58:22,47.95,purchase,W,unknown_device,False
2988135,acc_00363,2026-06-02 10:00:25,97.0,purchase,W,unknown_device,False
2988136,acc_00377,2026-06-02 10:01:29,335.0,purchase,W,unknown_device,False
2988137,acc_00691,2026-06-02 10:03:27,75.0,purchase,W,unknown_device,False
2988138,acc_00355,2026-06-02 10:03:34,43.97,purchase,W,unknown_device,False
2988139,acc_00692,2026-06-02 10:04:19,50.0,purchase,W,unknown_device,False
2988140,acc_00693,2026-06-02 10:04:47,80.0,purchase,H,LGMP260 Build/NRD90U,False
2988141,acc_00355,2026-06-02 10:05:35,43.97,purchase,W,unknown_device,False
2988142,acc_00611,2026-06-02 10:10:48,57.0,purchase,W,unknown_device,False
2988143,acc_00694,2026-06-02 10:11:41,100.0,purchase,W,unknown_device,False
2988144,acc_00137,2026-06-02 10:11:50,40.0,purchase,W,unknown_device,False
2988145,acc_00695,2026-06-02 10:12:15,97.0,purchase,W,unknown_device,False
2988146,acc_00696,2026-06-02 10:15:30,25.95,purchase,W,unknown_device,False
2988147,acc_00697,2026-06-02 10:19:50,108.43,purchase,W,unknown_device,False
2988148,acc_00616,2026-06-02 10:22:02,35.95,purchase,W,unknown_device,False
2988149,acc_00698,2026-06-02 10:23:04,30.0,purchase,W,unknown_device,False
2988150,acc_00073,2026-06-02 10:23:26,300.0,purchase,W,unknown_device,False
2988151,acc_00663,2026-06-02 10:23:30,300.0,purchase,W,unknown_device,False
2988152,acc_00699,2026-06-02 10:23:40,28.95,purchase,W,unknown_device,False
2988153,acc_00686,2026-06-02 10:23:47,66.0,purchase,W,unknown_device,False
2988154,acc_00124,2026-06-02 10:24:32,100.0,purchase,W,unknown_device,False
2988155,acc_00700,2026-06-02 10:26:51,25.0,purchase,W,unknown_device,False
2988156,acc_00701,2026-06-02 10:27:50,40.0,purchase,W,unknown_device,False
2988157,acc_00615,2026-06-02 10:27:57,171.0,purchase,W,unknown_device,False
2988158,acc_00675,2026-06-02 10:30:35,100.0,purchase,W,unknown_device,False
2988159,acc_00003,2026-06-02 10:31:15,120.0,purchase,W,unknown_device,False
2988160,acc_00073,2026-06-02 10:31:57,70.0,purchase,W,unknown_device,False
2988161,acc_00702,2026-06-02 10:33:15,25.0,purchase,W,unknown_device,False
2988162,acc_00685,2026-06-02 10:34:22,150.0,purchase,W,unknown_device,False
2988163,acc_00007,2026-06-02 10:36:45,224.0,purchase,W,unknown_device,False
2988164,acc_00703,2026-06-02 10:37:01,574.95,purchase,W,unknown_device,False
2988165,acc_00614,2026-06-02 10:37:03,35.95,purchase,W,unknown_device,False
2988166,acc_00704,2026-06-02 10:38:37,50.0,purchase,H,iOS Device,False
2988167,acc_00701,2026-06-02 10:38:47,40.0,purchase,W,unknown_device,False
2988168,acc_00685,2026-06-02 10:41:45,152.0,purchase,W,unknown_device,False
2988169,acc_00705,2026-06-02 10:44:02,80.0,purchase,W,unknown_device,True
2988170,acc_00706,2026-06-02 10:46:03,80.0,purchase,H,iOS Device,False
2988171,acc_00707,2026-06-02 10:47:34,15.0,purchase,H,Windows,False
2988172,acc_00159,2026-06-02 10:47:43,107.95,purchase,W,unknown_device,False
2988173,acc_00705,2026-06-02 10:48:15,97.0,purchase,W,unknown_device,True
2988174,acc_00708,2026-06-02 10:49:23,335.0,purchase,W,unknown_device,False
2988175,acc_00592,2026-06-02 10:49:42,77.0,purchase,W,unknown_device,False
2988176,acc_00571,2026-06-02 10:53:57,90.0,purchase,W,unknown_device,False
2988177,acc_00154,2026-06-02 10:54:52,28.76,purchase,C,Windows,False
2988178,acc_00709,2026-06-02 10:55:49,50.0,purchase,W,unknown_device,False
2988179,acc_00710,2026-06-02 10:57:05,67.95,purchase,W,unknown_device,False
2988180,acc_00188,2026-06-02 10:58:34,100.0,purchase,W,synthetic_device_ring_002,False
2988181,acc_00711,2026-06-02 10:58:58,59.0,purchase,W,unknown_device,False
2988182,acc_00198,2026-06-02 11:00:13,25.0,purchase,H,Windows,False
2988183,acc_00551,2026-06-02 11:01:12,159.95,purchase,W,unknown_device,False
2988184,acc_00712,2026-06-02 11:02:03,600.0,purchase,W,unknown_device,False
2988185,acc_00713,2026-06-02 11:04:04,450.0,purchase,W,unknown_device,False
2988186,acc_00714,2026-06-02 11:04:57,80.0,purchase,W,unknown_device,True
2988187,acc_00003,2026-06-02 11:05:49,80.0,purchase,W,unknown_device,False
2988188,acc_00225,2026-06-02 11:06:16,60.0,purchase,W,unknown_device,False
2988189,acc_00715,2026-06-02 11:06:40,107.95,purchase,W,unknown_device,False
2988190,acc_00716,2026-06-02 11:07:37,275.99,purchase,W,unknown_device,False
2988191,acc_00603,2026-06-02 11:07:58,100.0,purchase,W,unknown_device,False
2988192,acc_00048,2026-06-02 11:09:15,38.548,purchase,C,SM-E500M Build/KTU84P,False
2988193,acc_00717,2026-06-02 11:09:50,291.95,purchase,W,unknown_device,False
2988194,acc_00592,2026-06-02 11:10:25,226.0,purchase,W,unknown_device,False
2988195,acc_00714,2026-06-02 11:10:38,80.0,purchase,W,unknown_device,True
2988196,acc_00718,2026-06-02 11:11:43,67.95,purchase,W,unknown_device,False
2988197,acc_00491,2026-06-02 11:13:08,542.0,purchase,W,unknown_device,False
2988198,acc_00719,2026-06-02 11:13:47,100.0,purchase,W,unknown_device,False
2988199,acc_00720,2026-06-02 11:16:40,30.95,purchase,W,unknown_device,False
2988200,acc_00721,2026-06-02 11:19:17,47.95,purchase,W,unknown_device,False
2988201,acc_00355,2026-06-02 11:20:53,43.97,purchase,W,unknown_device,False
2988202,acc_00621,2026-06-02 11:22:00,400.0,purchase,W,unknown_device,False
2988203,acc_00616,2026-06-02 11:22:30,40.0,purchase,W,unknown_device,False
2988204,acc_00722,2026-06-02 11:22:35,100.0,purchase,R,iOS Device,False
2988205,acc_00723,2026-06-02 11:23:45,200.0,purchase,W,unknown_device,False
2988206,acc_00186,2026-06-02 11:24:14,500.0,purchase,W,unknown_device,False
2988207,acc_00724,2026-06-02 11:25:24,100.0,purchase,W,unknown_device,False
2988208,acc_00725,2026-06-02 11:27:33,243.0,purchase,W,unknown_device,False
2988209,acc_00097,2026-06-02 11:28:47,50.0,purchase,H,Windows,False
2988210,acc_00695,2026-06-02 11:29:00,150.0,purchase,W,unknown_device,False
2988211,acc_00097,2026-06-02 11:29:18,50.0,purchase,H,Windows,False
2988212,acc_00252,2026-06-02 11:29:47,50.0,purchase,W,unknown_device,False
2988213,acc_00726,2026-06-02 11:30:18,47.95,purchase,W,unknown_device,False
2988214,acc_00723,2026-06-02 11:30:55,226.0,purchase,W,unknown_device,False
2988215,acc_00727,2026-06-02 11:31:41,100.0,purchase,W,unknown_device,False
2988216,acc_00728,2026-06-02 11:32:15,57.95,purchase,W,unknown_device,False
2988217,acc_00729,2026-06-02 11:32:33,100.0,purchase,W,unknown_device,False
2988218,acc_00592,2026-06-02 11:32:41,226.0,purchase,W,unknown_device,False
2988219,acc_00730,2026-06-02 11:33:16,159.95,purchase,W,unknown_device,False
2988220,acc_00731,2026-06-02 11:33:22,97.0,purchase,W,unknown_device,False
2988221,acc_00097,2026-06-02 11:33:32,50.0,purchase,H,Windows,False
2988222,acc_00612,2026-06-02 11:33:39,171.0,purchase,W,unknown_device,False
2988223,acc_00731,2026-06-02 11:36:04,97.0,purchase,W,unknown_device,False
2988224,acc_00732,2026-06-02 11:36:12,171.0,purchase,W,unknown_device,False
2988225,acc_00684,2026-06-02 11:38:27,97.0,purchase,W,unknown_device,False
2988226,acc_00615,2026-06-02 11:38:54,150.5,purchase,W,unknown_device,False
2988227,acc_00011,2026-06-02 11:39:00,11.782,purchase,C,Trident/7.0,False
2988228,acc_00668,2026-06-02 11:39:13,70.0,purchase,W,unknown_device,False
2988229,acc_00388,2026-06-02 11:39:19,117.0,purchase,W,unknown_device,False
2988230,acc_00733,2026-06-02 11:40:11,35.0,purchase,W,unknown_device,False
2988231,acc_00621,2026-06-02 11:41:29,53.95,purchase,W,unknown_device,False
2988232,acc_00734,2026-06-02 11:41:29,70.0,purchase,W,unknown_device,False
2988233,acc_00735,2026-06-02 11:42:16,25.0,purchase,W,unknown_device,False
2988234,acc_00614,2026-06-02 11:42:57,44.5,purchase,W,unknown_device,False
2988235,acc_00428,2026-06-02 11:43:22,40.0,purchase,W,unknown_device,True
2988236,acc_00736,2026-06-02 11:43:51,552.0,purchase,W,unknown_device,False
2988237,acc_00737,2026-06-02 11:44:32,20.0,purchase,W,unknown_device,False
2988238,acc_00007,2026-06-02 11:45:04,50.0,purchase,W,unknown_device,False
2988239,acc_00611,2026-06-02 11:45:45,167.0,purchase,W,unknown_device,False
2988240,acc_00046,2026-06-02 11:46:28,58.95,purchase,W,unknown_device,False
2988241,acc_00659,2026-06-02 11:47:01,140.0,purchase,W,unknown_device,False
2988242,acc_00738,2026-06-02 11:47:29,100.0,purchase,W,unknown_device,False
2988243,acc_00739,2026-06-02 11:48:16,280.0,purchase,W,unknown_device,False
2988244,acc_00740,2026-06-02 11:49:41,117.0,purchase,W,unknown_device,False
2988245,acc_00741,2026-06-02 11:50:17,97.95,purchase,W,unknown_device,False
2988246,acc_00579,2026-06-02 11:50:57,100.0,purchase,R,SAMSUNG SM-G950U Build/NRD90M,False
2988247,acc_00073,2026-06-02 11:50:59,280.0,purchase,W,unknown_device,False
2988248,acc_00742,2026-06-02 11:51:01,117.0,purchase,W,unknown_device,False
2988249,acc_00659,2026-06-02 11:52:49,156.99,purchase,W,unknown_device,False
2988250,acc_00728,2026-06-02 11:52:51,226.0,purchase,W,unknown_device,True
2988251,acc_00743,2026-06-02 11:53:10,39.0,purchase,W,unknown_device,False
2988252,acc_00744,2026-06-02 11:54:16,171.0,purchase,W,unknown_device,False
2988253,acc_00422,2026-06-02 01:43:44,97.0,purchase,W,unknown_device,False
2988254,acc_00745,2026-06-02 11:54:57,100.0,purchase,W,unknown_device,False
2988255,acc_00746,2026-06-02 11:55:00,221.99,purchase,W,unknown_device,False
2988256,acc_00081,2026-06-02 11:55:51,150.0,purchase,W,unknown_device,False
2988257,acc_00547,2026-06-02 11:55:51,25.0,purchase,S,Windows,False
2988258,acc_00728,2026-06-02 11:57:04,50.0,purchase,W,unknown_device,False
2988259,acc_00612,2026-06-02 11:57:49,169.95,purchase,W,unknown_device,False
2988260,acc_00747,2026-06-02 11:57:57,77.95,purchase,W,unknown_device,False
2988261,acc_00748,2026-06-02 11:58:32,160.5,purchase,W,unknown_device,True
2988262,acc_00616,2026-06-02 11:58:50,250.0,purchase,W,unknown_device,False
2988263,acc_00557,2026-06-02 11:59:12,129.95,purchase,W,unknown_device,False
2988264,acc_00749,2026-06-02 12:00:16,108.5,purchase,W,unknown_device,False
2988265,acc_00337,2026-06-02 12:01:09,107.95,purchase,W,unknown_device,False
2988266,acc_00750,2026-06-02 12:01:24,300.0,purchase,W,unknown_device,False
2988267,acc_00547,2026-06-02 12:01:47,25.0,purchase,S,Windows,False
2988268,acc_00728,2026-06-02 12:01:49,53.97,purchase,W,unknown_device,False
2988269,acc_00751,2026-06-02 12:01:50,226.0,purchase,W,unknown_device,True
2988270,acc_00724,2026-06-02 12:02:38,50.0,purchase,W,unknown_device,False
2988271,acc_00137,2026-06-02 12:02:56,150.5,purchase,W,unknown_device,False
2988272,acc_00752,2026-06-02 12:03:22,50.0,purchase,W,unknown_device,False
2988273,acc_00073,2026-06-02 12:03:24,92.0,purchase,W,unknown_device,False
2988274,acc_00748,2026-06-02 12:03:54,280.0,purchase,W,unknown_device,True
2988275,acc_00623,2026-06-02 12:04:18,107.95,purchase,W,unknown_device,False
2988276,acc_00753,2026-06-02 12:04:37,80.0,purchase,W,unknown_device,False
2988277,acc_00754,2026-06-02 12:05:14,108.95,purchase,W,unknown_device,False
2988278,acc_00755,2026-06-02 12:05:27,540.0,purchase,W,unknown_device,False
2988279,acc_00211,2026-06-02 12:06:45,87.95,purchase,W,unknown_device,False
2988280,acc_00756,2026-06-02 12:06:56,50.0,purchase,W,unknown_device,False
2988281,acc_00757,2026-06-02 12:07:29,166.0,purchase,W,unknown_device,False
2988282,acc_00748,2026-06-02 12:07:30,117.0,purchase,W,unknown_device,True
2988283,acc_00724,2026-06-02 12:07:32,57.0,purchase,W,unknown_device,False
2988284,acc_00758,2026-06-02 12:07:36,209.95,purchase,W,unknown_device,False
2988285,acc_00759,2026-06-02 12:07:46,65.0,purchase,W,unknown_device,False
2988286,acc_00760,2026-06-02 12:07:47,300.0,purchase,W,unknown_device,False
2988287,acc_00633,2026-06-02 12:08:44,235.0,purchase,W,unknown_device,False
2988288,acc_00760,2026-06-02 12:09:24,26.99,purchase,W,unknown_device,False
2988289,acc_00761,2026-06-02 12:10:28,42.95,purchase,W,unknown_device,False
2988290,acc_00762,2026-06-02 12:10:53,15.0,purchase,W,unknown_device,False
2988291,acc_00606,2026-06-02 12:11:53,450.0,purchase,W,unknown_device,False
2988292,acc_00188,2026-06-02 12:12:02,261.95,purchase,W,synthetic_device_ring_002,False
2988293,acc_00763,2026-06-02 12:12:30,554.0,purchase,W,unknown_device,False
2988294,acc_00638,2026-06-02 12:13:13,300.0,purchase,W,unknown_device,False
2988295,acc_00764,2026-06-02 12:14:01,418.78,purchase,W,unknown_device,False
2988296,acc_00765,2026-06-02 12:15:00,45.0,purchase,W,unknown_device,False
2988297,acc_00347,2026-06-02 12:15:31,59.58,purchase,W,unknown_device,False
2988298,acc_00638,2026-06-02 12:17:06,317.5,purchase,W,unknown_device,False
2988299,acc_00385,2026-06-02 12:17:26,50.0,purchase,W,unknown_device,False
2988300,acc_00073,2026-06-02 12:17:36,50.0,purchase,W,unknown_device,False
2988301,acc_00081,2026-06-02 12:17:39,117.0,purchase,W,unknown_device,False
2988302,acc_00601,2026-06-02 12:17:51,142.0,purchase,W,unknown_device,False
2988303,acc_00766,2026-06-02 12:18:13,68.95,purchase,W,unknown_device,False
2988304,acc_00547,2026-06-02 12:18:45,25.0,purchase,S,Windows,False
2988305,acc_00753,2026-06-02 12:18:55,40.0,purchase,W,unknown_device,False
2988306,acc_00606,2026-06-02 12:19:02,488.0,purchase,W,unknown_device,False
2988307,acc_00572,2026-06-02 12:19:13,100.0,purchase,W,unknown_device,False
2988308,acc_00767,2026-06-02 12:19:25,77.579,purchase,C,unknown_device,False
2988309,acc_00347,2026-06-02 12:19:52,68.51,purchase,W,unknown_device,False
2988310,acc_00768,2026-06-02 12:20:49,59.0,purchase,W,unknown_device,False
2988311,acc_00547,2026-06-02 12:21:13,25.0,purchase,S,Windows,False
2988312,acc_00744,2026-06-02 12:21:23,25.0,purchase,S,Trident/7.0,False
2988313,acc_00101,2026-06-02 12:21:28,250.0,purchase,W,unknown_device,False
2988314,acc_00769,2026-06-02 12:21:35,218.0,purchase,W,unknown_device,False
2988315,acc_00648,2026-06-02 12:21:56,287.5,purchase,W,unknown_device,False
2988316,acc_00007,2026-06-02 12:21:56,20.0,purchase,W,unknown_device,False
2988317,acc_00615,2026-06-02 12:22:07,59.0,purchase,W,unknown_device,False
2988318,acc_00007,2026-06-02 12:22:12,100.0,purchase,W,unknown_device,False
2988319,acc_00645,2026-06-02 12:22:12,445.0,purchase,W,unknown_device,False
2988320,acc_00592,2026-06-02 12:22:51,25.95,purchase,W,unknown_device,False
2988321,acc_00615,2026-06-02 12:23:06,50.08,purchase,W,unknown_device,False
2988322,acc_00137,2026-06-02 12:24:24,150.0,purchase,W,unknown_device,False
2988323,acc_00769,2026-06-02 12:24:48,21.0,purchase,W,unknown_device,False
2988324,acc_00770,2026-06-02 12:25:46,70.0,purchase,W,unknown_device,False
2988325,acc_00771,2026-06-02 12:28:06,100.0,purchase,R,unknown_device,False
2988326,acc_00772,2026-06-02 12:28:13,100.0,purchase,W,unknown_device,False
2988327,acc_00617,2026-06-02 12:28:18,50.0,purchase,W,unknown_device,False
2988328,acc_00101,2026-06-02 12:28:19,280.0,purchase,W,unknown_device,False
2988329,acc_00764,2026-06-02 12:28:42,418.78,purchase,W,unknown_device,False
2988330,acc_00773,2026-06-02 12:29:04,50.0,purchase,W,unknown_device,False
2988331,acc_00774,2026-06-02 12:30:05,30.0,purchase,W,unknown_device,False
2988332,acc_00775,2026-06-02 12:30:23,97.0,purchase,W,unknown_device,False
2988333,acc_00776,2026-06-02 12:30:31,150.0,purchase,W,unknown_device,False
2988334,acc_00765,2026-06-02 12:31:26,107.95,purchase,W,unknown_device,False
2988335,acc_00009,2026-06-02 12:31:39,65.0,purchase,W,unknown_device,False
2988336,acc_00621,2026-06-02 12:32:09,59.0,purchase,W,unknown_device,False
2988337,acc_00777,2026-06-02 12:32:28,103.95,purchase,W,unknown_device,False
2988338,acc_00614,2026-06-02 12:33:08,150.0,purchase,W,unknown_device,False
2988339,acc_00547,2026-06-02 12:33:15,25.0,purchase,S,Windows,False
2988340,acc_00778,2026-06-02 12:33:31,100.0,purchase,H,iOS Device,False
2988341,acc_00779,2026-06-02 12:33:49,35.95,purchase,W,unknown_device,False
2988342,acc_00778,2026-06-02 12:33:58,100.0,purchase,H,iOS Device,False
2988343,acc_00780,2026-06-02 12:34:27,50.0,purchase,W,unknown_device,False
2988344,acc_00781,2026-06-02 12:34:52,25.95,purchase,W,unknown_device,False
2988345,acc_00782,2026-06-02 12:35:17,140.0,purchase,W,unknown_device,False
2988346,acc_00783,2026-06-02 12:35:35,117.0,purchase,W,unknown_device,False
2988347,acc_00363,2026-06-02 12:36:39,160.95,purchase,W,unknown_device,False
2988348,acc_00615,2026-06-02 12:36:54,405.0,purchase,W,unknown_device,False
2988349,acc_00784,2026-06-02 12:36:58,50.0,purchase,W,unknown_device,False
2988350,acc_00785,2026-06-02 12:37:03,48.95,purchase,W,unknown_device,False
2988351,acc_00786,2026-06-02 12:37:14,60.0,purchase,W,unknown_device,False
2988352,acc_00787,2026-06-02 12:37:28,107.95,purchase,W,unknown_device,False
2988353,acc_00788,2026-06-02 12:37:28,20.0,purchase,W,unknown_device,False
2988354,acc_00789,2026-06-02 12:37:38,200.0,purchase,W,unknown_device,False
2988355,acc_00428,2026-06-02 12:37:46,35.0,purchase,W,unknown_device,True
2988356,acc_00328,2026-06-02 12:38:31,85.0,purchase,S,Windows,False
2988357,acc_00459,2026-06-02 12:39:12,107.95,purchase,W,unknown_device,False
2988358,acc_00790,2026-06-02 12:39:27,75.0,purchase,W,unknown_device,False
2988359,acc_00600,2026-06-02 02:57:09,100.0,purchase,W,unknown_device,False
2988360,acc_00791,2026-06-02 12:40:46,75.0,purchase,W,unknown_device,False
2988361,acc_00792,2026-06-02 12:41:10,40.0,purchase,W,unknown_device,False
2988362,acc_00684,2026-06-02 12:41:12,130.0,purchase,W,unknown_device,False
2988363,acc_00093,2026-06-02 12:41:43,75.0,purchase,W,unknown_device,False
2988364,acc_00793,2026-06-02 12:41:56,125.0,purchase,W,unknown_device,False
2988365,acc_00625,2026-06-02 12:43:10,107.95,purchase,W,unknown_device,False
2988366,acc_00663,2026-06-02 12:43:58,68.95,purchase,W,unknown_device,False
2988367,acc_00628,2026-06-02 12:44:37,150.0,purchase,W,unknown_device,False
2988368,acc_00728,2026-06-02 12:44:50,30.0,purchase,H,rv:11.0,False
2988369,acc_00794,2026-06-02 12:45:11,59.0,purchase,W,unknown_device,False
2988370,acc_00795,2026-06-02 12:45:27,30.0,purchase,H,MacOS,False
2988371,acc_00796,2026-06-02 12:46:35,135.5,purchase,W,unknown_device,False
2988372,acc_00797,2026-06-02 12:46:42,50.0,purchase,W,unknown_device,False
2988373,acc_00791,2026-06-02 12:46:44,92.0,purchase,W,unknown_device,False
2988374,acc_00213,2026-06-02 12:47:13,103.97,purchase,W,unknown_device,False
2988375,acc_00648,2026-06-02 12:47:36,67.95,purchase,W,unknown_device,False
2988376,acc_00798,2026-06-02 12:47:39,50.0,purchase,W,unknown_device,False
2988377,acc_00186,2026-06-02 12:48:25,139.95,purchase,W,unknown_device,False
2988378,acc_00547,2026-06-02 12:48:36,25.0,purchase,S,Windows,False
2988379,acc_00215,2026-06-02 12:49:57,200.0,purchase,W,unknown_device,False
2988380,acc_00799,2026-06-02 12:50:05,250.0,purchase,R,Windows,False
2988381,acc_00800,2026-06-02 12:50:15,300.0,purchase,W,unknown_device,False
2988382,acc_00665,2026-06-02 12:50:43,200.0,purchase,W,unknown_device,False
2988383,acc_00706,2026-06-02 12:51:01,50.0,purchase,W,unknown_device,False
2988384,acc_00444,2026-06-02 12:51:10,90.0,purchase,W,unknown_device,False
2988385,acc_00531,2026-06-02 12:51:16,600.0,purchase,W,unknown_device,False
2988386,acc_00801,2026-06-02 12:51:21,125.0,purchase,W,unknown_device,False
2988387,acc_00347,2026-06-02 12:51:32,60.0,purchase,W,unknown_device,False
2988388,acc_00802,2026-06-02 12:51:39,201.95,purchase,W,unknown_device,False
2988389,acc_00803,2026-06-02 12:52:00,150.0,purchase,R,Windows,False
2988390,acc_00804,2026-06-02 12:52:09,59.0,purchase,W,unknown_device,False
2988391,acc_00805,2026-06-02 12:52:13,59.0,purchase,W,unknown_device,False
2988392,acc_00618,2026-06-02 12:52:31,124.95,purchase,W,unknown_device,False
2988393,acc_00806,2026-06-02 12:52:44,25.0,purchase,S,Windows,False
2988394,acc_00807,2026-06-02 12:52:48,30.0,purchase,W,unknown_device,False
2988395,acc_00045,2026-06-02 12:52:56,201.0,purchase,W,unknown_device,False
2988396,acc_00808,2026-06-02 12:54:28,50.0,purchase,H,iOS Device,False
2988397,acc_00355,2026-06-02 12:54:28,47.95,purchase,W,unknown_device,False
2988398,acc_00809,2026-06-02 12:55:40,57.95,purchase,W,unknown_device,False
2988399,acc_00810,2026-06-02 12:56:10,40.0,purchase,W,unknown_device,False
2988400,acc_00811,2026-06-02 12:56:10,209.95,purchase,W,unknown_device,False
2988401,acc_00812,2026-06-02 12:56:12,311.95,purchase,W,unknown_device,False
2988402,acc_00675,2026-06-02 12:56:43,80.0,purchase,W,unknown_device,False
2988403,acc_00579,2026-06-02 12:56:54,61.5,purchase,W,unknown_device,False
2988404,acc_00813,2026-06-02 12:57:02,226.0,purchase,W,unknown_device,False
2988405,acc_00531,2026-06-02 12:58:05,400.0,purchase,W,unknown_device,False
2988406,acc_00814,2026-06-02 12:58:20,25.0,purchase,W,unknown_device,False
2988407,acc_00003,2026-06-02 12:58:34,60.0,purchase,W,unknown_device,False
2988408,acc_00765,2026-06-02 12:59:09,75.0,purchase,W,unknown_device,False
2988409,acc_00815,2026-06-02 12:59:20,25.0,purchase,S,unknown_device,False
2988410,acc_00640,2026-06-02 12:59:24,150.0,purchase,W,unknown_device,False
2988411,acc_00816,2026-06-02 12:59:45,50.0,purchase,W,unknown_device,False
2988412,acc_00817,2026-06-02 13:00:43,30.95,purchase,W,unknown_device,False
2988413,acc_00446,2026-06-02 13:00:52,20.0,purchase,W,unknown_device,False
2988414,acc_00818,2026-06-02 13:01:27,54.5,purchase,W,unknown_device,False
2988415,acc_00799,2026-06-02 13:01:47,130.0,purchase,W,unknown_device,False
2988416,acc_00819,2026-06-02 13:01:53,100.0,purchase,W,unknown_device,False
2988417,acc_00521,2026-06-02 13:01:58,250.0,purchase,W,unknown_device,False
2988418,acc_00820,2026-06-02 13:02:59,108.5,purchase,W,unknown_device,False
2988419,acc_00821,2026-06-02 13:03:05,72.95,purchase,W,unknown_device,False
2988420,acc_00822,2026-06-02 13:03:12,25.0,purchase,W,unknown_device,False
2988421,acc_00214,2026-06-02 13:03:16,213.0,purchase,W,unknown_device,False
2988422,acc_00046,2026-06-02 13:03:24,75.0,purchase,W,unknown_device,False
2988423,acc_00823,2026-06-02 13:03:44,50.0,purchase,W,unknown_device,False
2988424,acc_00616,2026-06-02 13:04:17,60.0,purchase,W,unknown_device,False
2988425,acc_00621,2026-06-02 13:04:18,50.0,purchase,W,unknown_device,False
2988426,acc_00824,2026-06-02 13:04:44,20.0,purchase,W,unknown_device,False
2988427,acc_00825,2026-06-02 13:05:26,50.0,purchase,W,unknown_device,False
2988428,acc_00826,2026-06-02 13:06:31,120.0,purchase,W,unknown_device,False
2988429,acc_00827,2026-06-02 13:06:55,50.0,purchase,W,unknown_device,False
2988430,acc_00732,2026-06-02 13:07:04,171.0,purchase,W,unknown_device,False
2988431,acc_00828,2026-06-02 13:07:16,150.0,purchase,R,Windows,False
2988432,acc_00124,2026-06-02 13:07:17,186.0,purchase,W,unknown_device,False
2988433,acc_00531,2026-06-02 13:08:03,300.0,purchase,W,unknown_device,False
2988434,acc_00627,2026-06-02 13:08:34,234.95,purchase,W,unknown_device,False
2988435,acc_00819,2026-06-02 13:08:39,117.0,purchase,W,unknown_device,False
2988436,acc_00829,2026-06-02 13:08:41,30.0,purchase,W,unknown_device,False
2988437,acc_00830,2026-06-02 13:08:50,500.0,purchase,W,unknown_device,False
2988438,acc_00831,2026-06-02 13:08:57,120.0,purchase,W,unknown_device,False
2988439,acc_00073,2026-06-02 13:08:59,173.0,purchase,W,unknown_device,False
2988440,acc_00592,2026-06-02 13:09:05,47.95,purchase,W,unknown_device,False
2988441,acc_00645,2026-06-02 13:09:06,445.0,purchase,W,unknown_device,False
2988442,acc_00832,2026-06-02 13:09:08,36.5,purchase,W,unknown_device,False
2988443,acc_00446,2026-06-02 13:09:09,29.0,purchase,W,unknown_device,False
2988444,acc_00337,2026-06-02 13:09:13,105.95,purchase,W,unknown_device,False
2988445,acc_00833,2026-06-02 13:09:51,40.0,purchase,W,unknown_device,False
2988446,acc_00834,2026-06-02 13:10:56,50.0,purchase,W,unknown_device,False
2988447,acc_00675,2026-06-02 13:10:57,311.61,purchase,W,unknown_device,False
2988448,acc_00835,2026-06-02 13:11:02,250.0,purchase,R,iOS Device,False
2988449,acc_00836,2026-06-02 13:11:33,100.0,purchase,H,Trident/7.0,False
2988450,acc_00837,2026-06-02 13:11:33,50.0,purchase,W,unknown_device,False
2988451,acc_00037,2026-06-02 13:11:45,30.0,purchase,H,Windows,False
2988452,acc_00761,2026-06-02 13:11:51,20.0,purchase,W,unknown_device,False
2988453,acc_00093,2026-06-02 13:12:01,107.95,purchase,W,unknown_device,False
2988454,acc_00046,2026-06-02 13:12:12,25.95,purchase,W,unknown_device,False
2988455,acc_00614,2026-06-02 13:12:19,100.0,purchase,W,unknown_device,False
2988456,acc_00838,2026-06-02 13:13:10,600.0,purchase,W,unknown_device,False
2988457,acc_00141,2026-06-02 13:13:33,60.0,purchase,W,unknown_device,False
2988458,acc_00117,2026-06-02 13:13:41,57.95,purchase,W,unknown_device,False
2988459,acc_00839,2026-06-02 13:13:46,83.5,purchase,W,unknown_device,False
2988460,acc_00592,2026-06-02 13:13:58,35.95,purchase,W,unknown_device,False
2988461,acc_00840,2026-06-02 13:14:04,40.0,purchase,W,unknown_device,False
2988462,acc_00841,2026-06-02 13:14:06,117.0,purchase,W,unknown_device,False
2988463,acc_00842,2026-06-02 13:14:11,60.0,purchase,W,unknown_device,False
2988464,acc_00843,2026-06-02 13:14:21,50.0,purchase,W,unknown_device,False
2988465,acc_00813,2026-06-02 13:14:37,42.95,purchase,W,unknown_device,False
2988466,acc_00640,2026-06-02 13:14:49,47.95,purchase,W,unknown_device,False
2988467,acc_00844,2026-06-02 13:14:52,2801.75,purchase,W,unknown_device,False
2988468,acc_00723,2026-06-02 13:15:07,200.0,purchase,W,unknown_device,False
2988469,acc_00845,2026-06-02 13:15:11,150.0,purchase,R,Windows,False
2988470,acc_00846,2026-06-02 13:15:18,171.0,purchase,W,unknown_device,False
2988471,acc_00615,2026-06-02 13:15:18,470.0,purchase,W,unknown_device,False
2988472,acc_00847,2026-06-02 13:15:45,59.0,purchase,W,unknown_device,False
2988473,acc_00677,2026-06-02 13:15:58,171.0,purchase,W,unknown_device,False
2988474,acc_00063,2026-06-02 13:16:02,311.95,purchase,W,unknown_device,False
2988475,acc_00848,2026-06-02 13:16:11,75.0,purchase,H,MacOS,False
2988476,acc_00849,2026-06-02 13:16:22,59.0,purchase,W,unknown_device,False
2988477,acc_00850,2026-06-02 13:16:36,92.0,purchase,W,unknown_device,False
2988478,acc_00603,2026-06-02 13:16:37,60.0,purchase,W,unknown_device,False
2988479,acc_00761,2026-06-02 13:16:40,50.0,purchase,W,unknown_device,False
2988480,acc_00201,2026-06-02 13:16:50,60.0,purchase,W,unknown_device,False
2988481,acc_00572,2026-06-02 13:16:54,3247.91,purchase,W,unknown_device,False
2988482,acc_00141,2026-06-02 13:17:13,112.99,purchase,W,unknown_device,False
2988483,acc_00636,2026-06-02 13:17:30,57.95,purchase,W,unknown_device,False
2988484,acc_00851,2026-06-02 13:17:36,300.0,purchase,H,rv:57.0,False
2988485,acc_00657,2026-06-02 13:17:45,200.0,purchase,W,unknown_device,False
2988486,acc_00621,2026-06-02 13:17:59,57.95,purchase,W,unknown_device,False
2988487,acc_00455,2026-06-02 13:18:48,29.0,purchase,W,unknown_device,False
2988488,acc_00684,2026-06-02 13:18:51,40.0,purchase,W,unknown_device,False
2988489,acc_00501,2026-06-02 13:18:56,500.0,purchase,W,unknown_device,False
2988490,acc_00852,2026-06-02 13:19:11,42.95,purchase,W,unknown_device,False
2988491,acc_00193,2026-06-02 13:19:12,335.0,purchase,W,unknown_device,False
2988492,acc_00853,2026-06-02 13:19:50,644.95,purchase,W,unknown_device,False
2988493,acc_00592,2026-06-02 13:20:38,100.0,purchase,W,unknown_device,False
2988494,acc_00854,2026-06-02 13:20:44,120.0,purchase,W,unknown_device,False
2988495,acc_00435,2026-06-02 13:21:18,200.0,purchase,S,Windows,False
2988496,acc_00750,2026-06-02 13:21:26,54.5,purchase,W,unknown_device,False
2988497,acc_00355,2026-06-02 13:21:44,47.95,purchase,W,unknown_device,False
2988498,acc_00622,2026-06-02 06:21:45,100.0,purchase,W,unknown_device,False
2988499,acc_00855,2026-06-02 13:22:10,100.0,purchase,W,unknown_device,False
2988500,acc_00856,2026-06-02 13:22:14,40.0,purchase,W,unknown_device,False
2988501,acc_00857,2026-06-02 13:22:44,145.0,purchase,W,unknown_device,False
2988502,acc_00007,2026-06-02 13:22:46,44.0,purchase,W,unknown_device,False
2988503,acc_00684,2026-06-02 13:22:54,49.0,purchase,W,unknown_device,False
2988504,acc_00858,2026-06-02 13:23:06,100.0,purchase,W,unknown_device,False
2988505,acc_00859,2026-06-02 13:23:18,427.47,purchase,W,unknown_device,False
2988506,acc_00663,2026-06-02 13:23:30,250.0,purchase,W,unknown_device,False
2988507,acc_00621,2026-06-02 13:24:08,59.0,purchase,W,unknown_device,False
2988508,acc_00611,2026-06-02 13:24:18,130.0,purchase,W,unknown_device,False
2988509,acc_00860,2026-06-02 13:25:18,352.86,purchase,W,unknown_device,False
2988510,acc_00081,2026-06-02 13:25:41,50.0,purchase,W,unknown_device,False
2988511,acc_00861,2026-06-02 13:25:47,50.0,purchase,W,unknown_device,False
2988512,acc_00862,2026-06-02 13:25:58,25.0,purchase,H,MacOS,False
2988513,acc_00863,2026-06-02 13:26:07,70.0,purchase,H,Windows,False
2988514,acc_00531,2026-06-02 13:26:40,57.95,purchase,W,unknown_device,False
2988515,acc_00521,2026-06-02 13:27:01,280.0,purchase,W,unknown_device,False
2988516,acc_00864,2026-06-02 13:27:15,100.0,purchase,W,unknown_device,False
2988517,acc_00865,2026-06-02 13:27:18,100.0,purchase,W,unknown_device,False
2988518,acc_00608,2026-06-02 13:27:49,100.0,purchase,W,unknown_device,False
2988519,acc_00622,2026-06-02 06:21:47,107.95,purchase,W,unknown_device,False
2988520,acc_00003,2026-06-02 13:28:36,100.0,purchase,W,unknown_device,False
2988521,acc_00866,2026-06-02 13:28:40,311.95,purchase,W,unknown_device,False
2988522,acc_00700,2026-06-02 13:28:40,117.0,purchase,W,unknown_device,False
2988523,acc_00682,2026-06-02 13:28:57,100.0,purchase,W,unknown_device,False
2988524,acc_00867,2026-06-02 13:29:08,150.0,purchase,W,unknown_device,False
2988525,acc_00868,2026-06-02 13:29:19,250.0,purchase,W,unknown_device,False
2988526,acc_00869,2026-06-02 13:29:51,107.95,purchase,W,unknown_device,False
2988527,acc_00657,2026-06-02 13:29:52,100.0,purchase,W,unknown_device,False
2988528,acc_00870,2026-06-02 13:30:28,151.0,purchase,W,unknown_device,False
2988529,acc_00871,2026-06-02 13:30:45,59.0,purchase,W,unknown_device,False
2988530,acc_00872,2026-06-02 13:31:03,43.97,purchase,W,unknown_device,False
2988531,acc_00873,2026-06-02 13:31:36,75.0,purchase,W,unknown_device,False
2988532,acc_00636,2026-06-02 13:31:58,53.97,purchase,W,unknown_device,False
2988533,acc_00861,2026-06-02 13:32:34,53.97,purchase,W,unknown_device,False
2988534,acc_00874,2026-06-02 13:32:59,114.95,purchase,W,unknown_device,False
2988535,acc_00875,2026-06-02 13:33:37,100.0,purchase,R,MacOS,False
2988536,acc_00876,2026-06-02 13:34:56,100.0,purchase,W,unknown_device,False
2988537,acc_00584,2026-06-02 13:35:03,55.95,purchase,W,unknown_device,False
2988538,acc_00684,2026-06-02 13:35:19,40.0,purchase,W,unknown_device,False
2988539,acc_00685,2026-06-02 13:35:20,135.95,purchase,W,unknown_device,False
2988540,acc_00385,2026-06-02 13:35:25,335.0,purchase,W,unknown_device,False
2988541,acc_00877,2026-06-02 13:35:26,170.0,purchase,W,unknown_device,False
2988542,acc_00878,2026-06-02 13:35:43,117.0,purchase,W,unknown_device,False
2988543,acc_00879,2026-06-02 13:36:06,495.15,purchase,W,unknown_device,False
2988544,acc_00390,2026-06-02 13:36:29,40.0,purchase,W,unknown_device,False
2988545,acc_00356,2026-06-02 13:36:37,20.0,purchase,W,unknown_device,False
2988546,acc_00880,2026-06-02 13:36:57,100.0,purchase,W,unknown_device,False
2988547,acc_00612,2026-06-02 13:37:03,92.0,purchase,W,unknown_device,False
2988548,acc_00881,2026-06-02 13:37:27,57.95,purchase,W,unknown_device,False
2988549,acc_00317,2026-06-02 13:37:50,25.256,purchase,C,SM-G920I Build/NRD90M,False
2988550,acc_00381,2026-06-02 13:38:19,209.95,purchase,W,unknown_device,False
2988551,acc_00616,2026-06-02 13:38:31,39.0,purchase,W,unknown_device,False
2988552,acc_00243,2026-06-02 13:38:56,30.0,purchase,W,unknown_device,False
2988553,acc_00772,2026-06-02 13:39:06,100.0,purchase,W,unknown_device,False
2988554,acc_00882,2026-06-02 13:39:13,100.0,purchase,W,unknown_device,False
2988555,acc_00471,2026-06-02 13:39:28,300.0,purchase,W,unknown_device,False
2988556,acc_00615,2026-06-02 13:39:30,53.95,purchase,W,unknown_device,False
2988557,acc_00883,2026-06-02 13:39:45,20.0,purchase,W,unknown_device,False
2988558,acc_00616,2026-06-02 13:40:03,59.0,purchase,W,unknown_device,False
2988559,acc_00097,2026-06-02 13:40:04,39.0,purchase,W,unknown_device,False
2988560,acc_00007,2026-06-02 13:40:07,87.95,purchase,W,unknown_device,False
2988561,acc_00884,2026-06-02 13:40:09,210.0,purchase,W,unknown_device,False
2988562,acc_00885,2026-06-02 13:40:16,105.0,purchase,W,unknown_device,False
2988563,acc_00636,2026-06-02 13:40:22,100.0,purchase,W,unknown_device,False
2988564,acc_00685,2026-06-02 13:40:39,67.95,purchase,W,unknown_device,False
2988565,acc_00245,2026-06-02 13:41:26,100.0,purchase,H,Windows,False
2988566,acc_00744,2026-06-02 13:41:46,703.95,purchase,W,unknown_device,False
2988567,acc_00886,2026-06-02 13:41:58,25.0,purchase,S,Windows,False
2988568,acc_00828,2026-06-02 13:42:05,75.0,purchase,R,Windows,False
2988569,acc_00611,2026-06-02 13:42:08,100.0,purchase,W,unknown_device,False
2988570,acc_00356,2026-06-02 13:42:27,26.0,purchase,W,unknown_device,False
2988571,acc_00684,2026-06-02 13:43:03,45.0,purchase,W,unknown_device,False
2988572,acc_00887,2026-06-02 13:43:33,57.95,purchase,W,unknown_device,False
2988573,acc_00810,2026-06-02 13:43:35,60.0,purchase,W,unknown_device,False
2988574,acc_00888,2026-06-02 13:43:55,117.0,purchase,W,unknown_device,False
2988575,acc_00889,2026-06-02 13:44:00,21.95,purchase,W,unknown_device,False
2988576,acc_00663,2026-06-02 13:44:35,49.0,purchase,W,unknown_device,False
2988577,acc_00636,2026-06-02 13:44:36,35.0,purchase,W,unknown_device,False
2988578,acc_00616,2026-06-02 13:44:46,35.95,purchase,W,unknown_device,False
2988579,acc_00215,2026-06-02 13:45:10,42.95,purchase,W,unknown_device,False
2988580,acc_00750,2026-06-02 13:45:40,30.0,purchase,W,unknown_device,False
2988581,acc_00884,2026-06-02 13:45:52,207.0,purchase,W,unknown_device,False
2988582,acc_00890,2026-06-02 13:45:53,49.0,purchase,W,unknown_device,False
2988583,acc_00891,2026-06-02 13:46:25,20.0,purchase,W,unknown_device,False
2988584,acc_00025,2026-06-02 13:46:26,40.0,purchase,W,unknown_device,False
2988585,acc_00594,2026-06-02 13:46:58,25.95,purchase,W,unknown_device,False
2988586,acc_00892,2026-06-02 13:47:01,209.95,purchase,W,unknown_device,False
2988587,acc_00663,2026-06-02 13:47:03,49.0,purchase,W,unknown_device,False
2988588,acc_00887,2026-06-02 13:47:04,57.95,purchase,W,unknown_device,False
2988589,acc_00893,2026-06-02 13:47:33,50.0,purchase,W,unknown_device,False
2988590,acc_00894,2026-06-02 13:47:39,57.95,purchase,W,unknown_device,False
2988591,acc_00895,2026-06-02 13:48:39,40.0,purchase,W,unknown_device,False
2988592,acc_00684,2026-06-02 13:48:43,350.0,purchase,W,unknown_device,False
2988593,acc_00896,2026-06-02 13:49:20,200.0,purchase,W,unknown_device,False
2988594,acc_00060,2026-06-02 13:49:32,209.95,purchase,W,unknown_device,False
2988595,acc_00046,2026-06-02 13:49:36,100.0,purchase,W,unknown_device,False
2988596,acc_00897,2026-06-02 13:49:59,209.95,purchase,W,unknown_device,False
2988597,acc_00898,2026-06-02 13:50:10,75.0,purchase,W,unknown_device,False
2988598,acc_00612,2026-06-02 13:50:18,335.0,purchase,W,unknown_device,False
2988599,acc_00899,2026-06-02 13:50:19,110.0,purchase,W,unknown_device,False
2988600,acc_00614,2026-06-02 13:50:44,250.0,purchase,W,unknown_device,False
2988601,acc_00900,2026-06-02 13:51:17,361.95,purchase,W,unknown_device,False
2988602,acc_00901,2026-06-02 13:51:23,35.0,purchase,W,unknown_device,False
2988603,acc_00278,2026-06-02 13:51:27,100.0,purchase,W,unknown_device,False
2988604,acc_00093,2026-06-02 13:51:42,59.0,purchase,W,unknown_device,False
2988605,acc_00902,2026-06-02 13:51:54,60.0,purchase,W,unknown_device,False
2988606,acc_00611,2026-06-02 13:51:55,107.95,purchase,W,unknown_device,False
2988607,acc_00903,2026-06-02 13:52:08,80.0,purchase,W,unknown_device,False
2988608,acc_00779,2026-06-02 13:52:19,80.0,purchase,W,unknown_device,False
2988609,acc_00904,2026-06-02 13:52:56,47.95,purchase,W,unknown_device,False
2988610,acc_00905,2026-06-02 13:53:31,150.0,purchase,H,MacOS,False
2988611,acc_00906,2026-06-02 13:53:34,100.0,purchase,W,unknown_device,False
2988612,acc_00907,2026-06-02 13:54:08,80.0,purchase,W,unknown_device,True
2988613,acc_00037,2026-06-02 13:54:38,107.95,purchase,W,unknown_device,False
2988614,acc_00668,2026-06-02 13:55:39,29.0,purchase,W,unknown_device,False
2988615,acc_00908,2026-06-02 06:22:44,226.0,purchase,W,unknown_device,False
2988616,acc_00909,2026-06-02 13:55:48,78.5,purchase,W,unknown_device,False
2988617,acc_00501,2026-06-02 13:55:57,250.0,purchase,W,unknown_device,False
2988618,acc_00700,2026-06-02 13:56:07,108.5,purchase,W,unknown_device,False
2988619,acc_00385,2026-06-02 13:56:18,97.0,purchase,W,unknown_device,False
2988620,acc_00910,2026-06-02 13:56:57,160.0,purchase,W,unknown_device,False
2988621,acc_00911,2026-06-02 13:57:08,100.0,purchase,R,iOS Device,False
2988622,acc_00912,2026-06-02 13:57:11,50.0,purchase,H,Trident/7.0,False
2988623,acc_00048,2026-06-02 13:57:16,38.427,purchase,C,Windows,False
2988624,acc_00913,2026-06-02 13:57:33,97.0,purchase,W,unknown_device,False
2988625,acc_00551,2026-06-02 13:57:42,30.0,purchase,W,unknown_device,False
2988626,acc_00052,2026-06-02 13:57:58,100.0,purchase,W,unknown_device,False
2988627,acc_00870,2026-06-02 13:58:07,151.0,purchase,W,unknown_device,False
2988628,acc_00097,2026-06-02 13:58:12,309.95,purchase,W,unknown_device,False
2988629,acc_00007,2026-06-02 13:58:33,77.0,purchase,W,unknown_device,False
2988630,acc_00914,2026-06-02 13:58:34,335.0,purchase,W,unknown_device,False
2988631,acc_00663,2026-06-02 13:58:41,300.0,purchase,W,unknown_device,False
2988632,acc_00915,2026-06-02 13:59:34,170.0,purchase,W,unknown_device,False
2988633,acc_00884,2026-06-02 13:59:36,190.0,purchase,W,unknown_device,False
2988634,acc_00612,2026-06-02 14:00:06,92.0,purchase,W,unknown_device,False
2988635,acc_00802,2026-06-02 14:00:09,100.0,purchase,W,unknown_device,False
2988636,acc_00632,2026-06-02 14:00:16,125.95,purchase,W,unknown_device,False
2988637,acc_00215,2026-06-02 14:00:19,72.95,purchase,W,unknown_device,False
2988638,acc_00831,2026-06-02 14:00:30,159.95,purchase,W,unknown_device,False
2988639,acc_00864,2026-06-02 14:00:59,50.0,purchase,W,unknown_device,False
2988640,acc_00625,2026-06-02 14:01:15,120.0,purchase,W,unknown_device,False
2988641,acc_00640,2026-06-02 14:01:58,107.95,purchase,W,unknown_device,False
2988642,acc_00615,2026-06-02 14:02:10,59.0,purchase,W,unknown_device,False
2988643,acc_00268,2026-06-02 14:02:30,110.0,purchase,W,unknown_device,True
2988644,acc_00501,2026-06-02 14:02:34,280.0,purchase,W,unknown_device,False
2988645,acc_00916,2026-06-02 14:02:45,36.95,purchase,W,unknown_device,False
2988646,acc_00870,2026-06-02 14:02:46,151.0,purchase,W,unknown_device,False
2988647,acc_00917,2026-06-02 14:02:59,59.0,purchase,W,unknown_device,False
2988648,acc_00603,2026-06-02 14:03:02,107.95,purchase,W,unknown_device,False
2988649,acc_00201,2026-06-02 14:03:26,20.0,purchase,W,unknown_device,False
2988650,acc_00884,2026-06-02 14:03:42,212.0,purchase,W,unknown_device,False
2988651,acc_00444,2026-06-02 14:03:52,40.0,purchase,W,unknown_device,False
2988652,acc_00640,2026-06-02 14:04:03,47.95,purchase,W,unknown_device,False
2988653,acc_00621,2026-06-02 14:04:41,107.95,purchase,W,unknown_device,False
2988654,acc_00663,2026-06-02 14:04:46,335.0,purchase,W,unknown_device,False
2988655,acc_00168,2026-06-02 14:05:00,47.128,purchase,C,Windows,False
2988656,acc_00652,2026-06-02 14:05:27,100.0,purchase,W,unknown_device,False
2988657,acc_00672,2026-06-02 14:05:40,171.0,purchase,W,unknown_device,False
2988658,acc_00616,2026-06-02 14:06:18,209.95,purchase,W,unknown_device,False
2988659,acc_00918,2026-06-02 06:22:50,108.95,purchase,W,unknown_device,False
2988660,acc_00919,2026-06-02 14:07:23,40.0,purchase,W,unknown_device,False
2988661,acc_00616,2026-06-02 14:07:36,50.0,purchase,W,unknown_device,False
2988662,acc_00920,2026-06-02 14:07:50,160.5,purchase,W,unknown_device,False
2988663,acc_00921,2026-06-02 14:08:01,15.0,purchase,S,Windows,False
2988664,acc_00243,2026-06-02 14:08:07,105.0,purchase,W,unknown_device,False
2988665,acc_00603,2026-06-02 14:08:07,105.95,purchase,W,unknown_device,False
2988666,acc_00600,2026-06-02 03:37:09,100.0,purchase,W,unknown_device,False
2988667,acc_00922,2026-06-02 14:08:55,50.0,purchase,R,Windows,False
2988668,acc_00215,2026-06-02 14:09:13,60.0,purchase,W,unknown_device,False
2988669,acc_00923,2026-06-02 14:09:46,50.0,purchase,W,unknown_device,False
2988670,acc_00632,2026-06-02 14:10:13,77.0,purchase,W,unknown_device,False
2988671,acc_00924,2026-06-02 14:10:22,171.0,purchase,W,unknown_device,False
2988672,acc_00922,2026-06-02 14:10:22,50.0,purchase,R,Windows,False
2988673,acc_00636,2026-06-02 14:10:25,53.97,purchase,W,unknown_device,False
2988674,acc_00925,2026-06-02 14:10:29,75.0,purchase,W,unknown_device,False
2988675,acc_00337,2026-06-02 14:11:20,40.0,purchase,W,unknown_device,False
2988676,acc_00919,2026-06-02 14:11:24,49.0,purchase,W,unknown_device,False
2988677,acc_00755,2026-06-02 14:11:34,90.0,purchase,W,unknown_device,False
2988678,acc_00922,2026-06-02 14:12:22,50.0,purchase,R,Windows,False
2988679,acc_00215,2026-06-02 14:12:28,77.0,purchase,W,unknown_device,False
2988680,acc_00714,2026-06-02 14:12:30,80.0,purchase,W,unknown_device,True
2988681,acc_00728,2026-06-02 14:12:41,50.0,purchase,W,unknown_device,False
2988682,acc_00926,2026-06-02 14:12:47,87.0,purchase,W,unknown_device,False
2988683,acc_00616,2026-06-02 14:13:18,35.95,purchase,W,unknown_device,False
2988684,acc_00616,2026-06-02 14:13:22,5.0,purchase,W,unknown_device,False
2988685,acc_00627,2026-06-02 14:14:05,87.95,purchase,W,unknown_device,False
2988686,acc_00927,2026-06-02 14:14:09,9.546,purchase,C,unknown_device,False
2988687,acc_00428,2026-06-02 14:14:19,200.0,purchase,W,unknown_device,False
2988688,acc_00928,2026-06-02 14:14:26,50.0,purchase,S,Trident/7.0,False
2988689,acc_00852,2026-06-02 14:15:06,47.95,purchase,W,unknown_device,False
2988690,acc_00875,2026-06-02 14:15:14,50.0,purchase,H,iOS Device,False
2988691,acc_00782,2026-06-02 14:15:19,40.0,purchase,W,unknown_device,False
2988692,acc_00929,2026-06-02 14:15:29,161.0,purchase,W,unknown_device,False
2988693,acc_00930,2026-06-02 14:15:54,70.0,purchase,W,unknown_device,False
2988694,acc_00931,2026-06-02 14:15:54,240.0,purchase,W,unknown_device,True
2988695,acc_00932,2026-06-02 14:16:10,100.0,purchase,W,unknown_device,False
2988696,acc_00933,2026-06-02 14:17:02,50.0,purchase,H,iOS Device,False
2988697,acc_00934,2026-06-02 14:17:19,50.0,purchase,W,synthetic_device_ring_002,False
2988698,acc_00922,2026-06-02 14:17:24,50.0,purchase,R,rv:11.0,False
2988699,acc_00761,2026-06-02 14:17:35,245.97,purchase,W,unknown_device,False
2988700,acc_00935,2026-06-02 14:17:39,57.95,purchase,W,unknown_device,False
2988701,acc_00132,2026-06-02 14:17:46,25.0,purchase,S,Windows,False
2988702,acc_00936,2026-06-02 14:17:59,450.0,purchase,H,iOS Device,True
2988703,acc_00007,2026-06-02 14:18:01,171.0,purchase,W,unknown_device,False
2988704,acc_00907,2026-06-02 14:18:36,15.0,purchase,W,unknown_device,True
2988705,acc_00937,2026-06-02 14:18:51,200.0,purchase,R,Windows,False
2988706,acc_00936,2026-06-02 14:18:54,450.0,purchase,H,iOS Device,True
2988707,acc_00938,2026-06-02 14:18:57,107.95,purchase,W,unknown_device,False
2988708,acc_00654,2026-06-02 14:19:00,554.0,purchase,W,unknown_device,False
2988709,acc_00939,2026-06-02 14:19:57,107.95,purchase,W,unknown_device,False
2988710,acc_00940,2026-06-02 14:19:57,100.0,purchase,R,rv:11.0,False
2988711,acc_00941,2026-06-02 14:20:05,77.0,purchase,W,unknown_device,False
2988712,acc_00942,2026-06-02 14:20:12,206.95,purchase,W,unknown_device,False
2988713,acc_00943,2026-06-02 14:20:47,35.0,purchase,H,iOS Device,False
2988714,acc_00944,2026-06-02 14:20:56,100.0,purchase,H,Trident/7.0,False
2988715,acc_00945,2026-06-02 14:21:03,15.5,purchase,W,unknown_device,False
2988716,acc_00742,2026-06-02 14:21:09,25.0,purchase,W,unknown_device,False
2988717,acc_00136,2026-06-02 04:00:09,75.0,purchase,H,iOS Device,False
2988718,acc_00728,2026-06-02 14:21:18,53.97,purchase,W,unknown_device,False
2988719,acc_00946,2026-06-02 14:21:19,40.0,purchase,H,iOS Device,False
2988720,acc_00755,2026-06-02 14:21:26,97.95,purchase,W,unknown_device,False
2988721,acc_00201,2026-06-02 14:21:36,30.0,purchase,W,unknown_device,False
2988722,acc_00303,2026-06-02 14:21:55,100.0,purchase,S,unknown_device,False
2988723,acc_00104,2026-06-02 14:21:56,70.0,purchase,W,unknown_device,False
2988724,acc_00947,2026-06-02 14:22:11,75.0,purchase,W,unknown_device,False
2988725,acc_00948,2026-06-02 14:22:54,70.0,purchase,W,unknown_device,False
2988726,acc_00949,2026-06-02 14:23:42,29.0,purchase,W,synthetic_device_ring_001,False
2988727,acc_00950,2026-06-02 14:23:47,50.0,purchase,W,unknown_device,False
2988728,acc_00070,2026-06-02 14:23:48,129.95,purchase,W,unknown_device,False
2988729,acc_00827,2026-06-02 14:23:54,47.95,purchase,W,unknown_device,False
2988730,acc_00951,2026-06-02 14:24:04,53.97,purchase,W,unknown_device,False
2988731,acc_00355,2026-06-02 14:24:29,100.0,purchase,W,unknown_device,False
2988732,acc_00280,2026-06-02 14:24:53,136.99,purchase,W,unknown_device,True
2988733,acc_00949,2026-06-02 14:24:59,135.5,purchase,W,synthetic_device_ring_001,False
2988734,acc_00073,2026-06-02 14:25:31,311.95,purchase,W,unknown_device,False
2988735,acc_00952,2026-06-02 14:25:49,59.0,purchase,W,unknown_device,False
2988736,acc_00744,2026-06-02 14:26:06,100.0,purchase,W,unknown_device,False
2988737,acc_00048,2026-06-02 14:26:16,15.77,purchase,C,Trident/7.0,False
2988738,acc_00093,2026-06-02 14:26:23,92.99,purchase,W,unknown_device,False
2988739,acc_00953,2026-06-02 14:26:27,50.0,purchase,W,unknown_device,False
2988740,acc_00954,2026-06-02 14:26:30,50.0,purchase,R,Windows,False
2988741,acc_00007,2026-06-02 14:26:32,100.0,purchase,W,unknown_device,False
2988742,acc_00825,2026-06-02 14:26:33,40.0,purchase,W,unknown_device,False
2988743,acc_00614,2026-06-02 14:26:59,92.0,purchase,W,unknown_device,False
2988744,acc_00955,2026-06-02 14:27:08,107.95,purchase,W,unknown_device,False
2988745,acc_00956,2026-06-02 14:27:18,25.0,purchase,S,Windows,False
2988746,acc_00922,2026-06-02 14:27:23,50.0,purchase,R,Windows,False
2988747,acc_00957,2026-06-02 14:27:26,100.0,purchase,W,unknown_device,False
2988748,acc_00868,2026-06-02 14:27:37,196.0,purchase,W,unknown_device,False
2988749,acc_00958,2026-06-02 14:27:47,4.471,purchase,C,Windows,False
2988750,acc_00122,2026-06-02 14:27:53,48.97,purchase,W,unknown_device,False
2988751,acc_00611,2026-06-02 14:27:56,55.95,purchase,W,unknown_device,False
2988752,acc_00954,2026-06-02 14:28:06,50.0,purchase,R,Windows,False
2988753,acc_00627,2026-06-02 14:28:08,730.71,purchase,W,unknown_device,False
2988754,acc_00959,2026-06-02 14:28:22,75.0,purchase,H,SAMSUNG SM-G950U Build/NRD90M,False
2988755,acc_00922,2026-06-02 14:28:41,50.0,purchase,R,Windows,False
2988756,acc_00645,2026-06-02 14:28:47,97.95,purchase,W,unknown_device,False
2988757,acc_00132,2026-06-02 14:28:48,34.0,purchase,W,unknown_device,False
2988758,acc_00960,2026-06-02 14:29:07,57.95,purchase,W,unknown_device,False
2988759,acc_00663,2026-06-02 14:29:09,44.5,purchase,W,unknown_device,False
2988760,acc_00959,2026-06-02 14:29:19,75.0,purchase,H,SAMSUNG SM-G950U Build/NRD90M,False
2988761,acc_00606,2026-06-02 14:29:44,450.0,purchase,W,unknown_device,False
2988762,acc_00093,2026-06-02 14:29:57,59.0,purchase,W,unknown_device,False
2988763,acc_00048,2026-06-02 14:30:28,170.384,purchase,C,unknown_device,False
2988764,acc_00961,2026-06-02 14:30:50,40.0,purchase,W,unknown_device,False
2988765,acc_00903,2026-06-02 14:31:10,80.0,purchase,W,unknown_device,False
2988766,acc_00962,2026-06-02 14:31:12,214.95,purchase,W,unknown_device,False
2988767,acc_00675,2026-06-02 14:31:20,59.0,purchase,W,unknown_device,False
2988768,acc_00963,2026-06-02 14:31:21,75.0,purchase,S,Windows,False
2988769,acc_00964,2026-06-02 14:31:29,75.0,purchase,S,Windows,False
2988770,acc_00965,2026-06-02 14:31:34,100.0,purchase,W,unknown_device,False
2988771,acc_00966,2026-06-02 14:32:00,115.0,purchase,W,unknown_device,False
2988772,acc_00215,2026-06-02 14:32:10,60.0,purchase,W,unknown_device,False
2988773,acc_00753,2026-06-02 14:32:22,205.95,purchase,W,unknown_device,False
2988774,acc_00608,2026-06-02 14:32:23,200.0,purchase,W,unknown_device,False
2988775,acc_00967,2026-06-02 14:32:33,87.0,purchase,W,unknown_device,False
2988776,acc_00728,2026-06-02 14:32:39,50.0,purchase,W,unknown_device,False
2988777,acc_00798,2026-06-02 14:33:34,50.0,purchase,W,unknown_device,False
2988778,acc_00922,2026-06-02 14:34:04,50.0,purchase,R,Windows,False
2988779,acc_00215,2026-06-02 14:34:33,77.0,purchase,W,unknown_device,False
2988780,acc_00278,2026-06-02 14:34:45,40.0,purchase,W,unknown_device,False
2988781,acc_00968,2026-06-02 14:34:59,50.0,purchase,W,unknown_device,False
2988782,acc_00645,2026-06-02 14:35:05,445.0,purchase,W,unknown_device,False
2988783,acc_00969,2026-06-02 14:35:14,50.0,purchase,H,Windows,False
2988784,acc_00636,2026-06-02 14:35:49,50.0,purchase,W,unknown_device,False
2988785,acc_00970,2026-06-02 14:35:57,107.95,purchase,W,unknown_device,False
2988786,acc_00838,2026-06-02 14:36:06,600.0,purchase,W,unknown_device,False
2988787,acc_00007,2026-06-02 14:36:12,117.0,purchase,W,unknown_device,False
2988788,acc_00684,2026-06-02 14:36:31,117.0,purchase,W,unknown_device,False
2988789,acc_00130,2026-06-02 14:36:50,107.95,purchase,W,unknown_device,False
2988790,acc_00831,2026-06-02 14:37:23,87.0,purchase,W,unknown_device,False
2988791,acc_00127,2026-06-02 14:37:42,59.0,purchase,W,unknown_device,False
2988792,acc_00657,2026-06-02 14:38:08,250.0,purchase,W,unknown_device,False
2988793,acc_00606,2026-06-02 14:38:54,488.0,purchase,W,unknown_device,False
2988794,acc_00971,2026-06-02 14:38:56,2182.0,purchase,W,unknown_device,False
2988795,acc_00651,2026-06-02 14:39:06,59.0,purchase,W,unknown_device,False
2988796,acc_00972,2026-06-02 14:39:10,34.0,purchase,W,unknown_device,False
2988797,acc_00959,2026-06-02 14:39:31,1242.47,purchase,W,unknown_device,False
2988798,acc_00973,2026-06-02 14:39:52,200.0,purchase,W,unknown_device,False
2988799,acc_00216,2026-06-02 14:40:16,60.0,purchase,W,unknown_device,False
2988800,acc_00170,2026-06-02 14:40:41,50.0,purchase,H,MacOS,False
2988801,acc_00614,2026-06-02 14:41:01,100.0,purchase,W,unknown_device,False
2988802,acc_00974,2026-06-02 14:41:09,67.95,purchase,W,unknown_device,False
2988803,acc_00633,2026-06-02 14:41:22,67.95,purchase,W,unknown_device,False
2988804,acc_00701,2026-06-02 14:41:25,150.0,purchase,H,Trident/7.0,False
2988805,acc_00975,2026-06-02 14:41:52,12.5,purchase,W,unknown_device,False
2988806,acc_00976,2026-06-02 14:42:09,102.0,purchase,W,unknown_device,False
2988807,acc_00690,2026-06-02 14:42:15,50.0,purchase,W,unknown_device,False
2988808,acc_00247,2026-06-02 14:42:50,20.0,purchase,W,unknown_device,False
2988809,acc_00935,2026-06-02 14:43:15,75.0,purchase,W,unknown_device,False
2988810,acc_00684,2026-06-02 14:43:15,40.0,purchase,W,unknown_device,False
2988811,acc_00977,2026-06-02 14:43:30,100.0,purchase,W,unknown_device,False
2988812,acc_00978,2026-06-02 14:43:32,150.0,purchase,R,Windows,False
2988813,acc_00979,2026-06-02 14:43:38,50.0,purchase,H,Windows,False
2988814,acc_00980,2026-06-02 14:43:50,300.0,purchase,W,unknown_device,False
2988815,acc_00981,2026-06-02 14:44:01,40.5,purchase,W,unknown_device,False
2988816,acc_00975,2026-06-02 14:44:02,12.5,purchase,W,unknown_device,False
2988817,acc_00982,2026-06-02 14:44:04,30.0,purchase,W,unknown_device,False
2988818,acc_00983,2026-06-02 14:44:05,117.0,purchase,W,unknown_device,False
2988819,acc_00984,2026-06-02 14:44:20,150.0,purchase,W,unknown_device,False
2988820,acc_00753,2026-06-02 14:44:20,49.0,purchase,W,unknown_device,False
2988821,acc_00985,2026-06-02 14:44:23,107.95,purchase,W,unknown_device,False
2988822,acc_00216,2026-06-02 14:44:42,67.95,purchase,W,unknown_device,False
2988823,acc_00986,2026-06-02 14:44:45,100.0,purchase,R,Windows,False
2988824,acc_00987,2026-06-02 14:45:20,100.0,purchase,R,Windows,False
2988825,acc_00988,2026-06-02 14:45:36,67.95,purchase,W,unknown_device,False
2988826,acc_00989,2026-06-02 14:45:50,117.0,purchase,W,unknown_device,False
2988827,acc_00864,2026-06-02 14:45:53,99.95,purchase,W,unknown_device,False
2988828,acc_00625,2026-06-02 14:46:00,130.5,purchase,W,unknown_device,False
2988829,acc_00007,2026-06-02 14:46:06,311.95,purchase,W,unknown_device,False
2988830,acc_00632,2026-06-02 14:46:28,26.5,purchase,W,unknown_device,False
2988831,acc_00247,2026-06-02 14:47:07,25.95,purchase,W,unknown_device,False
2988832,acc_00990,2026-06-02 14:47:26,100.0,purchase,R,Windows,False
2988833,acc_00093,2026-06-02 14:47:35,108.95,purchase,W,unknown_device,False
2988834,acc_00991,2026-06-02 14:47:37,227.82,purchase,W,unknown_device,False
2988835,acc_00992,2026-06-02 14:47:51,150.0,purchase,W,unknown_device,False
2988836,acc_00731,2026-06-02 14:47:55,112.99,purchase,W,unknown_device,False
2988837,acc_00663,2026-06-02 14:48:00,87.0,purchase,W,unknown_device,False
2988838,acc_00648,2026-06-02 14:48:12,57.95,purchase,W,unknown_device,False
2988839,acc_00838,2026-06-02 14:48:16,664.0,purchase,W,unknown_device,False
2988840,acc_00021,2026-06-02 14:48:16,35.95,purchase,W,unknown_device,False
2988841,acc_00615,2026-06-02 14:48:39,39.0,purchase,W,unknown_device,False
2988842,acc_00993,2026-06-02 14:48:48,92.0,purchase,W,unknown_device,False
2988843,acc_00478,2026-06-02 14:48:48,108.37,purchase,W,unknown_device,False
2988844,acc_00922,2026-06-02 14:48:51,50.0,purchase,R,rv:11.0,False
2988845,acc_00817,2026-06-02 14:48:51,50.0,purchase,W,unknown_device,False
2988846,acc_00209,2026-06-02 14:48:53,37.0,purchase,W,unknown_device,False
2988847,acc_00614,2026-06-02 14:49:53,100.0,purchase,W,unknown_device,False
2988848,acc_00337,2026-06-02 14:50:37,150.0,purchase,W,unknown_device,False
2988849,acc_00810,2026-06-02 14:50:37,50.0,purchase,W,unknown_device,False
2988850,acc_00158,2026-06-02 14:50:39,70.0,purchase,W,unknown_device,False
2988851,acc_00994,2026-06-02 14:50:44,117.0,purchase,W,unknown_device,False
2988852,acc_00995,2026-06-02 14:50:46,50.0,purchase,W,unknown_device,False
2988853,acc_00996,2026-06-02 14:51:08,49.0,purchase,W,unknown_device,False
2988854,acc_00997,2026-06-02 14:51:12,878.37,purchase,W,unknown_device,False
2988855,acc_00398,2026-06-02 14:51:43,200.0,purchase,R,Windows,False
2988856,acc_00998,2026-06-02 14:51:56,245.0,purchase,W,unknown_device,False
2988857,acc_00684,2026-06-02 14:52:10,226.0,purchase,W,unknown_device,False
2988858,acc_00999,2026-06-02 14:52:10,107.95,purchase,W,unknown_device,False
2988859,acc_00684,2026-06-02 14:52:22,40.0,purchase,W,unknown_device,False
2988860,acc_00615,2026-06-02 14:52:24,39.0,purchase,W,unknown_device,False
2988861,acc_00810,2026-06-02 14:52:43,60.0,purchase,W,unknown_device,False
2988862,acc_00122,2026-06-02 14:52:45,65.0,purchase,W,unknown_device,False
2988863,acc_01000,2026-06-02 14:53:06,100.0,purchase,H,MacOS,False
2988864,acc_00355,2026-06-02 14:53:10,47.95,purchase,W,unknown_device,False
2988865,acc_01001,2026-06-02 14:53:22,40.0,purchase,W,unknown_device,False
2988866,acc_00779,2026-06-02 14:53:24,10.0,purchase,W,unknown_device,False
2988867,acc_00241,2026-06-02 14:54:01,20.95,purchase,W,unknown_device,False
2988868,acc_00896,2026-06-02 14:54:07,125.0,purchase,W,unknown_device,False
2988869,acc_00959,2026-06-02 14:54:26,75.0,purchase,H,SAMSUNG SM-G950U Build/NRD90M,False
2988870,acc_00645,2026-06-02 14:54:32,49.0,purchase,W,unknown_device,False
2988871,acc_00472,2026-06-02 14:54:40,226.0,purchase,W,unknown_device,False
2988872,acc_00616,2026-06-02 14:54:47,50.0,purchase,W,unknown_device,False
2988873,acc_01002,2026-06-02 14:55:25,100.0,purchase,W,unknown_device,False
2988874,acc_01003,2026-06-02 14:55:38,75.0,purchase,W,unknown_device,False
2988875,acc_01004,2026-06-02 14:55:55,75.0,purchase,H,SAMSUNG SM-G950U Build/NRD90M,False
2988876,acc_00616,2026-06-02 14:55:55,500.0,purchase,W,unknown_device,False
2988877,acc_00063,2026-06-02 14:56:05,213.0,purchase,W,unknown_device,False
2988878,acc_01005,2026-06-02 14:56:57,360.0,purchase,W,unknown_device,False
2988879,acc_00810,2026-06-02 14:57:01,77.0,purchase,W,unknown_device,False
2988880,acc_01006,2026-06-02 14:57:23,200.0,purchase,R,iOS Device,False
2988881,acc_00158,2026-06-02 14:57:28,100.0,purchase,W,unknown_device,False
2988882,acc_01007,2026-06-02 14:57:43,200.0,purchase,W,unknown_device,False
2988883,acc_01008,2026-06-02 14:58:22,25.0,purchase,W,unknown_device,False
2988884,acc_01009,2026-06-02 14:58:26,30.95,purchase,W,unknown_device,False
2988885,acc_00370,2026-06-02 14:58:33,120.0,purchase,W,unknown_device,False
2988886,acc_00048,2026-06-02 14:58:36,30.089,purchase,C,unknown_device,False
2988887,acc_00063,2026-06-02 14:58:39,117.0,purchase,W,unknown_device,False
2988888,acc_01010,2026-06-02 14:58:46,190.0,purchase,W,unknown_device,False
2988889,acc_00057,2026-06-02 14:58:47,150.0,purchase,H,MacOS,False
2988890,acc_00132,2026-06-02 14:58:54,426.84,purchase,W,unknown_device,False
2988891,acc_00868,2026-06-02 14:59:42,150.0,purchase,W,unknown_device,False
2988892,acc_00625,2026-06-02 15:00:06,20.0,purchase,W,unknown_device,False
2988893,acc_01011,2026-06-02 15:00:15,50.0,purchase,H,Windows,False
2988894,acc_01006,2026-06-02 15:00:27,200.0,purchase,R,iOS Device,False
2988895,acc_00701,2026-06-02 15:00:28,50.0,purchase,W,unknown_device,False
2988896,acc_00063,2026-06-02 15:00:29,36.95,purchase,W,unknown_device,False
2988897,acc_01012,2026-06-02 15:00:32,20.95,purchase,W,unknown_device,False
2988898,acc_00740,2026-06-02 15:00:34,100.0,purchase,W,unknown_device,False
2988899,acc_01013,2026-06-02 15:00:38,400.0,purchase,W,unknown_device,False
2988900,acc_00645,2026-06-02 15:00:43,206.0,purchase,W,unknown_device,False
2988901,acc_00571,2026-06-02 15:00:44,150.0,purchase,W,unknown_device,False
2988902,acc_01014,2026-06-02 15:00:58,25.0,purchase,H,Windows,False
2988903,acc_01015,2026-06-02 15:01:07,60.0,purchase,W,unknown_device,False
2988904,acc_01016,2026-06-02 15:02:28,117.0,purchase,W,unknown_device,False
2988905,acc_01017,2026-06-02 15:02:31,50.0,purchase,H,Windows,False
2988906,acc_01018,2026-06-02 15:02:34,335.0,purchase,W,unknown_device,False
2988907,acc_01019,2026-06-02 15:02:53,265.0,purchase,W,unknown_device,False
2988908,acc_00097,2026-06-02 15:02:53,397.5,purchase,W,unknown_device,False
2988909,acc_01020,2026-06-02 15:03:03,209.95,purchase,W,unknown_device,False
2988910,acc_01021,2026-06-02 15:03:46,425.0,purchase,W,unknown_device,False
2988911,acc_00584,2026-06-02 15:04:02,150.0,purchase,W,unknown_device,False
2988912,acc_00392,2026-06-02 15:04:06,57.95,purchase,W,unknown_device,False
2988913,acc_01022,2026-06-02 15:04:09,30.0,purchase,W,unknown_device,False
2988914,acc_01023,2026-06-02 15:04:19,49.0,purchase,W,unknown_device,False
2988915,acc_00712,2026-06-02 15:04:31,82.95,purchase,W,unknown_device,False
2988916,acc_00782,2026-06-02 15:04:35,20.0,purchase,W,unknown_device,False
2988917,acc_01024,2026-06-02 15:04:36,25.95,purchase,W,unknown_device,False
2988918,acc_00427,2026-06-02 15:04:50,150.0,purchase,W,unknown_device,False
2988919,acc_00250,2026-06-02 15:04:54,100.0,purchase,W,unknown_device,False
2988920,acc_01025,2026-06-02 15:04:55,52.95,purchase,W,unknown_device,False
2988921,acc_00509,2026-06-02 15:05:02,77.0,purchase,W,unknown_device,False
2988922,acc_01026,2026-06-02 15:05:22,15.0,purchase,H,MacOS,False
2988923,acc_01027,2026-06-02 15:05:32,40.0,purchase,W,unknown_device,False
2988924,acc_01020,2026-06-02 15:05:43,107.95,purchase,W,unknown_device,False
2988925,acc_01028,2026-06-02 15:05:50,103.97,purchase,W,unknown_device,False
2988926,acc_01029,2026-06-02 15:05:54,1024.04,purchase,W,unknown_device,False
2988927,acc_00354,2026-06-02 15:05:58,49.0,purchase,W,unknown_device,False
2988928,acc_01030,2026-06-02 15:05:59,25.95,purchase,W,unknown_device,False
2988929,acc_01031,2026-06-02 15:06:03,59.0,purchase,W,unknown_device,False
2988930,acc_01032,2026-06-02 06:22:59,25.0,purchase,S,Windows,False
2988931,acc_00622,2026-06-02 06:23:37,117.0,purchase,W,unknown_device,False
2988932,acc_00025,2026-06-02 15:06:30,57.95,purchase,W,unknown_device,False
2988933,acc_00219,2026-06-02 15:06:30,50.0,purchase,H,Windows,False
2988934,acc_01033,2026-06-02 15:06:33,29.0,purchase,W,unknown_device,False
2988935,acc_00003,2026-06-02 15:06:49,200.0,purchase,R,Windows,False
2988936,acc_01034,2026-06-02 15:07:00,30.95,purchase,W,unknown_device,False
2988937,acc_00991,2026-06-02 15:07:04,160.65,purchase,W,unknown_device,False
2988938,acc_01032,2026-06-02 06:24:58,25.0,purchase,S,Windows,False
2988939,acc_00125,2026-06-02 15:07:05,110.0,purchase,W,unknown_device,False
2988940,acc_01035,2026-06-02 15:07:10,50.0,purchase,H,Windows,False
2988941,acc_01036,2026-06-02 15:07:21,125.0,purchase,W,unknown_device,False
2988942,acc_00003,2026-06-02 15:07:29,60.0,purchase,W,unknown_device,False
2988943,acc_01037,2026-06-02 15:07:38,100.0,purchase,W,unknown_device,False
2988944,acc_00124,2026-06-02 15:07:49,59.0,purchase,W,unknown_device,False
2988945,acc_01038,2026-06-02 15:07:51,72.95,purchase,W,unknown_device,False
2988946,acc_01039,2026-06-02 15:07:56,470.95,purchase,W,unknown_device,False
2988947,acc_01040,2026-06-02 15:07:59,97.0,purchase,W,unknown_device,False
2988948,acc_01041,2026-06-02 15:08:07,25.0,purchase,W,unknown_device,False
2988949,acc_00810,2026-06-02 15:08:09,505.95,purchase,W,unknown_device,False
2988950,acc_00048,2026-06-02 15:08:44,17.764,purchase,C,Trident/7.0,False
2988951,acc_00606,2026-06-02 15:09:14,450.0,purchase,W,unknown_device,False
2988952,acc_00556,2026-06-02 15:09:34,49.0,purchase,W,unknown_device,False
2988953,acc_00048,2026-06-02 15:09:39,27.31,purchase,C,unknown_device,False
2988954,acc_01042,2026-06-02 15:09:52,100.0,purchase,W,unknown_device,False
2988955,acc_01043,2026-06-02 15:09:58,100.0,purchase,W,unknown_device,False
2988956,acc_01044,2026-06-02 15:10:02,50.0,purchase,W,unknown_device,False
2988957,acc_01045,2026-06-02 15:10:33,226.0,purchase,W,unknown_device,False
2988958,acc_01046,2026-06-02 15:10:45,107.95,purchase,W,unknown_device,False
2988959,acc_01047,2026-06-02 15:10:46,57.95,purchase,W,unknown_device,False
2988960,acc_00970,2026-06-02 15:10:56,311.95,purchase,W,unknown_device,False
2988961,acc_00584,2026-06-02 15:11:14,171.0,purchase,W,unknown_device,False
2988962,acc_01048,2026-06-02 15:11:19,72.95,purchase,W,unknown_device,False
2988963,acc_00282,2026-06-02 15:11:23,60.0,purchase,W,unknown_device,False
2988964,acc_00232,2026-06-02 15:11:29,77.95,purchase,W,unknown_device,False
2988965,acc_00210,2026-06-02 15:11:43,15.226,purchase,C,Windows,False
2988966,acc_01049,2026-06-02 15:11:46,900.0,purchase,W,unknown_device,True
2988967,acc_01050,2026-06-02 15:12:06,50.0,purchase,H,iOS Device,False
2988968,acc_01051,2026-06-02 15:12:08,180.0,purchase,W,unknown_device,False
2988969,acc_00622,2026-06-02 06:25:13,62.95,purchase,W,unknown_device,False
2988970,acc_01052,2026-06-02 15:12:14,2269.0,purchase,W,synthetic_device_ring_002,False
2988971,acc_00093,2026-06-02 15:12:43,59.0,purchase,W,unknown_device,False
2988972,acc_01041,2026-06-02 15:12:44,34.0,purchase,W,unknown_device,False
2988973,acc_00505,2026-06-02 15:13:28,451.21,purchase,W,unknown_device,False
2988974,acc_01053,2026-06-02 15:13:44,75.0,purchase,W,unknown_device,False
2988975,acc_00521,2026-06-02 15:13:48,200.0,purchase,W,unknown_device,False
2988976,acc_00093,2026-06-02 15:13:58,117.0,purchase,W,unknown_device,False
2988977,acc_01054,2026-06-02 15:14:02,100.0,purchase,W,unknown_device,False
2988978,acc_00844,2026-06-02 15:14:21,100.0,purchase,W,unknown_device,False
2988979,acc_00124,2026-06-02 15:14:26,44.5,purchase,W,unknown_device,False
2988980,acc_01055,2026-06-02 15:14:35,100.0,purchase,W,unknown_device,False
2988981,acc_01056,2026-06-02 15:14:44,120.0,purchase,W,unknown_device,False
2988982,acc_00292,2026-06-02 15:14:46,107.95,purchase,W,unknown_device,False
2988983,acc_00048,2026-06-02 15:14:47,27.31,purchase,C,unknown_device,False
2988984,acc_00105,2026-06-02 15:14:52,65.0,purchase,W,unknown_device,False
2988985,acc_00827,2026-06-02 15:15:03,107.95,purchase,W,unknown_device,False
2988986,acc_01057,2026-06-02 15:15:07,72.95,purchase,W,unknown_device,False
2988987,acc_01058,2026-06-02 15:15:15,524.0,purchase,W,unknown_device,False
2988988,acc_01059,2026-06-02 15:15:20,75.102,purchase,C,unknown_device,False
2988989,acc_01060,2026-06-02 15:15:32,44.0,purchase,W,unknown_device,False
2988990,acc_00036,2026-06-02 15:15:39,129.97,purchase,W,unknown_device,False
2988991,acc_00048,2026-06-02 15:15:44,27.31,purchase,C,unknown_device,False
2988992,acc_01049,2026-06-02 15:15:51,994.0,purchase,W,unknown_device,True
2988993,acc_00093,2026-06-02 15:16:18,100.0,purchase,W,unknown_device,False
2988994,acc_01061,2026-06-02 15:16:29,250.0,purchase,R,rv:11.0,False
2988995,acc_01062,2026-06-02 15:16:36,352.09,purchase,W,unknown_device,False
2988996,acc_00377,2026-06-02 15:16:42,185.95,purchase,W,unknown_device,False
2988997,acc_01063,2026-06-02 15:17:19,150.0,purchase,R,iOS Device,False
2988998,acc_01064,2026-06-02 15:17:20,30.0,purchase,W,unknown_device,False
2988999,acc_01065,2026-06-02 15:17:27,30.0,purchase,W,unknown_device,False
2989000,acc_01066,2026-06-02 15:17:38,40.24,purchase,C,unknown_device,True
2989001,acc_01067,2026-06-02 15:17:38,51.5,purchase,W,unknown_device,False
2989002,acc_00230,2026-06-02 15:17:45,113.952,purchase,C,Windows,False
2989003,acc_00093,2026-06-02 15:17:48,50.0,purchase,H,Windows,False
2989004,acc_00645,2026-06-02 15:17:55,151.0,purchase,W,unknown_device,False
2989005,acc_00571,2026-06-02 15:17:57,40.0,purchase,W,unknown_device,False
2989006,acc_01068,2026-06-02 15:18:00,100.0,purchase,W,unknown_device,False
2989007,acc_00765,2026-06-02 15:18:02,59.0,purchase,W,unknown_device,True
2989008,acc_00501,2026-06-02 15:18:06,34.95,purchase,W,unknown_device,False
2989009,acc_01069,2026-06-02 15:18:13,30.95,purchase,W,unknown_device,False
2989010,acc_00663,2026-06-02 15:18:15,49.0,purchase,W,unknown_device,False
2989011,acc_01070,2026-06-02 15:18:19,100.0,purchase,W,unknown_device,False
2989012,acc_01071,2026-06-02 15:18:44,115.0,purchase,W,unknown_device,False
2989013,acc_00377,2026-06-02 15:18:51,85.95,purchase,W,unknown_device,False
2989014,acc_00013,2026-06-02 15:18:58,107.95,purchase,W,unknown_device,False
2989015,acc_01072,2026-06-02 15:19:12,353.0,purchase,W,unknown_device,False
2989016,acc_00003,2026-06-02 15:19:34,40.0,purchase,W,unknown_device,False
2989017,acc_00638,2026-06-02 15:19:44,300.0,purchase,W,unknown_device,False
2989018,acc_00292,2026-06-02 15:20:11,335.0,purchase,W,unknown_device,False
2989019,acc_00669,2026-06-02 15:20:12,60.0,purchase,W,unknown_device,False
2989020,acc_00701,2026-06-02 15:20:13,160.95,purchase,W,unknown_device,False
2989021,acc_01073,2026-06-02 15:20:14,874.95,purchase,W,unknown_device,False
2989022,acc_01074,2026-06-02 15:20:16,117.0,purchase,W,unknown_device,False
2989023,acc_00455,2026-06-02 15:20:19,100.0,purchase,W,unknown_device,False
2989024,acc_00385,2026-06-02 15:20:38,125.0,purchase,W,unknown_device,False
2989025,acc_01051,2026-06-02 15:21:30,209.95,purchase,W,unknown_device,False
2989026,acc_01075,2026-06-02 15:21:41,250.0,purchase,W,unknown_device,False
2989027,acc_00048,2026-06-02 15:21:44,27.31,purchase,C,unknown_device,False
2989028,acc_00761,2026-06-02 15:21:48,20.0,purchase,W,unknown_device,False
2989029,acc_00782,2026-06-02 15:21:50,250.0,purchase,R,Windows,False
2989030,acc_00592,2026-06-02 15:21:50,63.95,purchase,W,unknown_device,False
2989031,acc_00849,2026-06-02 15:21:59,59.0,purchase,W,unknown_device,False
2989032,acc_00827,2026-06-02 15:22:01,30.0,purchase,W,unknown_device,False
2989033,acc_00347,2026-06-02 15:22:18,68.44,purchase,W,unknown_device,False
2989034,acc_01076,2026-06-02 00:58:15,57.95,purchase,W,unknown_device,False
2989035,acc_01077,2026-06-02 15:22:58,26.25,purchase,W,unknown_device,False
2989036,acc_01078,2026-06-02 15:23:31,40.0,purchase,W,unknown_device,False
2989037,acc_01079,2026-06-02 15:24:01,147.26,purchase,W,unknown_device,False
2989038,acc_00003,2026-06-02 15:24:18,40.0,purchase,W,unknown_device,False
2989039,acc_00229,2026-06-02 15:24:24,127.365,purchase,C,unknown_device,False
2989040,acc_00398,2026-06-02 15:24:36,70.0,purchase,W,unknown_device,False
2989041,acc_01080,2026-06-02 15:24:56,100.0,purchase,W,unknown_device,True
2989042,acc_01081,2026-06-02 15:25:01,210.0,purchase,W,unknown_device,False
2989043,acc_00615,2026-06-02 15:25:05,146.0,purchase,W,unknown_device,False
2989044,acc_00652,2026-06-02 15:25:14,15.0,purchase,W,unknown_device,False
2989045,acc_00046,2026-06-02 15:25:23,39.0,purchase,W,unknown_device,False
2989046,acc_00587,2026-06-02 15:25:52,42.95,purchase,W,unknown_device,False
2989047,acc_00633,2026-06-02 15:26:16,77.0,purchase,W,unknown_device,False
2989048,acc_00074,2026-06-02 15:26:34,146.0,purchase,W,unknown_device,False
2989049,acc_00385,2026-06-02 15:26:43,85.0,purchase,W,unknown_device,False
2989050,acc_00638,2026-06-02 15:26:47,300.0,purchase,W,unknown_device,False
2989051,acc_01082,2026-06-02 15:26:56,159.95,purchase,W,unknown_device,False
2989052,acc_01083,2026-06-02 15:26:57,107.95,purchase,W,unknown_device,False
2989053,acc_01084,2026-06-02 15:26:58,24.5,purchase,W,unknown_device,False
2989054,acc_01085,2026-06-02 15:27:02,40.0,purchase,W,unknown_device,False
2989055,acc_00069,2026-06-02 15:27:31,20.18,purchase,C,unknown_device,False
2989056,acc_01086,2026-06-02 15:28:10,75.0,purchase,W,unknown_device,False
2989057,acc_00621,2026-06-02 15:28:25,335.0,purchase,W,unknown_device,False
2989058,acc_00929,2026-06-02 15:28:25,1679.95,purchase,W,unknown_device,False
2989059,acc_01087,2026-06-02 15:28:27,100.0,purchase,W,unknown_device,True
2989060,acc_00590,2026-06-02 15:28:31,25.95,purchase,W,unknown_device,False
2989061,acc_01088,2026-06-02 15:29:01,50.0,purchase,W,unknown_device,False
2989062,acc_00625,2026-06-02 15:29:05,59.0,purchase,W,unknown_device,False
2989063,acc_01089,2026-06-02 15:29:15,35.95,purchase,W,unknown_device,False
2989064,acc_01090,2026-06-02 15:29:32,15.95,purchase,W,unknown_device,False
2989065,acc_00782,2026-06-02 15:30:06,107.95,purchase,W,unknown_device,False
2989066,acc_00117,2026-06-02 15:30:15,5.0,purchase,S,Windows,False
2989067,acc_01091,2026-06-02 01:00:13,50.0,purchase,H,Trident/7.0,False
2989068,acc_00048,2026-06-02 15:30:52,85.192,purchase,C,unknown_device,False
2989069,acc_00132,2026-06-02 15:31:05,34.0,purchase,W,unknown_device,False
2989070,acc_01092,2026-06-02 15:31:25,50.0,purchase,S,Windows,False
2989071,acc_00588,2026-06-02 15:31:37,58.95,purchase,W,unknown_device,False
2989072,acc_01093,2026-06-02 15:31:52,107.95,purchase,W,unknown_device,False
2989073,acc_01094,2026-06-02 15:32:27,45.95,purchase,W,unknown_device,False
2989074,acc_01095,2026-06-02 15:32:29,26.95,purchase,W,unknown_device,False
2989075,acc_01096,2026-06-02 01:53:44,209.95,purchase,W,unknown_device,False
2989076,acc_00007,2026-06-02 15:32:31,117.0,purchase,W,unknown_device,False
2989077,acc_01097,2026-06-02 15:32:34,300.0,purchase,W,unknown_device,False
2989078,acc_01098,2026-06-02 15:32:39,67.95,purchase,W,unknown_device,False
2989079,acc_01099,2026-06-02 15:32:45,213.0,purchase,W,unknown_device,False
2989080,acc_01087,2026-06-02 15:32:50,117.0,purchase,W,unknown_device,True
2989081,acc_00572,2026-06-02 15:33:28,47.95,purchase,W,unknown_device,False
2989082,acc_00608,2026-06-02 15:33:29,100.0,purchase,W,unknown_device,False
2989083,acc_00332,2026-06-02 15:33:39,311.86,purchase,W,unknown_device,False
2989084,acc_00668,2026-06-02 15:33:56,50.0,purchase,W,unknown_device,False
2989085,acc_01100,2026-06-02 15:34:14,70.0,purchase,W,unknown_device,False
2989086,acc_00215,2026-06-02 15:34:24,49.0,purchase,W,unknown_device,False
2989087,acc_01101,2026-06-02 15:34:28,716.32,purchase,W,unknown_device,False
2989088,acc_00215,2026-06-02 15:34:30,129.95,purchase,W,unknown_device,False
2989089,acc_01102,2026-06-02 15:34:35,53.97,purchase,W,unknown_device,False
2989090,acc_00499,2026-06-02 15:34:39,293.95,purchase,W,unknown_device,False
2989091,acc_01103,2026-06-02 15:35:05,100.0,purchase,H,rv:57.0,False
2989092,acc_01104,2026-06-02 15:35:30,200.0,purchase,W,unknown_device,False
2989093,acc_01105,2026-06-02 15:35:49,171.0,purchase,W,unknown_device,False
2989094,acc_00621,2026-06-02 15:36:07,30.0,purchase,W,unknown_device,False
2989095,acc_00928,2026-06-02 15:36:12,25.0,purchase,H,Windows,False
2989096,acc_00060,2026-06-02 15:36:23,1729.95,purchase,W,unknown_device,False
2989097,acc_00735,2026-06-02 15:36:28,100.0,purchase,H,Windows,False
2989098,acc_01106,2026-06-02 15:37:06,50.0,purchase,S,Windows,False
2989099,acc_00638,2026-06-02 15:37:25,300.0,purchase,W,unknown_device,False
2989100,acc_00556,2026-06-02 15:37:48,22.97,purchase,W,unknown_device,False
2989101,acc_01107,2026-06-02 15:37:54,20.0,purchase,W,unknown_device,False
2989102,acc_01108,2026-06-02 15:38:00,100.0,purchase,R,Windows,False
2989103,acc_01017,2026-06-02 15:38:05,226.0,purchase,W,unknown_device,False
2989104,acc_01109,2026-06-02 15:38:15,117.0,purchase,W,unknown_device,False
2989105,acc_01110,2026-06-02 15:38:55,108.95,purchase,W,unknown_device,False
2989106,acc_01111,2026-06-02 15:39:02,100.0,purchase,R,Trident/7.0,False
2989107,acc_01112,2026-06-02 15:39:03,52.5,purchase,W,unknown_device,False
2989108,acc_00675,2026-06-02 15:39:06,35.95,purchase,W,unknown_device,False
2989109,acc_00119,2026-06-02 15:39:32,31.418,purchase,C,unknown_device,False
2989110,acc_00193,2026-06-02 15:39:37,103.97,purchase,W,unknown_device,False
2989111,acc_00250,2026-06-02 15:39:39,226.0,purchase,W,unknown_device,False
2989112,acc_00097,2026-06-02 15:39:49,40.0,purchase,W,unknown_device,False
2989113,acc_00636,2026-06-02 15:40:05,59.0,purchase,W,unknown_device,False
2989114,acc_00636,2026-06-02 15:40:06,53.97,purchase,W,unknown_device,False
2989115,acc_00471,2026-06-02 15:40:14,159.95,purchase,W,unknown_device,False
2989116,acc_01113,2026-06-02 15:40:19,250.0,purchase,R,SAMSUNG SM-J327T Build/NRD90M,True
2989117,acc_01114,2026-06-02 15:40:34,186.0,purchase,W,unknown_device,False
2989118,acc_01115,2026-06-02 15:41:09,160.95,purchase,W,unknown_device,False
2989119,acc_00953,2026-06-02 15:41:14,30.0,purchase,W,unknown_device,False
2989120,acc_01116,2026-06-02 15:41:14,31.95,purchase,W,unknown_device,False
2989121,acc_00183,2026-06-02 15:41:16,20.0,purchase,W,unknown_device,False
2989122,acc_00959,2026-06-02 15:41:20,40.0,purchase,W,unknown_device,False
2989123,acc_01117,2026-06-02 15:41:25,423.89,purchase,W,unknown_device,False
2989124,acc_00154,2026-06-02 15:41:29,64.649,purchase,C,Windows,False
2989125,acc_00728,2026-06-02 15:42:01,34.0,purchase,W,unknown_device,False
2989126,acc_01118,2026-06-02 15:42:44,40.0,purchase,W,unknown_device,False
2989127,acc_01119,2026-06-02 15:43:04,20.0,purchase,S,Trident/7.0,False
2989128,acc_01120,2026-06-02 15:43:09,75.0,purchase,H,rv:52.0,False
2989129,acc_00319,2026-06-02 15:43:26,25.0,purchase,H,MacOS,False
2989130,acc_00215,2026-06-02 15:43:29,49.0,purchase,W,unknown_device,False
2989131,acc_00607,2026-06-02 15:43:54,171.0,purchase,W,unknown_device,False
2989132,acc_01121,2026-06-02 15:44:01,425.95,purchase,W,unknown_device,False
2989133,acc_00744,2026-06-02 15:44:09,49.95,purchase,W,unknown_device,False
2989134,acc_00730,2026-06-02 15:44:10,154.97,purchase,W,unknown_device,False
2989135,acc_01122,2026-06-02 15:44:28,30.0,purchase,W,unknown_device,False
2989136,acc_01123,2026-06-02 15:44:29,50.0,purchase,W,unknown_device,False
2989137,acc_00521,2026-06-02 15:44:32,173.0,purchase,W,unknown_device,False
2989138,acc_01124,2026-06-02 15:44:38,54.0,purchase,W,unknown_device,False
2989139,acc_01125,2026-06-02 15:44:59,317.5,purchase,W,unknown_device,False
2989140,acc_01126,2026-06-02 15:45:19,100.0,purchase,W,unknown_device,False
2989141,acc_00195,2026-06-02 15:45:52,26.403,purchase,C,unknown_device,False
2989142,acc_00007,2026-06-02 15:45:57,160.0,purchase,W,unknown_device,False
2989143,acc_01127,2026-06-02 15:45:58,100.0,purchase,W,unknown_device,False
2989144,acc_01118,2026-06-02 15:46:00,49.0,purchase,W,unknown_device,False
2989145,acc_01128,2026-06-02 15:46:09,311.95,purchase,W,unknown_device,False
2989146,acc_00668,2026-06-02 15:46:46,57.95,purchase,W,unknown_device,False
2989147,acc_00073,2026-06-02 15:47:06,60.0,purchase,W,unknown_device,False
2989148,acc_01129,2026-06-02 15:47:19,35.95,purchase,W,unknown_device,False
2989149,acc_01130,2026-06-02 15:47:23,35.95,purchase,W,unknown_device,False
2989150,acc_01131,2026-06-02 15:47:26,140.95,purchase,W,unknown_device,False
2989151,acc_00912,2026-06-02 15:48:01,100.0,purchase,H,MacOS,False
2989152,acc_01132,2026-06-02 15:48:09,97.95,purchase,W,unknown_device,False
2989153,acc_00611,2026-06-02 15:48:13,141.0,purchase,W,unknown_device,False
2989154,acc_00789,2026-06-02 15:48:18,105.95,purchase,W,unknown_device,False
2989155,acc_00628,2026-06-02 15:48:19,59.0,purchase,W,unknown_device,False
2989156,acc_01133,2026-06-02 15:48:39,20.0,purchase,W,unknown_device,False
2989157,acc_00957,2026-06-02 15:48:51,34.0,purchase,W,unknown_device,False
2989158,acc_01122,2026-06-02 15:49:12,30.0,purchase,W,unknown_device,False
2989159,acc_01134,2026-06-02 15:49:28,327.89,purchase,W,unknown_device,False
2989160,acc_00648,2026-06-02 15:49:37,139.95,purchase,W,unknown_device,False
2989161,acc_01135,2026-06-02 15:49:59,500.0,purchase,W,unknown_device,False
2989162,acc_00239,2026-06-02 15:50:00,80.117,purchase,C,unknown_device,False
2989163,acc_00460,2026-06-02 15:50:06,117.0,purchase,W,unknown_device,False
2989164,acc_00572,2026-06-02 15:50:08,50.0,purchase,H,iOS Device,False
2989165,acc_00215,2026-06-02 15:50:23,311.95,purchase,W,unknown_device,False
2989166,acc_00802,2026-06-02 15:51:08,39.0,purchase,W,unknown_device,False
2989167,acc_00143,2026-06-02 15:51:28,48.95,purchase,W,unknown_device,False
2989168,acc_01136,2026-06-02 15:51:37,43.382,purchase,C,synthetic_device_ring_001,False
2989169,acc_00081,2026-06-02 15:51:52,50.0,purchase,H,Windows,False
2989170,acc_01137,2026-06-02 15:52:00,864.95,purchase,W,unknown_device,False
2989171,acc_00663,2026-06-02 15:52:16,87.0,purchase,W,unknown_device,False
2989172,acc_00625,2026-06-02 15:52:23,60.0,purchase,W,unknown_device,False
2989173,acc_00045,2026-06-02 15:52:39,59.0,purchase,W,unknown_device,False
2989174,acc_00239,2026-06-02 15:52:44,16.918,purchase,C,TRT-L53 Build/HUAWEITRT-L53,False
2989175,acc_00142,2026-06-02 15:53:13,644.95,purchase,W,unknown_device,False
2989176,acc_00195,2026-06-02 15:53:19,26.403,purchase,C,unknown_device,False
2989177,acc_00223,2026-06-02 15:53:31,34.5,purchase,W,unknown_device,False
2989178,acc_00774,2026-06-02 15:53:52,40.0,purchase,H,Windows,False
2989179,acc_01138,2026-06-02 15:53:53,25.95,purchase,W,unknown_device,False
2989180,acc_01139,2026-06-02 15:54:02,107.95,purchase,W,unknown_device,False
2989181,acc_01140,2026-06-02 15:54:24,200.0,purchase,W,unknown_device,False
2989182,acc_01141,2026-06-02 15:54:33,35.95,purchase,W,unknown_device,False
2989183,acc_00201,2026-06-02 15:54:45,57.95,purchase,W,unknown_device,False
2989184,acc_00760,2026-06-02 15:54:50,57.95,purchase,W,unknown_device,False
2989185,acc_01142,2026-06-02 15:54:57,400.0,purchase,W,unknown_device,False
2989186,acc_00622,2026-06-02 06:28:27,186.0,purchase,W,unknown_device,False
2989187,acc_00616,2026-06-02 15:55:03,146.0,purchase,W,unknown_device,False
2989188,acc_00073,2026-06-02 15:55:07,204.5,purchase,W,unknown_device,False
2989189,acc_00258,2026-06-02 15:55:15,5.0,purchase,S,rv:57.0,False
2989190,acc_00036,2026-06-02 15:55:28,57.0,purchase,W,unknown_device,False
2989191,acc_00774,2026-06-02 15:55:29,700.0,purchase,W,unknown_device,False
2989192,acc_01143,2026-06-02 15:55:38,113.0,purchase,W,unknown_device,False
2989193,acc_00953,2026-06-02 15:55:44,39.0,purchase,W,unknown_device,False
2989194,acc_01144,2026-06-02 15:55:45,30.0,purchase,H,Windows,False
2989195,acc_01145,2026-06-02 15:55:49,57.95,purchase,W,unknown_device,False
2989196,acc_01146,2026-06-02 15:55:55,54.0,purchase,W,unknown_device,False
2989197,acc_01147,2026-06-02 15:56:39,24.5,purchase,W,unknown_device,False
2989198,acc_00625,2026-06-02 15:56:55,63.97,purchase,W,unknown_device,False
2989199,acc_01148,2026-06-02 15:57:05,117.0,purchase,W,unknown_device,False
2989200,acc_01149,2026-06-02 15:57:09,45.95,purchase,W,unknown_device,False
2989201,acc_01150,2026-06-02 15:57:11,120.0,purchase,H,iOS Device,False
2989202,acc_01151,2026-06-02 15:57:22,110.0,purchase,S,rv:11.0,False
2989203,acc_00215,2026-06-02 15:57:26,335.0,purchase,W,unknown_device,False
2989204,acc_01152,2026-06-02 15:57:39,161.0,purchase,W,unknown_device,False
2989205,acc_00782,2026-06-02 15:57:56,117.0,purchase,W,unknown_device,False
2989206,acc_01153,2026-06-02 15:58:05,75.0,purchase,W,unknown_device,False
2989207,acc_00186,2026-06-02 15:58:10,54.5,purchase,W,unknown_device,False
2989208,acc_00615,2026-06-02 15:58:11,200.0,purchase,W,unknown_device,False
2989209,acc_01153,2026-06-02 15:58:18,75.0,purchase,W,unknown_device,False
2989210,acc_00186,2026-06-02 15:58:21,107.95,purchase,W,unknown_device,False
2989211,acc_01154,2026-06-02 15:58:33,250.0,purchase,W,unknown_device,False
2989212,acc_01155,2026-06-02 15:58:38,107.95,purchase,W,unknown_device,False
2989213,acc_01156,2026-06-02 15:58:43,120.0,purchase,H,iOS Device,False
2989214,acc_01157,2026-06-02 15:58:48,235.0,purchase,W,unknown_device,False
2989215,acc_00215,2026-06-02 15:58:53,25.95,purchase,W,unknown_device,False
2989216,acc_00265,2026-06-02 15:59:13,50.0,purchase,W,unknown_device,False
2989217,acc_01133,2026-06-02 15:59:19,20.0,purchase,W,unknown_device,False
2989218,acc_01034,2026-06-02 15:59:37,80.0,purchase,W,unknown_device,False
2989219,acc_01158,2026-06-02 01:05:03,209.95,purchase,W,unknown_device,False
2989220,acc_00648,2026-06-02 16:00:08,30.95,purchase,W,unknown_device,False
2989221,acc_01159,2026-06-02 16:00:08,107.95,purchase,W,unknown_device,False
2989222,acc_00715,2026-06-02 16:00:20,141.0,purchase,W,unknown_device,False
2989223,acc_01160,2026-06-02 16:00:39,209.95,purchase,W,unknown_device,False
2989224,acc_01161,2026-06-02 16:01:04,75.0,purchase,W,unknown_device,False
2989225,acc_00631,2026-06-02 16:01:17,29.969,purchase,C,Android 6.0.1,False
2989226,acc_00728,2026-06-02 16:01:28,50.0,purchase,W,unknown_device,False
2989227,acc_00603,2026-06-02 16:01:31,40.0,purchase,W,unknown_device,False
2989228,acc_00594,2026-06-02 16:01:39,59.0,purchase,W,unknown_device,False
2989229,acc_00636,2026-06-02 16:01:46,59.0,purchase,W,unknown_device,False
2989230,acc_00216,2026-06-02 16:01:56,60.0,purchase,W,unknown_device,False
2989231,acc_00645,2026-06-02 16:01:56,57.95,purchase,W,unknown_device,False
2989232,acc_00377,2026-06-02 16:01:59,57.95,purchase,W,unknown_device,False
2989233,acc_00394,2026-06-02 16:02:00,57.95,purchase,W,unknown_device,False
2989234,acc_01135,2026-06-02 16:02:03,311.95,purchase,W,unknown_device,False
2989235,acc_00774,2026-06-02 16:02:12,200.0,purchase,W,unknown_device,False
2989236,acc_00879,2026-06-02 16:02:52,482.67,purchase,W,unknown_device,False
2989237,acc_01162,2026-06-02 16:03:05,117.0,purchase,W,unknown_device,False
2989238,acc_01163,2026-06-02 16:03:06,117.0,purchase,W,unknown_device,False
2989239,acc_00951,2026-06-02 16:03:08,117.0,purchase,W,unknown_device,False
2989240,acc_01164,2026-06-02 16:03:11,67.95,purchase,W,unknown_device,False
2989241,acc_00734,2026-06-02 16:03:12,117.0,purchase,W,unknown_device,False
2989242,acc_00750,2026-06-02 16:03:22,210.95,purchase,W,unknown_device,False
2989243,acc_01104,2026-06-02 16:03:40,592.5,purchase,W,unknown_device,False
2989244,acc_00663,2026-06-02 16:03:43,300.0,purchase,W,unknown_device,False
2989245,acc_01165,2026-06-02 16:03:49,131.0,purchase,W,unknown_device,False
2989246,acc_01166,2026-06-02 16:03:52,57.95,purchase,W,unknown_device,False
2989247,acc_01167,2026-06-02 16:03:56,100.0,purchase,W,unknown_device,False
2989248,acc_01168,2026-06-02 16:04:06,63.97,purchase,W,unknown_device,False
2989249,acc_01098,2026-06-02 16:04:14,50.0,purchase,H,iOS Device,False
2989250,acc_00616,2026-06-02 16:04:20,108.5,purchase,W,unknown_device,False
2989251,acc_00972,2026-06-02 16:04:49,29.5,purchase,W,unknown_device,False
2989252,acc_01169,2026-06-02 16:04:59,120.0,purchase,W,unknown_device,False
2989253,acc_00636,2026-06-02 16:05:01,77.0,purchase,W,unknown_device,False
2989254,acc_00957,2026-06-02 16:05:07,107.95,purchase,W,unknown_device,False
2989255,acc_01170,2026-06-02 16:05:18,60.0,purchase,W,unknown_device,False
2989256,acc_01171,2026-06-02 04:45:09,335.0,purchase,W,unknown_device,False
2989257,acc_00215,2026-06-02 16:05:20,87.95,purchase,W,unknown_device,False
2989258,acc_01172,2026-06-02 16:05:22,49.0,purchase,W,unknown_device,False
2989259,acc_01126,2026-06-02 16:05:32,117.0,purchase,W,unknown_device,False
2989260,acc_01098,2026-06-02 16:05:45,50.0,purchase,H,iOS Device,False
2989261,acc_01173,2026-06-02 16:05:53,77.0,purchase,W,unknown_device,False
2989262,acc_00919,2026-06-02 16:05:55,29.0,purchase,W,unknown_device,False
2989263,acc_00264,2026-06-02 16:06:02,100.0,purchase,R,iOS Device,False
2989264,acc_01174,2026-06-02 16:06:30,1129.95,purchase,W,unknown_device,False
2989265,acc_00893,2026-06-02 16:06:45,100.0,purchase,W,unknown_device,False
2989266,acc_01175,2026-06-02 16:06:55,1427.29,purchase,W,unknown_device,False
2989267,acc_00889,2026-06-02 16:06:58,92.0,purchase,W,unknown_device,False
2989268,acc_00053,2026-06-02 16:07:05,47.95,purchase,W,unknown_device,False
2989269,acc_01176,2026-06-02 16:07:05,107.95,purchase,W,unknown_device,False
2989270,acc_01177,2026-06-02 16:07:11,42.95,purchase,W,unknown_device,False
2989271,acc_00594,2026-06-02 16:07:18,50.0,purchase,H,Windows,False
2989272,acc_01178,2026-06-02 16:07:21,482.67,purchase,W,unknown_device,False
2989273,acc_01179,2026-06-02 16:07:25,136.99,purchase,W,unknown_device,False
2989274,acc_00053,2026-06-02 16:07:28,117.0,purchase,W,unknown_device,False
2989275,acc_00344,2026-06-02 16:07:37,1100.2,purchase,W,unknown_device,False
2989276,acc_00735,2026-06-02 16:07:42,57.95,purchase,W,unknown_device,False
2989277,acc_01180,2026-06-02 16:07:54,50.0,purchase,W,unknown_device,False
2989278,acc_00537,2026-06-02 16:08:10,268.02,purchase,W,unknown_device,False
2989279,acc_00186,2026-06-02 16:08:19,55.45,purchase,W,unknown_device,False
2989280,acc_01181,2026-06-02 16:08:29,200.0,purchase,R,Trident/7.0,False
2989281,acc_00864,2026-06-02 16:08:42,129.97,purchase,W,unknown_device,False
2989282,acc_01182,2026-06-02 16:08:45,944.0,purchase,W,unknown_device,False
2989283,acc_00468,2026-06-02 16:08:50,58.95,purchase,W,unknown_device,False
2989284,acc_00603,2026-06-02 16:08:59,97.0,purchase,W,unknown_device,False
2989285,acc_01183,2026-06-02 16:09:55,59.0,purchase,W,unknown_device,False
2989286,acc_01184,2026-06-02 16:09:59,160.0,purchase,W,unknown_device,False
2989287,acc_00110,2026-06-02 16:10:41,40.0,purchase,W,unknown_device,False
2989288,acc_00595,2026-06-02 16:10:42,280.0,purchase,W,unknown_device,False
2989289,acc_00282,2026-06-02 16:10:55,107.95,purchase,W,unknown_device,False
2989290,acc_01185,2026-06-02 16:11:00,100.0,purchase,R,iOS Device,False
2989291,acc_00264,2026-06-02 16:11:02,100.0,purchase,R,rv:11.0,False
2989292,acc_01186,2026-06-02 16:11:03,150.0,purchase,R,MacOS,False
2989293,acc_00455,2026-06-02 16:11:05,68.5,purchase,W,unknown_device,False
2989294,acc_00918,2026-06-02 06:29:52,20.0,purchase,H,unknown_device,False
2989295,acc_00614,2026-06-02 16:11:22,59.0,purchase,W,unknown_device,False
2989296,acc_01187,2026-06-02 16:11:27,65.0,purchase,W,unknown_device,False
2989297,acc_00648,2026-06-02 16:11:32,92.0,purchase,W,unknown_device,False
2989298,acc_00186,2026-06-02 16:11:40,25.0,purchase,W,unknown_device,False
2989299,acc_00953,2026-06-02 16:12:04,40.0,purchase,W,unknown_device,False
2989300,acc_01188,2026-06-02 16:12:11,25.0,purchase,H,Trident/7.0,False
2989301,acc_01189,2026-06-02 16:12:17,209.95,purchase,W,unknown_device,False
2989302,acc_01190,2026-06-02 16:12:39,146.0,purchase,W,unknown_device,True
2989303,acc_01191,2026-06-02 16:13:13,250.0,purchase,R,Windows,False
2989304,acc_00621,2026-06-02 16:13:14,213.0,purchase,W,unknown_device,False
2989305,acc_01192,2026-06-02 16:13:41,87.95,purchase,W,unknown_device,False
2989306,acc_00731,2026-06-02 16:13:44,103.97,purchase,W,unknown_device,False
2989307,acc_00616,2026-06-02 16:13:55,39.0,purchase,W,unknown_device,False
2989308,acc_00178,2026-06-02 16:14:02,108.5,purchase,W,unknown_device,False
2989309,acc_01193,2026-06-02 16:14:03,82.95,purchase,W,unknown_device,False
2989310,acc_01194,2026-06-02 16:14:04,150.0,purchase,H,iOS Device,False
2989311,acc_00592,2026-06-02 16:14:13,100.0,purchase,W,unknown_device,False
2989312,acc_00278,2026-06-02 16:14:25,68.5,purchase,W,unknown_device,False
2989313,acc_00063,2026-06-02 16:14:31,117.0,purchase,W,unknown_device,False
2989314,acc_01131,2026-06-02 16:15:13,34.0,purchase,W,unknown_device,False
2989315,acc_01080,2026-06-02 16:15:17,40.0,purchase,W,unknown_device,False
2989316,acc_01156,2026-06-02 16:15:54,120.0,purchase,H,iOS Device,False
2989317,acc_01079,2026-06-02 16:15:56,60.0,purchase,W,unknown_device,False
2989318,acc_01195,2026-06-02 16:15:59,75.0,purchase,H,iOS Device,False
2989319,acc_01196,2026-06-02 16:16:10,255.0,purchase,W,unknown_device,False
2989320,acc_01197,2026-06-02 16:16:14,50.0,purchase,H,Windows,False
2989321,acc_00371,2026-06-02 16:16:21,335.0,purchase,W,unknown_device,False
2989322,acc_00831,2026-06-02 16:16:31,50.0,purchase,W,unknown_device,False
2989323,acc_01198,2026-06-02 16:16:31,100.0,purchase,W,unknown_device,False
2989324,acc_00773,2026-06-02 16:16:35,50.0,purchase,W,unknown_device,False
2989325,acc_01199,2026-06-02 16:16:55,62.95,purchase,W,unknown_device,False
2989326,acc_01200,2026-06-02 16:17:07,47.95,purchase,W,unknown_device,False
2989327,acc_00531,2026-06-02 16:17:10,600.0,purchase,W,unknown_device,False
2989328,acc_01201,2026-06-02 16:17:11,50.0,purchase,H,MacOS,False
2989329,acc_00663,2026-06-02 16:17:12,300.0,purchase,W,unknown_device,False
2989330,acc_01202,2026-06-02 16:17:18,632.0,purchase,W,unknown_device,False
2989331,acc_01203,2026-06-02 16:17:30,26.95,purchase,W,unknown_device,False
2989332,acc_01204,2026-06-02 16:17:36,90.0,purchase,W,unknown_device,False
2989333,acc_00902,2026-06-02 16:17:38,100.0,purchase,W,unknown_device,False
2989334,acc_01205,2026-06-02 16:17:42,47.0,purchase,W,unknown_device,False
2989335,acc_00332,2026-06-02 16:17:49,108.5,purchase,W,unknown_device,False
2989336,acc_01206,2026-06-02 16:17:49,57.95,purchase,W,unknown_device,False
2989337,acc_01207,2026-06-02 16:18:13,50.0,purchase,W,unknown_device,False
2989338,acc_01133,2026-06-02 16:18:43,24.5,purchase,W,unknown_device,False
2989339,acc_00389,2026-06-02 16:18:44,25.981,purchase,C,SM-J700M Build/MMB29K,False
2989340,acc_01208,2026-06-02 16:18:50,50.0,purchase,S,Windows,False
2989341,acc_01209,2026-06-02 16:19:18,659.99,purchase,W,unknown_device,False
2989342,acc_00588,2026-06-02 16:19:39,35.0,purchase,W,unknown_device,False
2989343,acc_00063,2026-06-02 16:19:43,57.95,purchase,W,unknown_device,False
2989344,acc_00228,2026-06-02 16:19:45,509.36,purchase,W,unknown_device,False
2989345,acc_01210,2026-06-02 16:19:51,50.0,purchase,W,unknown_device,False
2989346,acc_01211,2026-06-02 16:19:53,25.0,purchase,W,unknown_device,False
2989347,acc_00518,2026-06-02 16:19:58,18.005,purchase,C,Windows,False
2989348,acc_01212,2026-06-02 16:20:14,50.0,purchase,W,unknown_device,False
2989349,acc_01213,2026-06-02 16:20:39,100.0,purchase,R,iOS Device,False
2989350,acc_01214,2026-06-02 16:20:46,34.0,purchase,W,unknown_device,False
2989351,acc_00799,2026-06-02 16:21:09,40.0,purchase,W,unknown_device,False
2989352,acc_01215,2026-06-02 16:21:15,150.0,purchase,W,unknown_device,False
2989353,acc_00292,2026-06-02 16:21:30,30.95,purchase,W,unknown_device,False
2989354,acc_01182,2026-06-02 16:21:42,500.0,purchase,W,unknown_device,False
2989355,acc_00045,2026-06-02 16:22:00,148.5,purchase,W,unknown_device,False
2989356,acc_00385,2026-06-02 16:22:02,159.95,purchase,W,unknown_device,False
2989357,acc_00618,2026-06-02 16:22:07,226.0,purchase,W,unknown_device,True
2989358,acc_01216,2026-06-02 16:22:17,226.0,purchase,W,unknown_device,False
2989359,acc_00434,2026-06-02 16:23:00,125.0,purchase,W,unknown_device,False
2989360,acc_00625,2026-06-02 16:23:08,44.0,purchase,W,unknown_device,False
2989361,acc_01217,2026-06-02 16:23:08,50.0,purchase,R,Windows,False
2989362,acc_00725,2026-06-02 16:23:10,55.0,purchase,W,unknown_device,False
2989363,acc_00048,2026-06-02 16:23:16,10.936,purchase,C,Windows,False
2989364,acc_00761,2026-06-02 16:23:22,250.0,purchase,W,unknown_device,False
2989365,acc_01218,2026-06-02 16:23:24,154.95,purchase,W,unknown_device,False
2989366,acc_00634,2026-06-02 16:23:24,2507.95,purchase,W,unknown_device,False
2989367,acc_01190,2026-06-02 16:23:25,117.0,purchase,W,unknown_device,True
2989368,acc_01219,2026-06-02 16:23:26,60.0,purchase,W,unknown_device,False
2989369,acc_00531,2026-06-02 16:23:32,300.0,purchase,W,unknown_device,False
2989370,acc_00060,2026-06-02 16:23:38,37.0,purchase,W,unknown_device,False
2989371,acc_01220,2026-06-02 16:24:00,30.95,purchase,W,unknown_device,False
2989372,acc_01221,2026-06-02 16:24:02,100.0,purchase,W,unknown_device,False
2989373,acc_00590,2026-06-02 16:24:05,338.61,purchase,W,unknown_device,False
2989374,acc_00199,2026-06-02 16:24:25,100.0,purchase,R,Windows,False
2989375,acc_00916,2026-06-02 16:24:26,40.0,purchase,W,unknown_device,False
2989376,acc_00048,2026-06-02 16:24:29,8.7,purchase,C,Moto G Play Build/MPIS24.241-15.3-26,False
2989377,acc_00007,2026-06-02 16:24:39,107.95,purchase,W,unknown_device,False
2989378,acc_00264,2026-06-02 16:24:54,100.0,purchase,R,iOS Device,False
2989379,acc_01222,2026-06-02 16:24:59,50.0,purchase,H,Windows,False
2989380,acc_00559,2026-06-02 16:25:03,80.0,purchase,S,Windows,False
2989381,acc_01223,2026-06-02 16:25:28,514.0,purchase,W,unknown_device,False
2989382,acc_01145,2026-06-02 16:25:43,57.95,purchase,W,unknown_device,False
2989383,acc_01224,2026-06-02 16:25:51,47.95,purchase,W,unknown_device,False
2989384,acc_00657,2026-06-02 16:26:12,97.0,purchase,W,unknown_device,False
2989385,acc_01126,2026-06-02 16:26:14,100.0,purchase,W,unknown_device,False
2989386,acc_01225,2026-06-02 16:26:19,100.0,purchase,H,Trident/7.0,False
2989387,acc_00245,2026-06-02 16:26:47,250.0,purchase,W,unknown_device,False
2989388,acc_01226,2026-06-02 16:26:52,100.0,purchase,W,unknown_device,False
2989389,acc_00215,2026-06-02 16:27:16,335.0,purchase,W,unknown_device,False
2989390,acc_01227,2026-06-02 16:27:27,300.0,purchase,W,unknown_device,False
2989391,acc_00675,2026-06-02 16:27:30,29.0,purchase,W,unknown_device,False
2989392,acc_01228,2026-06-02 16:27:50,57.95,purchase,W,unknown_device,False
2989393,acc_01229,2026-06-02 16:27:53,88.44,purchase,W,unknown_device,False
2989394,acc_01045,2026-06-02 16:27:57,200.0,purchase,W,unknown_device,False
2989395,acc_01230,2026-06-02 16:28:08,46.92,purchase,W,unknown_device,False
2989396,acc_00951,2026-06-02 16:28:49,117.0,purchase,W,unknown_device,False
2989397,acc_00136,2026-06-02 05:29:09,214.65,purchase,W,unknown_device,False
2989398,acc_01228,2026-06-02 16:29:03,92.95,purchase,W,unknown_device,False
2989399,acc_01231,2026-06-02 16:29:10,45.0,purchase,W,unknown_device,False
2989400,acc_01232,2026-06-02 16:29:31,87.0,purchase,W,unknown_device,False
2989401,acc_01233,2026-06-02 16:29:33,150.0,purchase,W,unknown_device,False
2989402,acc_01234,2026-06-02 16:29:48,152.48,purchase,W,unknown_device,False
2989403,acc_00135,2026-06-02 16:29:53,34.5,purchase,W,unknown_device,False
2989404,acc_01235,2026-06-02 16:30:00,59.0,purchase,W,unknown_device,False
2989405,acc_00046,2026-06-02 16:30:01,175.0,purchase,W,unknown_device,False
2989406,acc_00315,2026-06-02 16:30:10,50.0,purchase,W,unknown_device,False
2989407,acc_01236,2026-06-02 16:30:14,100.0,purchase,S,Windows,False
2989408,acc_01237,2026-06-02 16:30:29,77.0,purchase,W,unknown_device,False
2989409,acc_00087,2026-06-02 16:30:48,150.0,purchase,W,unknown_device,False
2989410,acc_00048,2026-06-02 16:30:51,127.788,purchase,C,unknown_device,False
2989411,acc_01126,2026-06-02 16:31:10,117.0,purchase,W,unknown_device,False
2989412,acc_01238,2026-06-02 16:31:22,75.0,purchase,W,unknown_device,False
2989413,acc_01239,2026-06-02 16:31:33,100.0,purchase,H,MacOS,False
2989414,acc_01240,2026-06-02 16:31:34,475.0,purchase,W,unknown_device,False
2989415,acc_00097,2026-06-02 16:31:45,72.99,purchase,W,unknown_device,False
2989416,acc_00731,2026-06-02 16:32:09,15.0,purchase,W,unknown_device,False
2989417,acc_00024,2026-06-02 16:32:18,57.95,purchase,W,unknown_device,False
2989418,acc_00356,2026-06-02 16:32:24,102.25,purchase,W,unknown_device,False
2989419,acc_01241,2026-06-02 16:32:46,20.0,purchase,W,unknown_device,False
2989420,acc_01242,2026-06-02 16:32:53,150.0,purchase,W,unknown_device,False
2989421,acc_01243,2026-06-02 16:33:01,117.0,purchase,W,unknown_device,False
2989422,acc_00531,2026-06-02 16:33:04,200.0,purchase,W,unknown_device,False
2989423,acc_01244,2026-06-02 16:33:18,1011.95,purchase,W,unknown_device,False
2989424,acc_01245,2026-06-02 16:33:34,428.73,purchase,W,unknown_device,True
2989425,acc_01246,2026-06-02 16:33:41,90.0,purchase,W,unknown_device,False
2989426,acc_00622,2026-06-02 06:30:33,107.95,purchase,W,unknown_device,False
2989427,acc_01247,2026-06-02 16:33:51,300.0,purchase,W,unknown_device,False
2989428,acc_00093,2026-06-02 16:34:00,50.0,purchase,W,unknown_device,False
2989429,acc_00117,2026-06-02 16:34:01,67.95,purchase,W,unknown_device,False
2989430,acc_00855,2026-06-02 16:34:02,54.5,purchase,W,unknown_device,False
2989431,acc_00046,2026-06-02 16:34:04,30.0,purchase,W,unknown_device,False
2989432,acc_01248,2026-06-02 16:34:31,47.95,purchase,W,unknown_device,False
2989433,acc_01249,2026-06-02 16:34:42,500.0,purchase,R,Trident/7.0,False
2989434,acc_01239,2026-06-02 16:34:57,100.0,purchase,H,MacOS,False
2989435,acc_01250,2026-06-02 16:34:57,187.95,purchase,W,unknown_device,False
2989436,acc_00625,2026-06-02 16:35:02,159.95,purchase,W,unknown_device,False
2989437,acc_01251,2026-06-02 16:35:04,77.95,purchase,W,unknown_device,False
2989438,acc_01252,2026-06-02 16:35:10,200.0,purchase,H,iOS Device,False
2989439,acc_00592,2026-06-02 16:35:18,30.95,purchase,W,unknown_device,False
2989440,acc_01213,2026-06-02 16:35:21,100.0,purchase,R,Windows,False
2989441,acc_01253,2026-06-02 16:35:30,107.95,purchase,W,unknown_device,False
2989442,acc_01254,2026-06-02 16:35:31,200.0,purchase,W,unknown_device,False
2989443,acc_01255,2026-06-02 16:35:31,100.0,purchase,W,unknown_device,False
2989444,acc_01256,2026-06-02 16:35:45,250.0,purchase,W,synthetic_device_ring_001,False
2989445,acc_01257,2026-06-02 16:35:46,142.95,purchase,W,unknown_device,False
2989446,acc_01258,2026-06-02 16:35:50,80.0,purchase,W,unknown_device,False
2989447,acc_01259,2026-06-02 16:35:54,49.0,purchase,W,unknown_device,False
2989448,acc_00402,2026-06-02 16:36:03,420.0,purchase,W,unknown_device,False
2989449,acc_00011,2026-06-02 16:36:15,12.326,purchase,C,unknown_device,False
2989450,acc_01260,2026-06-02 16:36:47,59.0,purchase,W,unknown_device,False
2989451,acc_01261,2026-06-02 16:36:50,100.0,purchase,S,Windows,False
2989452,acc_01160,2026-06-02 16:36:54,107.95,purchase,W,unknown_device,False
2989453,acc_01262,2026-06-02 16:37:09,100.0,purchase,W,unknown_device,False
2989454,acc_00215,2026-06-02 16:37:16,384.76,purchase,W,unknown_device,False
2989455,acc_01248,2026-06-02 16:37:37,47.95,purchase,W,unknown_device,False
2989456,acc_00594,2026-06-02 16:37:40,335.0,purchase,W,unknown_device,False
2989457,acc_01241,2026-06-02 16:37:50,25.95,purchase,W,unknown_device,False
2989458,acc_00278,2026-06-02 16:37:51,59.0,purchase,W,unknown_device,False
2989459,acc_01239,2026-06-02 16:37:53,100.0,purchase,H,MacOS,False
2989460,acc_01250,2026-06-02 16:38:01,57.95,purchase,W,unknown_device,False
2989461,acc_01263,2026-06-02 16:38:02,200.0,purchase,W,unknown_device,False
2989462,acc_01260,2026-06-02 16:38:07,59.0,purchase,W,unknown_device,False
2989463,acc_01264,2026-06-02 16:38:10,159.95,purchase,W,unknown_device,False
2989464,acc_00648,2026-06-02 16:38:25,226.0,purchase,W,unknown_device,False
2989465,acc_00048,2026-06-02 16:38:36,28.76,purchase,C,unknown_device,False
2989466,acc_00870,2026-06-02 16:38:46,57.95,purchase,W,unknown_device,False
2989467,acc_01246,2026-06-02 16:38:58,90.0,purchase,W,unknown_device,False
2989468,acc_00949,2026-06-02 16:39:07,25.0,purchase,R,synthetic_device_ring_001,False
2989469,acc_00949,2026-06-02 16:39:11,75.0,purchase,W,synthetic_device_ring_001,True
2989470,acc_01265,2026-06-02 16:39:19,50.0,purchase,W,unknown_device,False
2989471,acc_01266,2026-06-02 16:39:26,60.0,purchase,W,unknown_device,False
2989472,acc_00636,2026-06-02 16:39:45,25.95,purchase,W,unknown_device,False
2989473,acc_00119,2026-06-02 16:40:10,28.76,purchase,C,unknown_device,False
2989474,acc_00385,2026-06-02 16:40:37,49.0,purchase,W,unknown_device,False
2989475,acc_00174,2026-06-02 16:40:38,156.0,purchase,W,unknown_device,False
2989476,acc_00495,2026-06-02 16:40:43,671.42,purchase,W,unknown_device,False
2989477,acc_01034,2026-06-02 16:40:54,120.0,purchase,W,unknown_device,False
2989478,acc_01267,2026-06-02 16:41:03,150.0,purchase,W,unknown_device,False
2989479,acc_01258,2026-06-02 16:41:16,97.0,purchase,W,unknown_device,False
2989480,acc_00063,2026-06-02 16:41:18,460.0,purchase,W,unknown_device,False
2989481,acc_01268,2026-06-02 16:41:21,10.0,purchase,S,Windows,False
2989482,acc_01269,2026-06-02 16:41:41,34.0,purchase,W,unknown_device,False
2989483,acc_01270,2026-06-02 16:41:45,186.0,purchase,W,unknown_device,False
2989484,acc_00618,2026-06-02 16:41:51,209.95,purchase,W,unknown_device,False
2989485,acc_00595,2026-06-02 16:42:03,50.0,purchase,W,unknown_device,False
2989486,acc_00045,2026-06-02 16:42:18,213.0,purchase,W,unknown_device,False
2989487,acc_01271,2026-06-02 16:42:25,335.0,purchase,W,unknown_device,False
2989488,acc_00003,2026-06-02 16:42:25,60.0,purchase,W,unknown_device,False
2989489,acc_01246,2026-06-02 16:42:34,107.0,purchase,W,unknown_device,False
2989490,acc_01258,2026-06-02 16:42:38,49.0,purchase,W,unknown_device,False
2989491,acc_01261,2026-06-02 16:42:46,100.0,purchase,S,Windows,False
2989492,acc_01272,2026-06-02 16:42:50,30.0,purchase,W,unknown_device,False
2989493,acc_01273,2026-06-02 16:42:58,24.0,purchase,W,unknown_device,False
2989494,acc_01274,2026-06-02 16:43:03,343.15,purchase,W,unknown_device,False
2989495,acc_00755,2026-06-02 16:43:08,25.0,purchase,W,unknown_device,False
2989496,acc_01261,2026-06-02 16:43:08,100.0,purchase,S,Windows,False
2989497,acc_00636,2026-06-02 16:43:30,68.5,purchase,W,unknown_device,False
2989498,acc_01261,2026-06-02 16:43:33,100.0,purchase,S,Windows,False
2989499,acc_01275,2026-06-02 16:43:39,77.95,purchase,W,unknown_device,False
2989500,acc_01261,2026-06-02 16:43:52,100.0,purchase,S,Windows,False
2989501,acc_00694,2026-06-02 16:43:56,107.95,purchase,W,unknown_device,False
2989502,acc_01261,2026-06-02 16:44:14,100.0,purchase,S,Windows,False
2989503,acc_01276,2026-06-02 16:44:15,25.0,purchase,H,unknown_device,False
2989504,acc_01277,2026-06-02 16:44:28,597.94,purchase,W,unknown_device,False
2989505,acc_01261,2026-06-02 16:44:37,100.0,purchase,S,Windows,False
2989506,acc_00603,2026-06-02 16:44:40,250.0,purchase,W,unknown_device,False
2989507,acc_01261,2026-06-02 16:44:56,100.0,purchase,S,Windows,False
2989508,acc_00093,2026-06-02 16:45:16,117.0,purchase,W,unknown_device,False
2989509,acc_01278,2026-06-02 16:45:25,58.95,purchase,W,unknown_device,False
2989510,acc_01279,2026-06-02 16:45:31,100.0,purchase,W,unknown_device,False
2989511,acc_00003,2026-06-02 16:45:36,40.0,purchase,W,unknown_device,False
2989512,acc_01261,2026-06-02 16:45:42,100.0,purchase,S,Windows,False
2989513,acc_00119,2026-06-02 16:45:47,46.342,purchase,C,unknown_device,False
2989514,acc_00645,2026-06-02 16:45:51,92.0,purchase,W,unknown_device,False
2989515,acc_00007,2026-06-02 16:45:59,433.0,purchase,W,unknown_device,False
2989516,acc_00137,2026-06-02 16:46:02,103.0,purchase,W,unknown_device,False
2989517,acc_01280,2026-06-02 16:46:10,150.0,purchase,W,unknown_device,False
2989518,acc_01281,2026-06-02 16:46:18,108.95,purchase,W,unknown_device,False
2989519,acc_01261,2026-06-02 16:46:26,100.0,purchase,S,Windows,False
2989520,acc_00621,2026-06-02 16:46:32,50.0,purchase,W,unknown_device,False
2989521,acc_00864,2026-06-02 16:46:39,171.0,purchase,W,unknown_device,False
2989522,acc_01282,2026-06-02 16:46:41,25.0,purchase,H,MacOS,False
2989523,acc_01283,2026-06-02 16:47:13,264.35,purchase,W,unknown_device,False
2989524,acc_01261,2026-06-02 16:47:18,100.0,purchase,S,Windows,False
2989525,acc_00526,2026-06-02 16:47:25,18.0,purchase,W,unknown_device,False
2989526,acc_01034,2026-06-02 16:47:39,30.95,purchase,W,unknown_device,False
2989527,acc_01066,2026-06-02 16:47:55,51.357,purchase,C,unknown_device,False
2989528,acc_00239,2026-06-02 16:48:20,68.758,purchase,C,unknown_device,False
2989529,acc_01284,2026-06-02 01:05:09,87.0,purchase,W,unknown_device,False
2989530,acc_00143,2026-06-02 16:48:46,25.0,purchase,H,Nexus 6P Build/OPR5.170623.011,False
2989531,acc_00695,2026-06-02 16:48:54,226.0,purchase,W,unknown_device,False
2989532,acc_01074,2026-06-02 16:48:57,108.5,purchase,W,unknown_device,False
2989533,acc_00475,2026-06-02 16:49:20,58.95,purchase,W,unknown_device,False
2989534,acc_00045,2026-06-02 16:49:21,200.0,purchase,W,unknown_device,False
2989535,acc_00728,2026-06-02 16:49:25,226.0,purchase,W,unknown_device,False
2989536,acc_00066,2026-06-02 16:49:27,51.357,purchase,C,unknown_device,False
2989537,acc_01285,2026-06-02 16:49:36,200.0,purchase,W,unknown_device,False
2989538,acc_01248,2026-06-02 16:49:50,40.0,purchase,W,unknown_device,False
2989539,acc_00504,2026-06-02 16:49:59,134.95,purchase,W,unknown_device,False
2989540,acc_01286,2026-06-02 16:50:16,75.0,purchase,S,MacOS,False
2989541,acc_00456,2026-06-02 16:50:44,47.95,purchase,W,unknown_device,False
2989542,acc_01287,2026-06-02 16:51:02,200.0,purchase,W,unknown_device,False
2989543,acc_00063,2026-06-02 16:51:31,77.0,purchase,W,unknown_device,False
2989544,acc_00616,2026-06-02 16:51:35,632.0,purchase,W,unknown_device,True
2989545,acc_01288,2026-06-02 16:51:35,49.0,purchase,W,unknown_device,False
2989546,acc_01289,2026-06-02 16:51:47,120.0,purchase,W,unknown_device,False
2989547,acc_00657,2026-06-02 16:51:55,226.0,purchase,W,unknown_device,False
2989548,acc_00612,2026-06-02 16:52:02,59.0,purchase,W,unknown_device,False
2989549,acc_01290,2026-06-02 16:52:06,20.0,purchase,W,unknown_device,False
2989550,acc_01291,2026-06-02 16:52:08,82.95,purchase,W,unknown_device,False
2989551,acc_01292,2026-06-02 16:52:11,100.0,purchase,H,Trident/7.0,False
2989552,acc_01183,2026-06-02 16:52:12,15.0,purchase,S,rv:56.0,False
2989553,acc_00728,2026-06-02 16:52:18,65.0,purchase,W,unknown_device,False
2989554,acc_00800,2026-06-02 16:52:21,25.0,purchase,W,unknown_device,False
2989555,acc_01293,2026-06-02 01:06:03,16.555,purchase,C,unknown_device,False
2989556,acc_01294,2026-06-02 16:52:46,198.5,purchase,W,unknown_device,False
2989557,acc_01295,2026-06-02 16:53:02,100.0,purchase,W,unknown_device,False
2989558,acc_01296,2026-06-02 16:53:14,87.95,purchase,W,unknown_device,False
2989559,acc_00651,2026-06-02 16:53:15,226.0,purchase,W,unknown_device,False
2989560,acc_01297,2026-06-02 16:53:16,57.95,purchase,W,unknown_device,False
2989561,acc_00011,2026-06-02 16:53:37,14.622,purchase,C,unknown_device,False
2989562,acc_01298,2026-06-02 16:53:43,25.0,purchase,W,unknown_device,False
2989563,acc_00696,2026-06-02 16:53:44,25.95,purchase,W,unknown_device,False
2989564,acc_01299,2026-06-02 16:54:08,400.0,purchase,W,unknown_device,False
2989565,acc_00579,2026-06-02 16:54:27,72.95,purchase,W,unknown_device,False
2989566,acc_00827,2026-06-02 16:54:32,209.95,purchase,W,unknown_device,False
2989567,acc_00645,2026-06-02 16:54:34,59.0,purchase,W,unknown_device,False
2989568,acc_01248,2026-06-02 16:55:13,47.95,purchase,W,unknown_device,False
2989569,acc_01300,2026-06-02 16:55:48,49.0,purchase,W,unknown_device,True
2989570,acc_00456,2026-06-02 16:55:48,117.0,purchase,W,unknown_device,False
2989571,acc_00663,2026-06-02 16:56:07,92.95,purchase,W,unknown_device,False
2989572,acc_00624,2026-06-02 16:56:13,100.0,purchase,W,unknown_device,False
2989573,acc_01301,2026-06-02 16:56:30,107.95,purchase,W,unknown_device,False
2989574,acc_01302,2026-06-02 16:56:33,53.95,purchase,W,unknown_device,False
2989575,acc_00292,2026-06-02 16:56:45,47.95,purchase,W,unknown_device,False
2989576,acc_00188,2026-06-02 16:56:52,47.95,purchase,W,synthetic_device_ring_002,False
2989577,acc_00338,2026-06-02 16:56:52,55.0,purchase,W,unknown_device,False
2989578,acc_01303,2026-06-02 16:56:56,315.0,purchase,W,unknown_device,False
2989579,acc_01304,2026-06-02 16:57:00,49.0,purchase,W,unknown_device,False
2989580,acc_01305,2026-06-02 16:57:02,160.95,purchase,W,unknown_device,False
2989581,acc_00636,2026-06-02 16:57:19,53.97,purchase,W,unknown_device,False
2989582,acc_00663,2026-06-02 16:57:59,317.5,purchase,W,unknown_device,False
2989583,acc_01306,2026-06-02 16:58:14,20.0,purchase,W,unknown_device,False
2989584,acc_01307,2026-06-02 16:58:38,40.0,purchase,W,unknown_device,False
2989585,acc_00976,2026-06-02 16:58:40,60.0,purchase,W,unknown_device,False
2989586,acc_00701,2026-06-02 16:58:44,75.0,purchase,W,unknown_device,False
2989587,acc_01308,2026-06-02 16:58:46,175.0,purchase,W,unknown_device,False
2989588,acc_01309,2026-06-02 01:09:20,150.0,purchase,W,unknown_device,False
2989589,acc_00182,2026-06-02 16:58:51,100.0,purchase,H,Windows,False
2989590,acc_01310,2026-06-02 16:58:58,200.0,purchase,W,unknown_device,False
2989591,acc_00132,2026-06-02 16:59:10,50.0,purchase,W,unknown_device,False
2989592,acc_00810,2026-06-02 16:59:33,44.5,purchase,W,unknown_device,False
2989593,acc_01311,2026-06-02 16:59:41,54.5,purchase,W,unknown_device,False
2989594,acc_00633,2026-06-02 16:59:45,40.0,purchase,W,unknown_device,False
2989595,acc_01312,2026-06-02 16:59:47,150.0,purchase,W,unknown_device,False
2989596,acc_00875,2026-06-02 17:00:06,57.95,purchase,W,unknown_device,False
2989597,acc_00370,2026-06-02 17:00:12,30.0,purchase,W,unknown_device,False
2989598,acc_01313,2026-06-02 17:00:21,100.0,purchase,S,unknown_device,True
2989599,acc_01314,2026-06-02 17:00:26,311.95,purchase,W,unknown_device,False
2989600,acc_00875,2026-06-02 17:00:46,125.0,purchase,R,Windows,False
2989601,acc_00360,2026-06-02 17:00:50,50.0,purchase,H,iOS Device,False
2989602,acc_00045,2026-06-02 17:00:54,226.0,purchase,W,unknown_device,False
2989603,acc_01315,2026-06-02 17:01:01,150.0,purchase,H,MacOS,False
2989604,acc_00048,2026-06-02 17:01:08,13.534,purchase,C,Windows,False
2989605,acc_01288,2026-06-02 17:01:11,49.0,purchase,W,unknown_device,False
2989606,acc_01316,2026-06-02 17:01:13,30.0,purchase,W,unknown_device,False
2989607,acc_00571,2026-06-02 17:01:41,209.95,purchase,W,unknown_device,False
2989608,acc_00141,2026-06-02 17:01:42,10.0,purchase,W,unknown_device,False
2989609,acc_01317,2026-06-02 17:01:46,48.95,purchase,W,unknown_device,False
2989610,acc_00675,2026-06-02 17:01:49,43.0,purchase,W,unknown_device,False
2989611,acc_01318,2026-06-02 17:01:57,200.0,purchase,W,unknown_device,False
2989612,acc_00186,2026-06-02 17:02:00,124.95,purchase,W,unknown_device,False
2989613,acc_01319,2026-06-02 17:02:03,400.0,purchase,W,unknown_device,False
2989614,acc_01320,2026-06-02 17:02:27,120.0,purchase,W,unknown_device,False
2989615,acc_00750,2026-06-02 17:02:28,100.0,purchase,W,unknown_device,False
2989616,acc_00011,2026-06-02 17:02:31,10.936,purchase,C,unknown_device,False
2989617,acc_00384,2026-06-02 17:02:31,117.0,purchase,W,unknown_device,False
2989618,acc_01321,2026-06-02 17:03:40,100.0,purchase,H,Windows,False
2989619,acc_00843,2026-06-02 17:03:54,100.0,purchase,R,MacOS,False
2989620,acc_00292,2026-06-02 17:04:14,49.0,purchase,W,unknown_device,False
2989621,acc_01321,2026-06-02 17:04:19,100.0,purchase,H,Windows,False
2989622,acc_01322,2026-06-02 17:04:30,25.0,purchase,S,Windows,False
2989623,acc_01323,2026-06-02 17:04:38,47.95,purchase,W,unknown_device,False
2989624,acc_01324,2026-06-02 17:04:39,125.0,purchase,R,Trident/7.0,False
2989625,acc_01325,2026-06-02 17:04:52,386.95,purchase,W,unknown_device,False
2989626,acc_00422,2026-06-02 02:22:44,40.0,purchase,W,unknown_device,False
2989627,acc_01326,2026-06-02 02:33:44,54.5,purchase,W,unknown_device,False
2989628,acc_01327,2026-06-02 17:05:12,44.0,purchase,W,unknown_device,False
2989629,acc_01328,2026-06-02 17:05:36,335.0,purchase,W,unknown_device,False
2989630,acc_00239,2026-06-02 17:05:46,74.921,purchase,C,Windows,False
2989631,acc_01329,2026-06-02 17:06:03,92.95,purchase,W,unknown_device,False
2989632,acc_00640,2026-06-02 17:06:36,108.95,purchase,W,unknown_device,False
2989633,acc_01330,2026-06-02 17:06:40,10.0,purchase,W,unknown_device,False
2989634,acc_01331,2026-06-02 17:06:41,30.814,purchase,C,Windows,False
2989635,acc_01332,2026-06-02 17:06:47,30.029,purchase,C,unknown_device,True
2989636,acc_01333,2026-06-02 17:06:48,106.0,purchase,W,unknown_device,False
2989637,acc_01320,2026-06-02 17:06:58,130.5,purchase,W,unknown_device,False
2989638,acc_00093,2026-06-02 17:07:14,77.0,purchase,W,unknown_device,False
2989639,acc_01334,2026-06-02 06:31:19,43.97,purchase,W,unknown_device,False
2989640,acc_01307,2026-06-02 17:07:32,40.0,purchase,W,unknown_device,False
2989641,acc_01335,2026-06-02 17:07:37,159.95,purchase,W,unknown_device,False
2989642,acc_01336,2026-06-02 17:07:38,39.54,purchase,W,unknown_device,False
2989643,acc_01326,2026-06-02 03:00:44,29.0,purchase,W,unknown_device,False
2989644,acc_01074,2026-06-02 17:07:43,117.0,purchase,W,unknown_device,False
2989645,acc_01337,2026-06-02 17:07:47,20.0,purchase,W,unknown_device,False
2989646,acc_00045,2026-06-02 17:07:56,39.0,purchase,W,unknown_device,False
2989647,acc_01338,2026-06-02 17:08:01,1128.06,purchase,W,unknown_device,False
2989648,acc_01339,2026-06-02 17:08:12,209.95,purchase,W,synthetic_device_ring_002,False
2989649,acc_01340,2026-06-02 17:08:21,171.0,purchase,W,unknown_device,False
2989650,acc_01093,2026-06-02 17:08:32,100.0,purchase,W,unknown_device,False
2989651,acc_00638,2026-06-02 17:08:36,300.0,purchase,W,unknown_device,False
2989652,acc_00827,2026-06-02 17:08:40,125.0,purchase,W,unknown_device,False
2989653,acc_00154,2026-06-02 17:08:47,14.501,purchase,C,Windows,False
2989654,acc_01341,2026-06-02 17:09:30,60.0,purchase,W,unknown_device,False
2989655,acc_01342,2026-06-02 17:09:33,47.95,purchase,W,unknown_device,False
2989656,acc_00073,2026-06-02 17:10:09,124.97,purchase,W,unknown_device,False
2989657,acc_00385,2026-06-02 17:10:30,49.0,purchase,W,unknown_device,False
2989658,acc_00952,2026-06-02 17:10:54,2590.5,purchase,W,unknown_device,False
2989659,acc_01343,2026-06-02 17:11:02,75.0,purchase,W,unknown_device,False
2989660,acc_00571,2026-06-02 17:11:18,50.0,purchase,H,Trident/7.0,False
2989661,acc_01307,2026-06-02 17:11:21,49.0,purchase,W,unknown_device,False
2989662,acc_01344,2026-06-02 05:57:09,300.0,purchase,W,unknown_device,False
2989663,acc_00370,2026-06-02 17:11:35,39.0,purchase,W,unknown_device,False
2989664,acc_01345,2026-06-02 17:11:48,160.95,purchase,W,unknown_device,False
2989665,acc_00052,2026-06-02 17:12:25,44.0,purchase,W,unknown_device,False
2989666,acc_01346,2026-06-02 17:12:30,75.0,purchase,H,Windows,False
2989667,acc_01347,2026-06-02 17:12:30,150.0,purchase,W,unknown_device,False
2989668,acc_00625,2026-06-02 17:12:34,100.0,purchase,W,unknown_device,False
2989669,acc_00422,2026-06-02 03:27:44,49.0,purchase,W,unknown_device,False
2989670,acc_00173,2026-06-02 17:12:53,150.0,purchase,W,unknown_device,False
2989671,acc_01348,2026-06-02 17:12:57,213.0,purchase,W,unknown_device,False
2989672,acc_01349,2026-06-02 17:12:58,100.0,purchase,W,unknown_device,False
2989673,acc_00603,2026-06-02 17:13:05,77.95,purchase,W,unknown_device,False
2989674,acc_01342,2026-06-02 17:13:12,57.95,purchase,W,unknown_device,False
2989675,acc_00810,2026-06-02 17:13:13,92.95,purchase,W,unknown_device,False
2989676,acc_00045,2026-06-02 17:13:21,59.0,purchase,W,unknown_device,False
2989677,acc_00215,2026-06-02 17:13:25,311.95,purchase,W,unknown_device,False
2989678,acc_00919,2026-06-02 17:13:26,47.0,purchase,W,unknown_device,False
2989679,acc_00344,2026-06-02 17:13:37,209.95,purchase,W,unknown_device,False
2989680,acc_00572,2026-06-02 17:14:04,200.0,purchase,W,unknown_device,False
2989681,acc_01350,2026-06-02 17:14:12,190.0,purchase,W,unknown_device,False
2989682,acc_00934,2026-06-02 17:14:25,25.0,purchase,H,synthetic_device_ring_002,False
2989683,acc_00328,2026-06-02 17:14:33,42.95,purchase,W,unknown_device,False
2989684,acc_00063,2026-06-02 17:14:33,108.95,purchase,W,unknown_device,False
2989685,acc_00110,2026-06-02 17:14:36,40.0,purchase,W,unknown_device,False
2989686,acc_00183,2026-06-02 17:14:38,47.95,purchase,W,unknown_device,False
2989687,acc_00568,2026-06-02 17:14:58,58.95,purchase,W,synthetic_device_ring_001,False
2989688,acc_00611,2026-06-02 17:15:00,39.0,purchase,W,unknown_device,False
2989689,acc_00652,2026-06-02 17:15:01,159.95,purchase,W,unknown_device,False
2989690,acc_01351,2026-06-02 17:15:08,20.0,purchase,W,unknown_device,False
2989691,acc_00182,2026-06-02 17:15:20,100.0,purchase,W,unknown_device,False
2989692,acc_00614,2026-06-02 17:15:22,117.0,purchase,W,unknown_device,False
2989693,acc_01258,2026-06-02 17:15:32,10.0,purchase,W,unknown_device,False
2989694,acc_01352,2026-06-02 17:15:37,226.0,purchase,W,unknown_device,False
2989695,acc_00037,2026-06-02 17:15:37,200.0,purchase,W,unknown_device,False
2989696,acc_00212,2026-06-02 17:15:37,160.5,purchase,W,unknown_device,False
2989697,acc_01353,2026-06-02 17:16:07,117.47,purchase,W,unknown_device,False
2989698,acc_01354,2026-06-02 17:16:14,80.0,purchase,W,unknown_device,False
2989699,acc_01355,2026-06-02 17:16:46,40.0,purchase,W,unknown_device,False
2989700,acc_00007,2026-06-02 17:16:49,29.5,purchase,W,unknown_device,False
2989701,acc_01356,2026-06-02 17:16:53,59.0,purchase,W,unknown_device,False
2989702,acc_01357,2026-06-02 17:17:12,214.0,purchase,W,unknown_device,False
2989703,acc_01358,2026-06-02 17:17:17,100.0,purchase,R,MacOS,False
2989704,acc_00684,2026-06-02 17:17:35,87.95,purchase,W,unknown_device,False
2989705,acc_01167,2026-06-02 17:17:58,30.95,purchase,W,unknown_device,False
2989706,acc_01359,2026-06-02 17:18:07,554.0,purchase,W,unknown_device,False
2989707,acc_01360,2026-06-02 17:18:20,57.95,purchase,W,unknown_device,False
2989708,acc_01361,2026-06-02 17:18:22,209.95,purchase,W,unknown_device,False
2989709,acc_01362,2026-06-02 17:18:36,97.0,purchase,W,unknown_device,False
2989710,acc_00627,2026-06-02 17:18:49,100.0,purchase,W,unknown_device,False
2989711,acc_01363,2026-06-02 17:18:56,49.0,purchase,W,unknown_device,False
2989712,acc_01364,2026-06-02 17:18:57,210.95,purchase,W,unknown_device,False
2989713,acc_01365,2026-06-02 17:18:59,150.0,purchase,W,unknown_device,False
2989714,acc_00216,2026-06-02 17:19:01,45.0,purchase,W,unknown_device,False
2989715,acc_00063,2026-06-02 17:19:11,75.0,purchase,W,unknown_device,False
2989716,acc_00612,2026-06-02 17:19:17,97.0,purchase,W,unknown_device,False
2989717,acc_00685,2026-06-02 17:19:31,360.0,purchase,W,unknown_device,False
2989718,acc_01366,2026-06-02 17:19:42,44.0,purchase,W,unknown_device,False
2989719,acc_00048,2026-06-02 17:19:48,32.325,purchase,C,unknown_device,False
2989720,acc_00193,2026-06-02 17:19:57,100.0,purchase,W,unknown_device,False
2989721,acc_01367,2026-06-02 17:20:20,213.0,purchase,W,unknown_device,False
2989722,acc_01368,2026-06-02 17:20:20,226.0,purchase,W,unknown_device,False
2989723,acc_01304,2026-06-02 17:20:27,49.0,purchase,W,unknown_device,False
2989724,acc_00063,2026-06-02 17:20:35,100.0,purchase,W,unknown_device,False
2989725,acc_01369,2026-06-02 17:20:40,134.95,purchase,W,unknown_device,False
2989726,acc_00614,2026-06-02 17:20:53,59.0,purchase,W,unknown_device,False
2989727,acc_00395,2026-06-02 17:21:00,226.0,purchase,W,unknown_device,False
2989728,acc_01370,2026-06-02 17:21:18,25.0,purchase,H,Windows,False
2989729,acc_01007,2026-06-02 17:21:31,24.5,purchase,W,unknown_device,False
2989730,acc_01371,2026-06-02 17:21:40,63.441,purchase,C,Windows,False
2989731,acc_00377,2026-06-02 17:21:45,159.95,purchase,W,unknown_device,False
2989732,acc_01372,2026-06-02 17:21:47,50.0,purchase,W,unknown_device,False
2989733,acc_01365,2026-06-02 17:22:15,171.0,purchase,W,unknown_device,False
2989734,acc_01373,2026-06-02 17:22:23,50.0,purchase,S,Windows,False
2989735,acc_01374,2026-06-02 17:22:35,155.95,purchase,W,unknown_device,False
2989736,acc_01375,2026-06-02 17:22:42,335.0,purchase,W,unknown_device,False
2989737,acc_00952,2026-06-02 17:23:02,664.0,purchase,W,unknown_device,False
2989738,acc_01376,2026-06-02 17:23:02,250.0,purchase,R,MacOS,False
2989739,acc_00193,2026-06-02 17:23:14,117.0,purchase,W,unknown_device,False
2989740,acc_00007,2026-06-02 17:23:32,15.0,purchase,H,iOS Device,False
2989741,acc_01377,2026-06-02 17:23:45,59.816,purchase,C,unknown_device,False
2989742,acc_01378,2026-06-02 17:24:05,612.05,purchase,W,unknown_device,False
2989743,acc_01073,2026-06-02 17:24:09,50.0,purchase,H,Trident/7.0,False
2989744,acc_01379,2026-06-02 17:24:19,311.95,purchase,W,unknown_device,False
2989745,acc_00007,2026-06-02 17:24:40,117.0,purchase,W,unknown_device,False
2989746,acc_01380,2026-06-02 17:24:43,57.95,purchase,W,unknown_device,False
2989747,acc_00831,2026-06-02 17:24:50,59.0,purchase,W,unknown_device,False
2989748,acc_01381,2026-06-02 17:25:07,30.0,purchase,W,unknown_device,False
2989749,acc_01382,2026-06-02 17:25:09,34.5,purchase,W,unknown_device,False
2989750,acc_00154,2026-06-02 17:25:11,35.648,purchase,C,SGP521,False
2989751,acc_01383,2026-06-02 17:25:12,49.0,purchase,W,unknown_device,False
2989752,acc_01369,2026-06-02 17:25:19,159.95,purchase,W,unknown_device,False
2989753,acc_00154,2026-06-02 17:25:31,22.537,purchase,C,unknown_device,False
2989754,acc_01051,2026-06-02 17:26:08,750.0,purchase,W,unknown_device,False
2989755,acc_00210,2026-06-02 17:26:22,42.596,purchase,C,unknown_device,False
2989756,acc_00013,2026-06-02 17:26:33,100.0,purchase,W,unknown_device,False
2989757,acc_00048,2026-06-02 17:26:40,13.655,purchase,C,Windows,False
2989758,acc_01384,2026-06-02 17:26:46,125.0,purchase,H,VS988 Build/NRD90U,False
2989759,acc_00314,2026-06-02 17:26:57,3.5,purchase,W,unknown_device,False
2989760,acc_01385,2026-06-02 17:27:04,30.95,purchase,W,unknown_device,False
2989761,acc_00093,2026-06-02 17:27:12,160.5,purchase,W,unknown_device,False
2989762,acc_00495,2026-06-02 17:27:18,100.0,purchase,W,unknown_device,False
2989763,acc_01386,2026-06-02 17:27:26,100.0,purchase,S,Windows,False
2989764,acc_01387,2026-06-02 17:27:27,49.0,purchase,W,unknown_device,False
2989765,acc_00889,2026-06-02 17:28:01,59.0,purchase,W,unknown_device,False
2989766,acc_00615,2026-06-02 17:28:04,25.0,purchase,W,unknown_device,False
2989767,acc_01388,2026-06-02 17:28:06,100.0,purchase,W,unknown_device,False
2989768,acc_01389,2026-06-02 17:28:18,29.0,purchase,W,unknown_device,False
2989769,acc_00151,2026-06-02 17:28:26,12.688,purchase,C,Windows,False
2989770,acc_00186,2026-06-02 17:28:32,107.95,purchase,W,unknown_device,False
2989771,acc_00355,2026-06-02 17:28:34,150.0,purchase,W,unknown_device,False
2989772,acc_01390,2026-06-02 17:28:34,59.0,purchase,W,unknown_device,False
2989773,acc_00864,2026-06-02 17:28:35,171.0,purchase,W,unknown_device,False
2989774,acc_00611,2026-06-02 17:28:53,39.0,purchase,W,unknown_device,False
2989775,acc_00319,2026-06-02 17:29:19,225.0,purchase,W,unknown_device,False
2989776,acc_00618,2026-06-02 17:29:31,97.0,purchase,W,unknown_device,False
2989777,acc_00833,2026-06-02 17:29:44,15.0,purchase,W,unknown_device,False
2989778,acc_00417,2026-06-02 17:30:01,100.0,purchase,W,synthetic_device_ring_001,False
2989779,acc_00622,2026-06-02 06:31:31,77.0,purchase,W,unknown_device,False
2989780,acc_00136,2026-06-02 06:38:09,50.0,purchase,H,iOS Device,False
2989781,acc_00183,2026-06-02 17:30:57,159.95,purchase,W,unknown_device,False
2989782,acc_01391,2026-06-02 17:31:05,77.95,purchase,W,unknown_device,False
2989783,acc_01392,2026-06-02 17:31:11,100.0,purchase,R,rv:11.0,False
2989784,acc_00046,2026-06-02 17:31:11,59.0,purchase,W,unknown_device,False
2989785,acc_00623,2026-06-02 17:31:19,87.0,purchase,W,unknown_device,False
2989786,acc_01393,2026-06-02 17:31:20,150.0,purchase,R,Trident/7.0,False
2989787,acc_01377,2026-06-02 17:31:20,59.816,purchase,C,unknown_device,False
2989788,acc_00154,2026-06-02 17:31:54,13.292,purchase,C,SM-G531H Build/LMY48B,False
2989789,acc_00617,2026-06-02 17:32:02,39.0,purchase,W,unknown_device,False
2989790,acc_00686,2026-06-02 17:32:08,85.0,purchase,W,unknown_device,False
2989791,acc_00280,2026-06-02 17:32:09,47.95,purchase,W,unknown_device,False
2989792,acc_00296,2026-06-02 17:32:49,107.95,purchase,W,unknown_device,False
2989793,acc_00077,2026-06-02 17:32:50,49.0,purchase,W,unknown_device,False
2989794,acc_01394,2026-06-02 17:32:50,24.0,purchase,W,unknown_device,False
2989795,acc_01395,2026-06-02 17:32:55,100.0,purchase,H,Windows,False
2989796,acc_00684,2026-06-02 17:33:02,39.0,purchase,W,unknown_device,False
2989797,acc_01396,2026-06-02 17:33:13,49.0,purchase,W,unknown_device,False
2989798,acc_00657,2026-06-02 17:33:14,117.0,purchase,W,unknown_device,False
2989799,acc_00186,2026-06-02 17:33:18,470.0,purchase,W,unknown_device,False
2989800,acc_00727,2026-06-02 17:33:21,400.0,purchase,W,unknown_device,False
2989801,acc_00616,2026-06-02 17:33:27,222.0,purchase,W,unknown_device,False
2989802,acc_01397,2026-06-02 17:34:20,59.0,purchase,W,unknown_device,False
2989803,acc_01398,2026-06-02 17:34:20,300.0,purchase,W,unknown_device,False
2989804,acc_01399,2026-06-02 17:34:22,50.0,purchase,H,Windows,False
2989805,acc_01400,2026-06-02 17:34:27,75.0,purchase,S,Trident/7.0,False
2989806,acc_00154,2026-06-02 17:34:56,131.232,purchase,C,unknown_device,False
2989807,acc_00185,2026-06-02 17:35:05,200.0,purchase,R,iOS Device,False
2989808,acc_00003,2026-06-02 17:35:15,107.95,purchase,W,unknown_device,False
2989809,acc_00394,2026-06-02 17:35:22,80.0,purchase,W,unknown_device,False
2989810,acc_00636,2026-06-02 17:35:24,50.0,purchase,W,unknown_device,False
2989811,acc_00212,2026-06-02 17:35:28,90.0,purchase,W,unknown_device,False
2989812,acc_01401,2026-06-02 17:35:33,1182.47,purchase,W,synthetic_device_ring_001,False
2989813,acc_01377,2026-06-02 17:35:40,23.926,purchase,C,unknown_device,False
2989814,acc_01402,2026-06-02 17:35:41,13.172,purchase,C,unknown_device,False
2989815,acc_01403,2026-06-02 17:35:49,92.0,purchase,W,unknown_device,False
2989816,acc_01404,2026-06-02 17:35:49,236.95,purchase,W,unknown_device,False
2989817,acc_00728,2026-06-02 17:35:55,75.0,purchase,W,unknown_device,False
2989818,acc_01405,2026-06-02 17:35:59,59.0,purchase,W,unknown_device,False
2989819,acc_01406,2026-06-02 17:36:13,353.47,purchase,W,unknown_device,False
2989820,acc_01407,2026-06-02 17:36:15,50.0,purchase,H,Trident/7.0,False
2989821,acc_00636,2026-06-02 17:36:22,169.0,purchase,W,unknown_device,False
2989822,acc_00174,2026-06-02 17:37:00,35.0,purchase,W,unknown_device,False
2989823,acc_01377,2026-06-02 17:37:06,23.926,purchase,C,unknown_device,False
2989824,acc_01398,2026-06-02 17:38:04,335.0,purchase,W,unknown_device,False
2989825,acc_01408,2026-06-02 17:38:13,159.95,purchase,W,unknown_device,False
2989826,acc_01409,2026-06-02 17:38:24,400.0,purchase,W,unknown_device,False
2989827,acc_00046,2026-06-02 17:38:38,100.0,purchase,H,Windows,False
2989828,acc_01410,2026-06-02 17:38:59,107.95,purchase,W,unknown_device,False
2989829,acc_00093,2026-06-02 17:39:04,65.0,purchase,W,unknown_device,True
2989830,acc_00003,2026-06-02 17:39:28,103.97,purchase,W,unknown_device,False
2989831,acc_00652,2026-06-02 17:39:30,179.95,purchase,W,unknown_device,False
2989832,acc_01411,2026-06-02 17:39:33,214.95,purchase,W,unknown_device,False
2989833,acc_00683,2026-06-02 17:39:37,100.0,purchase,W,unknown_device,False
2989834,acc_00652,2026-06-02 17:40:00,54.0,purchase,W,unknown_device,False
2989835,acc_00131,2026-06-02 17:40:09,40.0,purchase,H,MacOS,False
2989836,acc_00636,2026-06-02 17:40:20,59.0,purchase,W,unknown_device,False
2989837,acc_00250,2026-06-02 17:40:22,107.95,purchase,W,unknown_device,False
2989838,acc_01412,2026-06-02 17:40:32,97.0,purchase,W,unknown_device,False
2989839,acc_01413,2026-06-02 17:41:00,50.0,purchase,W,unknown_device,False
2989840,acc_00389,2026-06-02 17:41:21,15.226,purchase,C,Moto C Build/NRD90M.063,False
2989841,acc_01414,2026-06-02 17:41:29,300.0,purchase,W,unknown_device,False
2989842,acc_00627,2026-06-02 17:41:31,59.0,purchase,W,unknown_device,False
2989843,acc_01122,2026-06-02 17:41:43,30.0,purchase,W,unknown_device,False
2989844,acc_01415,2026-06-02 17:41:44,261.95,purchase,W,unknown_device,False
2989845,acc_01021,2026-06-02 17:41:46,44.5,purchase,W,unknown_device,False
2989846,acc_01416,2026-06-02 17:42:05,800.0,purchase,W,unknown_device,False
2989847,acc_01417,2026-06-02 17:42:05,108.5,purchase,W,unknown_device,False
2989848,acc_01418,2026-06-02 17:42:20,100.0,purchase,H,MacOS,False
2989849,acc_00618,2026-06-02 17:43:04,35.95,purchase,W,unknown_device,False
2989850,acc_00918,2026-06-02 06:32:47,40.0,purchase,H,MacOS,False
2989851,acc_01419,2026-06-02 17:43:13,49.5,purchase,W,unknown_device,False
2989852,acc_00389,2026-06-02 17:43:27,35.648,purchase,C,LG-K410 Build/LRX22G,False
2989853,acc_01420,2026-06-02 17:43:41,117.0,purchase,W,unknown_device,False
2989854,acc_01421,2026-06-02 17:43:42,150.0,purchase,W,unknown_device,False
2989855,acc_01422,2026-06-02 17:43:43,50.0,purchase,H,Trident/7.0,False
2989856,acc_00862,2026-06-02 17:43:43,1234.95,purchase,W,unknown_device,False
2989857,acc_00166,2026-06-02 17:43:43,100.0,purchase,H,Windows,False
2989858,acc_01423,2026-06-02 17:43:47,226.0,purchase,W,unknown_device,False
2989859,acc_01424,2026-06-02 17:44:01,57.95,purchase,W,unknown_device,False
2989860,acc_01425,2026-06-02 17:44:03,141.0,purchase,W,unknown_device,False
2989861,acc_01426,2026-06-02 04:10:44,75.0,purchase,H,Trident/7.0,False
2989862,acc_01427,2026-06-02 17:44:14,15.95,purchase,W,unknown_device,False
2989863,acc_01428,2026-06-02 17:44:25,394.43,purchase,W,unknown_device,False
2989864,acc_00282,2026-06-02 17:44:36,43.0,purchase,W,unknown_device,False
2989865,acc_00131,2026-06-02 17:44:42,39.0,purchase,W,unknown_device,False
2989866,acc_00663,2026-06-02 17:45:03,335.0,purchase,W,unknown_device,False
2989867,acc_01429,2026-06-02 17:45:07,204.95,purchase,W,unknown_device,False
2989868,acc_01430,2026-06-02 17:45:23,450.0,purchase,W,unknown_device,False
2989869,acc_01431,2026-06-02 17:45:29,230.0,purchase,W,unknown_device,False
2989870,acc_00862,2026-06-02 17:45:44,100.0,purchase,H,Windows,False
2989871,acc_01432,2026-06-02 17:45:46,49.0,purchase,W,unknown_device,False
2989872,acc_01433,2026-06-02 17:46:12,100.0,purchase,H,Windows,False
2989873,acc_01209,2026-06-02 17:46:15,662.0,purchase,W,unknown_device,False
2989874,acc_01434,2026-06-02 17:46:29,15.0,purchase,W,unknown_device,False
2989875,acc_00343,2026-06-02 17:46:34,60.0,purchase,W,unknown_device,False
2989876,acc_01391,2026-06-02 17:46:35,77.95,purchase,W,unknown_device,False
2989877,acc_01435,2026-06-02 17:46:38,82.95,purchase,W,unknown_device,False
2989878,acc_00527,2026-06-02 17:46:57,261.95,purchase,W,unknown_device,False
2989879,acc_00894,2026-06-02 17:47:04,44.5,purchase,W,unknown_device,False
2989880,acc_01436,2026-06-02 17:47:14,150.0,purchase,H,MacOS,False
2989881,acc_00862,2026-06-02 17:47:22,100.0,purchase,H,Windows,False
2989882,acc_00648,2026-06-02 17:47:22,59.0,purchase,W,unknown_device,False
2989883,acc_01437,2026-06-02 17:47:27,103.97,purchase,W,unknown_device,False
2989884,acc_01438,2026-06-02 17:47:41,275.0,purchase,R,iOS Device,False
2989885,acc_01354,2026-06-02 17:47:51,80.0,purchase,W,unknown_device,False
2989886,acc_00684,2026-06-02 17:47:59,39.0,purchase,W,unknown_device,False
2989887,acc_00317,2026-06-02 17:48:06,90.268,purchase,C,Windows,False
2989888,acc_01439,2026-06-02 17:48:29,150.0,purchase,R,Trident/7.0,False
2989889,acc_00932,2026-06-02 17:48:34,100.0,purchase,W,unknown_device,False
2989890,acc_01440,2026-06-02 17:48:41,425.0,purchase,W,unknown_device,False
2989891,acc_00186,2026-06-02 17:48:46,87.95,purchase,W,unknown_device,False
2989892,acc_01332,2026-06-02 17:48:52,103.802,purchase,C,unknown_device,False
2989893,acc_01441,2026-06-02 17:48:56,40.0,purchase,W,unknown_device,False
2989894,acc_00614,2026-06-02 17:49:12,100.0,purchase,W,unknown_device,False
2989895,acc_00170,2026-06-02 17:49:17,100.0,purchase,R,Trident/7.0,False
2989896,acc_00282,2026-06-02 17:49:24,57.95,purchase,W,unknown_device,False
2989897,acc_01442,2026-06-02 17:49:24,335.0,purchase,W,unknown_device,False
2989898,acc_01443,2026-06-02 17:49:29,50.0,purchase,W,unknown_device,False
2989899,acc_00343,2026-06-02 17:50:07,77.0,purchase,W,unknown_device,False
2989900,acc_01388,2026-06-02 17:50:21,100.0,purchase,W,unknown_device,False
2989901,acc_00060,2026-06-02 17:50:21,193.0,purchase,W,unknown_device,False
2989902,acc_00684,2026-06-02 17:50:27,39.0,purchase,W,unknown_device,False
2989903,acc_00701,2026-06-02 17:50:37,78.95,purchase,W,unknown_device,False
2989904,acc_00474,2026-06-02 17:50:43,90.268,purchase,C,Windows,False
2989905,acc_00612,2026-06-02 17:50:53,50.0,purchase,W,unknown_device,False
2989906,acc_00621,2026-06-02 17:51:03,49.0,purchase,W,unknown_device,False
2989907,acc_01444,2026-06-02 17:51:11,92.0,purchase,W,unknown_device,False
2989908,acc_01445,2026-06-02 17:51:45,311.95,purchase,W,unknown_device,False
2989909,acc_01446,2026-06-02 17:51:48,59.0,purchase,W,unknown_device,False
2989910,acc_00994,2026-06-02 17:51:49,56.5,purchase,W,unknown_device,False
2989911,acc_01295,2026-06-02 17:51:56,50.0,purchase,W,unknown_device,False
2989912,acc_00615,2026-06-02 17:52:01,59.0,purchase,W,unknown_device,False
2989913,acc_00337,2026-06-02 17:52:07,75.0,purchase,W,unknown_device,False
2989914,acc_00980,2026-06-02 17:52:10,50.0,purchase,W,unknown_device,False
2989915,acc_01447,2026-06-02 17:52:17,250.0,purchase,W,unknown_device,False
2989916,acc_00110,2026-06-02 17:52:19,100.0,purchase,H,Windows,False
2989917,acc_01448,2026-06-02 06:33:49,25.0,purchase,H,Trident/7.0,False
2989918,acc_00363,2026-06-02 17:52:36,150.5,purchase,W,unknown_device,False
2989919,acc_01449,2026-06-02 17:52:36,511.95,purchase,W,unknown_device,False
2989920,acc_00003,2026-06-02 17:52:38,103.97,purchase,W,unknown_device,False
2989921,acc_01450,2026-06-02 17:52:40,92.0,purchase,W,unknown_device,False
2989922,acc_01451,2026-06-02 17:52:51,65.0,purchase,W,unknown_device,False
2989923,acc_01452,2026-06-02 17:52:56,100.0,purchase,H,MacOS,False
2989924,acc_01391,2026-06-02 17:53:02,77.95,purchase,W,unknown_device,False
2989925,acc_01122,2026-06-02 17:53:04,39.0,purchase,W,unknown_device,False
2989926,acc_00036,2026-06-02 17:53:16,51.5,purchase,W,unknown_device,False
2989927,acc_01453,2026-06-02 17:53:27,317.5,purchase,W,unknown_device,False
2989928,acc_01454,2026-06-02 17:53:47,60.0,purchase,W,unknown_device,False
2989929,acc_00765,2026-06-02 17:53:50,250.0,purchase,W,unknown_device,False
2989930,acc_01441,2026-06-02 17:54:02,47.95,purchase,W,unknown_device,False
2989931,acc_01455,2026-06-02 17:54:05,30.95,purchase,W,unknown_device,False
2989932,acc_00531,2026-06-02 17:54:27,300.0,purchase,W,unknown_device,False
2989933,acc_01456,2026-06-02 17:54:34,77.0,purchase,W,unknown_device,False
2989934,acc_00212,2026-06-02 17:54:35,422.5,purchase,W,unknown_device,False
2989935,acc_01457,2026-06-02 17:54:36,100.0,purchase,H,Windows,False
2989936,acc_01458,2026-06-02 17:54:48,335.0,purchase,W,unknown_device,False
2989937,acc_01459,2026-06-02 17:54:52,200.0,purchase,W,unknown_device,False
2989938,acc_00648,2026-06-02 17:54:53,112.0,purchase,W,unknown_device,False
2989939,acc_00218,2026-06-02 17:54:56,50.0,purchase,W,unknown_device,False
2989940,acc_01460,2026-06-02 17:55:07,335.0,purchase,W,unknown_device,True
2989941,acc_01034,2026-06-02 17:55:10,33.95,purchase,W,unknown_device,False
2989942,acc_00052,2026-06-02 17:55:21,39.0,purchase,W,unknown_device,False
2989943,acc_01461,2026-06-02 17:55:23,50.0,purchase,W,unknown_device,False
2989944,acc_00186,2026-06-02 17:55:30,41.45,purchase,W,unknown_device,False
2989945,acc_01462,2026-06-02 17:55:30,25.0,purchase,H,iOS Device,False
2989946,acc_01463,2026-06-02 17:55:42,209.95,purchase,W,unknown_device,False
2989947,acc_01464,2026-06-02 17:55:46,171.0,purchase,W,unknown_device,False
2989948,acc_00622,2026-06-02 06:33:53,60.0,purchase,W,unknown_device,False
2989949,acc_00046,2026-06-02 17:56:22,50.0,purchase,H,Windows,False
2989950,acc_00136,2026-06-02 06:55:09,200.0,purchase,W,unknown_device,False
2989951,acc_00214,2026-06-02 17:56:25,100.0,purchase,W,unknown_device,False
2989952,acc_01465,2026-06-02 17:56:29,582.99,purchase,W,unknown_device,False
2989953,acc_00069,2026-06-02 17:56:48,43.261,purchase,C,SM-G935F Build/MMB29K,False
2989954,acc_01466,2026-06-02 17:56:50,524.95,purchase,W,unknown_device,False
2989955,acc_01303,2026-06-02 17:57:14,315.0,purchase,W,unknown_device,False
2989956,acc_00212,2026-06-02 17:57:56,422.5,purchase,W,unknown_device,False
2989957,acc_01467,2026-06-02 17:58:02,100.0,purchase,W,unknown_device,False
2989958,acc_01468,2026-06-02 17:58:10,330.99,purchase,W,unknown_device,False
2989959,acc_00009,2026-06-02 17:58:14,36.95,purchase,W,unknown_device,False
2989960,acc_01469,2026-06-02 17:58:16,100.0,purchase,W,unknown_device,False
2989961,acc_01470,2026-06-02 17:58:20,411.95,purchase,W,unknown_device,False
2989962,acc_01471,2026-06-02 17:58:22,75.0,purchase,H,Windows,False
2989963,acc_00636,2026-06-02 17:58:34,884.0,purchase,W,unknown_device,False
2989964,acc_00113,2026-06-02 17:58:41,50.0,purchase,H,iOS Device,False
2989965,acc_00628,2026-06-02 17:58:43,100.0,purchase,W,unknown_device,False
2989966,acc_01472,2026-06-02 17:58:55,30.95,purchase,W,unknown_device,False
2989967,acc_01473,2026-06-02 17:58:56,25.0,purchase,W,unknown_device,False
2989968,acc_00164,2026-06-02 17:59:11,30.089,purchase,C,unknown_device,False
2989969,acc_00097,2026-06-02 17:59:14,335.0,purchase,W,unknown_device,True
2989970,acc_00430,2026-06-02 17:59:15,49.0,purchase,W,unknown_device,False
2989971,acc_01471,2026-06-02 17:59:16,75.0,purchase,H,Windows,False
2989972,acc_01474,2026-06-02 17:59:21,67.95,purchase,W,unknown_device,False
2989973,acc_01475,2026-06-02 17:59:33,54.0,purchase,W,unknown_device,False
2989974,acc_01476,2026-06-02 17:59:39,59.0,purchase,W,unknown_device,False
2989975,acc_00684,2026-06-02 17:59:41,500.0,purchase,W,unknown_device,False
2989976,acc_00657,2026-06-02 17:59:56,60.0,purchase,W,unknown_device,False
2989977,acc_01477,2026-06-02 17:59:58,97.0,purchase,W,unknown_device,False
2989978,acc_00615,2026-06-02 18:00:10,75.0,purchase,W,unknown_device,False
2989979,acc_00385,2026-06-02 18:00:11,35.95,purchase,W,unknown_device,False
2989980,acc_00045,2026-06-02 18:00:18,221.99,purchase,W,unknown_device,False
2989981,acc_00046,2026-06-02 18:00:37,50.0,purchase,H,Windows,False
2989982,acc_00631,2026-06-02 18:00:44,15.709,purchase,C,unknown_device,False
2989983,acc_01465,2026-06-02 18:01:08,582.99,purchase,W,unknown_device,False
2989984,acc_00328,2026-06-02 18:01:29,25.95,purchase,W,unknown_device,False
2989985,acc_00218,2026-06-02 18:01:32,102.0,purchase,W,unknown_device,False
2989986,acc_01459,2026-06-02 18:01:38,213.0,purchase,W,unknown_device,False
2989987,acc_01478,2026-06-02 18:01:42,500.0,purchase,W,unknown_device,False
2989988,acc_01423,2026-06-02 18:01:54,107.0,purchase,W,unknown_device,False
2989989,acc_01336,2026-06-02 18:01:57,40.5,purchase,W,unknown_device,False
2989990,acc_00388,2026-06-02 18:02:01,250.0,purchase,W,unknown_device,False
2989991,acc_01479,2026-06-02 18:02:02,75.0,purchase,H,Windows,False
2989992,acc_00594,2026-06-02 18:02:06,159.95,purchase,W,unknown_device,False
2989993,acc_01480,2026-06-02 18:02:24,335.0,purchase,W,unknown_device,False
2989994,acc_01481,2026-06-02 18:03:06,664.0,purchase,W,unknown_device,False
2989995,acc_01135,2026-06-02 18:03:22,300.0,purchase,W,unknown_device,False
2989996,acc_01482,2026-06-02 18:03:40,35.95,purchase,W,unknown_device,False
2989997,acc_01483,2026-06-02 18:03:42,117.0,purchase,W,unknown_device,False
2989998,acc_00663,2026-06-02 18:03:51,29.0,purchase,W,unknown_device,False
2989999,acc_01484,2026-06-02 18:04:07,209.95,purchase,W,unknown_device,False
